supplier,sku,date,qty,document,client_id,warehouse
IEK,DEMO-001,2024-01-01,15.0,SYN-DEMO-001-0,anon-00,Демо-склад
IEK,DEMO-001,2024-01-02,16.0,SYN-DEMO-001-1,anon-01,Демо-склад
IEK,DEMO-001,2024-01-03,7.0,SYN-DEMO-001-2,anon-02,Демо-склад
IEK,DEMO-001,2024-01-04,11.0,SYN-DEMO-001-3,anon-03,Демо-склад
IEK,DEMO-001,2024-01-05,13.0,SYN-DEMO-001-4,anon-04,Демо-склад
IEK,DEMO-001,2024-01-06,11.0,SYN-DEMO-001-5,anon-05,Демо-склад
IEK,DEMO-001,2024-01-07,13.0,SYN-DEMO-001-6,anon-06,Демо-склад
IEK,DEMO-001,2024-01-08,16.0,SYN-DEMO-001-7,anon-07,Демо-склад
IEK,DEMO-001,2024-01-09,15.0,SYN-DEMO-001-8,anon-08,Демо-склад
IEK,DEMO-001,2024-01-10,15.0,SYN-DEMO-001-9,anon-09,Демо-склад
IEK,DEMO-001,2024-01-11,12.0,SYN-DEMO-001-10,anon-10,Демо-склад
IEK,DEMO-001,2024-01-12,8.0,SYN-DEMO-001-11,anon-11,Демо-склад
IEK,DEMO-001,2024-01-13,10.0,SYN-DEMO-001-12,anon-12,Демо-склад
IEK,DEMO-001,2024-01-14,12.0,SYN-DEMO-001-13,anon-13,Демо-склад
IEK,DEMO-001,2024-01-15,7.0,SYN-DEMO-001-14,anon-14,Демо-склад
IEK,DEMO-001,2024-01-16,9.0,SYN-DEMO-001-15,anon-15,Демо-склад
IEK,DEMO-001,2024-01-17,11.0,SYN-DEMO-001-16,anon-16,Демо-склад
IEK,DEMO-001,2024-01-18,14.0,SYN-DEMO-001-17,anon-17,Демо-склад
IEK,DEMO-001,2024-01-19,11.0,SYN-DEMO-001-18,anon-18,Демо-склад
IEK,DEMO-001,2024-01-20,14.0,SYN-DEMO-001-19,anon-19,Демо-склад
IEK,DEMO-001,2024-01-21,8.0,SYN-DEMO-001-20,anon-00,Демо-склад
IEK,DEMO-001,2024-01-22,15.0,SYN-DEMO-001-21,anon-01,Демо-склад
IEK,DEMO-001,2024-01-23,14.0,SYN-DEMO-001-22,anon-02,Демо-склад
IEK,DEMO-001,2024-01-24,11.0,SYN-DEMO-001-23,anon-03,Демо-склад
IEK,DEMO-001,2024-01-25,8.0,SYN-DEMO-001-24,anon-04,Демо-склад
IEK,DEMO-001,2024-01-26,14.0,SYN-DEMO-001-25,anon-05,Демо-склад
IEK,DEMO-001,2024-01-27,13.0,SYN-DEMO-001-26,anon-06,Демо-склад
IEK,DEMO-001,2024-01-28,13.0,SYN-DEMO-001-27,anon-07,Демо-склад
IEK,DEMO-001,2024-01-29,13.0,SYN-DEMO-001-28,anon-08,Демо-склад
IEK,DEMO-001,2024-01-30,9.0,SYN-DEMO-001-29,anon-09,Демо-склад
IEK,DEMO-001,2024-01-31,16.0,SYN-DEMO-001-30,anon-10,Демо-склад
IEK,DEMO-001,2024-02-01,5.0,SYN-DEMO-001-31,anon-11,Демо-склад
IEK,DEMO-001,2024-02-02,10.0,SYN-DEMO-001-32,anon-12,Демо-склад
IEK,DEMO-001,2024-02-03,13.0,SYN-DEMO-001-33,anon-13,Демо-склад
IEK,DEMO-001,2024-02-04,14.0,SYN-DEMO-001-34,anon-14,Демо-склад
IEK,DEMO-001,2024-02-05,16.0,SYN-DEMO-001-35,anon-15,Демо-склад
IEK,DEMO-001,2024-02-06,14.0,SYN-DEMO-001-36,anon-16,Демо-склад
IEK,DEMO-001,2024-02-07,8.0,SYN-DEMO-001-37,anon-17,Демо-склад
IEK,DEMO-001,2024-02-08,8.0,SYN-DEMO-001-38,anon-18,Демо-склад
IEK,DEMO-001,2024-02-09,11.0,SYN-DEMO-001-39,anon-19,Демо-склад
IEK,DEMO-001,2024-02-10,10.0,SYN-DEMO-001-40,anon-00,Демо-склад
IEK,DEMO-001,2024-02-11,10.0,SYN-DEMO-001-41,anon-01,Демо-склад
IEK,DEMO-001,2024-02-12,15.0,SYN-DEMO-001-42,anon-02,Демо-склад
IEK,DEMO-001,2024-02-13,11.0,SYN-DEMO-001-43,anon-03,Демо-склад
IEK,DEMO-001,2024-02-14,11.0,SYN-DEMO-001-44,anon-04,Демо-склад
IEK,DEMO-001,2024-02-15,10.0,SYN-DEMO-001-45,anon-05,Демо-склад
IEK,DEMO-001,2024-02-16,11.0,SYN-DEMO-001-46,anon-06,Демо-склад
IEK,DEMO-001,2024-02-17,13.0,SYN-DEMO-001-47,anon-07,Демо-склад
IEK,DEMO-001,2024-02-18,6.0,SYN-DEMO-001-48,anon-08,Демо-склад
IEK,DEMO-001,2024-02-19,10.0,SYN-DEMO-001-49,anon-09,Демо-склад
IEK,DEMO-001,2024-02-20,7.0,SYN-DEMO-001-50,anon-10,Демо-склад
IEK,DEMO-001,2024-02-21,13.0,SYN-DEMO-001-51,anon-11,Демо-склад
IEK,DEMO-001,2024-02-22,13.0,SYN-DEMO-001-52,anon-12,Демо-склад
IEK,DEMO-001,2024-02-23,20.0,SYN-DEMO-001-53,anon-13,Демо-склад
IEK,DEMO-001,2024-02-24,15.0,SYN-DEMO-001-54,anon-14,Демо-склад
IEK,DEMO-001,2024-02-25,12.0,SYN-DEMO-001-55,anon-15,Демо-склад
IEK,DEMO-001,2024-02-26,19.0,SYN-DEMO-001-56,anon-16,Демо-склад
IEK,DEMO-001,2024-02-27,12.0,SYN-DEMO-001-57,anon-17,Демо-склад
IEK,DEMO-001,2024-02-28,10.0,SYN-DEMO-001-58,anon-18,Демо-склад
IEK,DEMO-001,2024-02-29,11.0,SYN-DEMO-001-59,anon-19,Демо-склад
IEK,DEMO-001,2024-03-01,8.0,SYN-DEMO-001-60,anon-00,Демо-склад
IEK,DEMO-001,2024-03-02,7.0,SYN-DEMO-001-61,anon-01,Демо-склад
IEK,DEMO-001,2024-03-03,10.0,SYN-DEMO-001-62,anon-02,Демо-склад
IEK,DEMO-001,2024-03-04,14.0,SYN-DEMO-001-63,anon-03,Демо-склад
IEK,DEMO-001,2024-03-05,9.0,SYN-DEMO-001-64,anon-04,Демо-склад
IEK,DEMO-001,2024-03-06,13.0,SYN-DEMO-001-65,anon-05,Демо-склад
IEK,DEMO-001,2024-03-07,10.0,SYN-DEMO-001-66,anon-06,Демо-склад
IEK,DEMO-001,2024-03-08,8.0,SYN-DEMO-001-67,anon-07,Демо-склад
IEK,DEMO-001,2024-03-09,12.0,SYN-DEMO-001-68,anon-08,Демо-склад
IEK,DEMO-001,2024-03-10,15.0,SYN-DEMO-001-69,anon-09,Демо-склад
IEK,DEMO-001,2024-03-11,11.0,SYN-DEMO-001-70,anon-10,Демо-склад
IEK,DEMO-001,2024-03-12,15.0,SYN-DEMO-001-71,anon-11,Демо-склад
IEK,DEMO-001,2024-03-13,19.0,SYN-DEMO-001-72,anon-12,Демо-склад
IEK,DEMO-001,2024-03-14,8.0,SYN-DEMO-001-73,anon-13,Демо-склад
IEK,DEMO-001,2024-03-15,13.0,SYN-DEMO-001-74,anon-14,Демо-склад
IEK,DEMO-001,2024-03-16,8.0,SYN-DEMO-001-75,anon-15,Демо-склад
IEK,DEMO-001,2024-03-17,12.0,SYN-DEMO-001-76,anon-16,Демо-склад
IEK,DEMO-001,2024-03-18,7.0,SYN-DEMO-001-77,anon-17,Демо-склад
IEK,DEMO-001,2024-03-19,14.0,SYN-DEMO-001-78,anon-18,Демо-склад
IEK,DEMO-001,2024-03-20,14.0,SYN-DEMO-001-79,anon-19,Демо-склад
IEK,DEMO-001,2024-03-21,7.0,SYN-DEMO-001-80,anon-00,Демо-склад
IEK,DEMO-001,2024-03-22,18.0,SYN-DEMO-001-81,anon-01,Демо-склад
IEK,DEMO-001,2024-03-23,10.0,SYN-DEMO-001-82,anon-02,Демо-склад
IEK,DEMO-001,2024-03-24,10.0,SYN-DEMO-001-83,anon-03,Демо-склад
IEK,DEMO-001,2024-03-25,13.0,SYN-DEMO-001-84,anon-04,Демо-склад
IEK,DEMO-001,2024-03-26,8.0,SYN-DEMO-001-85,anon-05,Демо-склад
IEK,DEMO-001,2024-03-27,21.0,SYN-DEMO-001-86,anon-06,Демо-склад
IEK,DEMO-001,2024-03-28,18.0,SYN-DEMO-001-87,anon-07,Демо-склад
IEK,DEMO-001,2024-03-29,12.0,SYN-DEMO-001-88,anon-08,Демо-склад
IEK,DEMO-001,2024-03-30,9.0,SYN-DEMO-001-89,anon-09,Демо-склад
IEK,DEMO-001,2024-03-31,13.0,SYN-DEMO-001-90,anon-10,Демо-склад
IEK,DEMO-001,2024-04-01,13.0,SYN-DEMO-001-91,anon-11,Демо-склад
IEK,DEMO-001,2024-04-02,11.0,SYN-DEMO-001-92,anon-12,Демо-склад
IEK,DEMO-001,2024-04-03,11.0,SYN-DEMO-001-93,anon-13,Демо-склад
IEK,DEMO-001,2024-04-04,9.0,SYN-DEMO-001-94,anon-14,Демо-склад
IEK,DEMO-001,2024-04-05,16.0,SYN-DEMO-001-95,anon-15,Демо-склад
IEK,DEMO-001,2024-04-06,8.0,SYN-DEMO-001-96,anon-16,Демо-склад
IEK,DEMO-001,2024-04-07,10.0,SYN-DEMO-001-97,anon-17,Демо-склад
IEK,DEMO-001,2024-04-08,18.0,SYN-DEMO-001-98,anon-18,Демо-склад
IEK,DEMO-001,2024-04-09,10.0,SYN-DEMO-001-99,anon-19,Демо-склад
IEK,DEMO-001,2024-04-10,7.0,SYN-DEMO-001-100,anon-00,Демо-склад
IEK,DEMO-001,2024-04-11,5.0,SYN-DEMO-001-101,anon-01,Демо-склад
IEK,DEMO-001,2024-04-12,5.0,SYN-DEMO-001-102,anon-02,Демо-склад
IEK,DEMO-001,2024-04-13,14.0,SYN-DEMO-001-103,anon-03,Демо-склад
IEK,DEMO-001,2024-04-14,10.0,SYN-DEMO-001-104,anon-04,Демо-склад
IEK,DEMO-001,2024-04-15,4.0,SYN-DEMO-001-105,anon-05,Демо-склад
IEK,DEMO-001,2024-04-16,9.0,SYN-DEMO-001-106,anon-06,Демо-склад
IEK,DEMO-001,2024-04-17,13.0,SYN-DEMO-001-107,anon-07,Демо-склад
IEK,DEMO-001,2024-04-18,12.0,SYN-DEMO-001-108,anon-08,Демо-склад
IEK,DEMO-001,2024-04-19,16.0,SYN-DEMO-001-109,anon-09,Демо-склад
IEK,DEMO-001,2024-04-20,18.0,SYN-DEMO-001-110,anon-10,Демо-склад
IEK,DEMO-001,2024-04-21,15.0,SYN-DEMO-001-111,anon-11,Демо-склад
IEK,DEMO-001,2024-04-22,15.0,SYN-DEMO-001-112,anon-12,Демо-склад
IEK,DEMO-001,2024-04-23,12.0,SYN-DEMO-001-113,anon-13,Демо-склад
IEK,DEMO-001,2024-04-24,16.0,SYN-DEMO-001-114,anon-14,Демо-склад
IEK,DEMO-001,2024-04-25,11.0,SYN-DEMO-001-115,anon-15,Демо-склад
IEK,DEMO-001,2024-04-26,9.0,SYN-DEMO-001-116,anon-16,Демо-склад
IEK,DEMO-001,2024-04-27,12.0,SYN-DEMO-001-117,anon-17,Демо-склад
IEK,DEMO-001,2024-04-28,9.0,SYN-DEMO-001-118,anon-18,Демо-склад
IEK,DEMO-001,2024-04-29,11.0,SYN-DEMO-001-119,anon-19,Демо-склад
IEK,DEMO-001,2024-04-30,11.0,SYN-DEMO-001-120,anon-00,Демо-склад
IEK,DEMO-001,2024-05-01,18.0,SYN-DEMO-001-121,anon-01,Демо-склад
IEK,DEMO-001,2024-05-02,10.0,SYN-DEMO-001-122,anon-02,Демо-склад
IEK,DEMO-001,2024-05-03,16.0,SYN-DEMO-001-123,anon-03,Демо-склад
IEK,DEMO-001,2024-05-04,15.0,SYN-DEMO-001-124,anon-04,Демо-склад
IEK,DEMO-001,2024-05-05,13.0,SYN-DEMO-001-125,anon-05,Демо-склад
IEK,DEMO-001,2024-05-06,15.0,SYN-DEMO-001-126,anon-06,Демо-склад
IEK,DEMO-001,2024-05-07,7.0,SYN-DEMO-001-127,anon-07,Демо-склад
IEK,DEMO-001,2024-05-08,15.0,SYN-DEMO-001-128,anon-08,Демо-склад
IEK,DEMO-001,2024-05-09,19.0,SYN-DEMO-001-129,anon-09,Демо-склад
IEK,DEMO-001,2024-05-10,13.0,SYN-DEMO-001-130,anon-10,Демо-склад
IEK,DEMO-001,2024-05-11,13.0,SYN-DEMO-001-131,anon-11,Демо-склад
IEK,DEMO-001,2024-05-12,13.0,SYN-DEMO-001-132,anon-12,Демо-склад
IEK,DEMO-001,2024-05-13,12.0,SYN-DEMO-001-133,anon-13,Демо-склад
IEK,DEMO-001,2024-05-14,12.0,SYN-DEMO-001-134,anon-14,Демо-склад
IEK,DEMO-001,2024-05-15,18.0,SYN-DEMO-001-135,anon-15,Демо-склад
IEK,DEMO-001,2024-05-16,7.0,SYN-DEMO-001-136,anon-16,Демо-склад
IEK,DEMO-001,2024-05-17,14.0,SYN-DEMO-001-137,anon-17,Демо-склад
IEK,DEMO-001,2024-05-18,15.0,SYN-DEMO-001-138,anon-18,Демо-склад
IEK,DEMO-001,2024-05-19,10.0,SYN-DEMO-001-139,anon-19,Демо-склад
IEK,DEMO-001,2024-05-20,15.0,SYN-DEMO-001-140,anon-00,Демо-склад
IEK,DEMO-001,2024-05-21,10.0,SYN-DEMO-001-141,anon-01,Демо-склад
IEK,DEMO-001,2024-05-22,8.0,SYN-DEMO-001-142,anon-02,Демо-склад
IEK,DEMO-001,2024-05-23,19.0,SYN-DEMO-001-143,anon-03,Демо-склад
IEK,DEMO-001,2024-05-24,11.0,SYN-DEMO-001-144,anon-04,Демо-склад
IEK,DEMO-001,2024-05-25,15.0,SYN-DEMO-001-145,anon-05,Демо-склад
IEK,DEMO-001,2024-05-26,13.0,SYN-DEMO-001-146,anon-06,Демо-склад
IEK,DEMO-001,2024-05-27,13.0,SYN-DEMO-001-147,anon-07,Демо-склад
IEK,DEMO-001,2024-05-28,16.0,SYN-DEMO-001-148,anon-08,Демо-склад
IEK,DEMO-001,2024-05-29,11.0,SYN-DEMO-001-149,anon-09,Демо-склад
IEK,DEMO-001,2024-05-30,10.0,SYN-DEMO-001-150,anon-10,Демо-склад
IEK,DEMO-001,2024-05-31,15.0,SYN-DEMO-001-151,anon-11,Демо-склад
IEK,DEMO-001,2024-06-01,10.0,SYN-DEMO-001-152,anon-12,Демо-склад
IEK,DEMO-001,2024-06-02,14.0,SYN-DEMO-001-153,anon-13,Демо-склад
IEK,DEMO-001,2024-06-03,8.0,SYN-DEMO-001-154,anon-14,Демо-склад
IEK,DEMO-001,2024-06-04,14.0,SYN-DEMO-001-155,anon-15,Демо-склад
IEK,DEMO-001,2024-06-05,13.0,SYN-DEMO-001-156,anon-16,Демо-склад
IEK,DEMO-001,2024-06-06,9.0,SYN-DEMO-001-157,anon-17,Демо-склад
IEK,DEMO-001,2024-06-07,18.0,SYN-DEMO-001-158,anon-18,Демо-склад
IEK,DEMO-001,2024-06-08,7.0,SYN-DEMO-001-159,anon-19,Демо-склад
IEK,DEMO-001,2024-06-09,15.0,SYN-DEMO-001-160,anon-00,Демо-склад
IEK,DEMO-001,2024-06-10,16.0,SYN-DEMO-001-161,anon-01,Демо-склад
IEK,DEMO-001,2024-06-11,15.0,SYN-DEMO-001-162,anon-02,Демо-склад
IEK,DEMO-001,2024-06-12,9.0,SYN-DEMO-001-163,anon-03,Демо-склад
IEK,DEMO-001,2024-06-13,5.0,SYN-DEMO-001-164,anon-04,Демо-склад
IEK,DEMO-001,2024-06-14,14.0,SYN-DEMO-001-165,anon-05,Демо-склад
IEK,DEMO-001,2024-06-15,6.0,SYN-DEMO-001-166,anon-06,Демо-склад
IEK,DEMO-001,2024-06-16,15.0,SYN-DEMO-001-167,anon-07,Демо-склад
IEK,DEMO-001,2024-06-17,13.0,SYN-DEMO-001-168,anon-08,Демо-склад
IEK,DEMO-001,2024-06-18,19.0,SYN-DEMO-001-169,anon-09,Демо-склад
IEK,DEMO-001,2024-06-19,13.0,SYN-DEMO-001-170,anon-10,Демо-склад
IEK,DEMO-001,2024-06-20,8.0,SYN-DEMO-001-171,anon-11,Демо-склад
IEK,DEMO-001,2024-06-21,11.0,SYN-DEMO-001-172,anon-12,Демо-склад
IEK,DEMO-001,2024-06-22,7.0,SYN-DEMO-001-173,anon-13,Демо-склад
IEK,DEMO-001,2024-06-23,9.0,SYN-DEMO-001-174,anon-14,Демо-склад
IEK,DEMO-001,2024-06-24,11.0,SYN-DEMO-001-175,anon-15,Демо-склад
IEK,DEMO-001,2024-06-25,13.0,SYN-DEMO-001-176,anon-16,Демо-склад
IEK,DEMO-001,2024-06-26,11.0,SYN-DEMO-001-177,anon-17,Демо-склад
IEK,DEMO-001,2024-06-27,13.0,SYN-DEMO-001-178,anon-18,Демо-склад
IEK,DEMO-001,2024-06-28,12.0,SYN-DEMO-001-179,anon-19,Демо-склад
IEK,DEMO-001,2024-06-29,13.0,SYN-DEMO-001-180,anon-00,Демо-склад
IEK,DEMO-001,2024-06-30,14.0,SYN-DEMO-001-181,anon-01,Демо-склад
IEK,DEMO-001,2024-07-01,14.0,SYN-DEMO-001-182,anon-02,Демо-склад
IEK,DEMO-001,2024-07-02,15.0,SYN-DEMO-001-183,anon-03,Демо-склад
IEK,DEMO-001,2024-07-03,11.0,SYN-DEMO-001-184,anon-04,Демо-склад
IEK,DEMO-001,2024-07-04,10.0,SYN-DEMO-001-185,anon-05,Демо-склад
IEK,DEMO-001,2024-07-05,18.0,SYN-DEMO-001-186,anon-06,Демо-склад
IEK,DEMO-001,2024-07-06,12.0,SYN-DEMO-001-187,anon-07,Демо-склад
IEK,DEMO-001,2024-07-07,10.0,SYN-DEMO-001-188,anon-08,Демо-склад
IEK,DEMO-001,2024-07-08,12.0,SYN-DEMO-001-189,anon-09,Демо-склад
IEK,DEMO-001,2024-07-09,6.0,SYN-DEMO-001-190,anon-10,Демо-склад
IEK,DEMO-001,2024-07-10,5.0,SYN-DEMO-001-191,anon-11,Демо-склад
IEK,DEMO-001,2024-07-11,10.0,SYN-DEMO-001-192,anon-12,Демо-склад
IEK,DEMO-001,2024-07-12,10.0,SYN-DEMO-001-193,anon-13,Демо-склад
IEK,DEMO-001,2024-07-13,16.0,SYN-DEMO-001-194,anon-14,Демо-склад
IEK,DEMO-001,2024-07-14,8.0,SYN-DEMO-001-195,anon-15,Демо-склад
IEK,DEMO-001,2024-07-15,7.0,SYN-DEMO-001-196,anon-16,Демо-склад
IEK,DEMO-001,2024-07-16,15.0,SYN-DEMO-001-197,anon-17,Демо-склад
IEK,DEMO-001,2024-07-17,14.0,SYN-DEMO-001-198,anon-18,Демо-склад
IEK,DEMO-001,2024-07-18,11.0,SYN-DEMO-001-199,anon-19,Демо-склад
IEK,DEMO-001,2024-07-19,12.0,SYN-DEMO-001-200,anon-00,Демо-склад
IEK,DEMO-001,2024-07-20,8.0,SYN-DEMO-001-201,anon-01,Демо-склад
IEK,DEMO-001,2024-07-21,11.0,SYN-DEMO-001-202,anon-02,Демо-склад
IEK,DEMO-001,2024-07-22,15.0,SYN-DEMO-001-203,anon-03,Демо-склад
IEK,DEMO-001,2024-07-23,12.0,SYN-DEMO-001-204,anon-04,Демо-склад
IEK,DEMO-001,2024-07-24,4.0,SYN-DEMO-001-205,anon-05,Демо-склад
IEK,DEMO-001,2024-07-25,10.0,SYN-DEMO-001-206,anon-06,Демо-склад
IEK,DEMO-001,2024-07-26,13.0,SYN-DEMO-001-207,anon-07,Демо-склад
IEK,DEMO-001,2024-07-27,6.0,SYN-DEMO-001-208,anon-08,Демо-склад
IEK,DEMO-001,2024-07-28,16.0,SYN-DEMO-001-209,anon-09,Демо-склад
IEK,DEMO-001,2024-07-29,14.0,SYN-DEMO-001-210,anon-10,Демо-склад
IEK,DEMO-001,2024-07-30,15.0,SYN-DEMO-001-211,anon-11,Демо-склад
IEK,DEMO-001,2024-07-31,11.0,SYN-DEMO-001-212,anon-12,Демо-склад
IEK,DEMO-001,2024-08-01,10.0,SYN-DEMO-001-213,anon-13,Демо-склад
IEK,DEMO-001,2024-08-02,12.0,SYN-DEMO-001-214,anon-14,Демо-склад
IEK,DEMO-001,2024-08-03,16.0,SYN-DEMO-001-215,anon-15,Демо-склад
IEK,DEMO-001,2024-08-04,18.0,SYN-DEMO-001-216,anon-16,Демо-склад
IEK,DEMO-001,2024-08-05,16.0,SYN-DEMO-001-217,anon-17,Демо-склад
IEK,DEMO-001,2024-08-06,12.0,SYN-DEMO-001-218,anon-18,Демо-склад
IEK,DEMO-001,2024-08-07,7.0,SYN-DEMO-001-219,anon-19,Демо-склад
IEK,DEMO-001,2024-08-08,18.0,SYN-DEMO-001-220,anon-00,Демо-склад
IEK,DEMO-001,2024-08-09,8.0,SYN-DEMO-001-221,anon-01,Демо-склад
IEK,DEMO-001,2024-08-10,8.0,SYN-DEMO-001-222,anon-02,Демо-склад
IEK,DEMO-001,2024-08-11,18.0,SYN-DEMO-001-223,anon-03,Демо-склад
IEK,DEMO-001,2024-08-12,10.0,SYN-DEMO-001-224,anon-04,Демо-склад
IEK,DEMO-001,2024-08-13,14.0,SYN-DEMO-001-225,anon-05,Демо-склад
IEK,DEMO-001,2024-08-14,12.0,SYN-DEMO-001-226,anon-06,Демо-склад
IEK,DEMO-001,2024-08-15,17.0,SYN-DEMO-001-227,anon-07,Демо-склад
IEK,DEMO-001,2024-08-16,16.0,SYN-DEMO-001-228,anon-08,Демо-склад
IEK,DEMO-001,2024-08-17,14.0,SYN-DEMO-001-229,anon-09,Демо-склад
IEK,DEMO-001,2024-08-18,12.0,SYN-DEMO-001-230,anon-10,Демо-склад
IEK,DEMO-001,2024-08-19,10.0,SYN-DEMO-001-231,anon-11,Демо-склад
IEK,DEMO-001,2024-08-20,15.0,SYN-DEMO-001-232,anon-12,Демо-склад
IEK,DEMO-001,2024-08-21,7.0,SYN-DEMO-001-233,anon-13,Демо-склад
IEK,DEMO-001,2024-08-22,15.0,SYN-DEMO-001-234,anon-14,Демо-склад
IEK,DEMO-001,2024-08-23,15.0,SYN-DEMO-001-235,anon-15,Демо-склад
IEK,DEMO-001,2024-08-24,13.0,SYN-DEMO-001-236,anon-16,Демо-склад
IEK,DEMO-001,2024-08-25,4.0,SYN-DEMO-001-237,anon-17,Демо-склад
IEK,DEMO-001,2024-08-26,14.0,SYN-DEMO-001-238,anon-18,Демо-склад
IEK,DEMO-001,2024-08-27,4.0,SYN-DEMO-001-239,anon-19,Демо-склад
IEK,DEMO-001,2024-08-28,13.0,SYN-DEMO-001-240,anon-00,Демо-склад
IEK,DEMO-001,2024-08-29,14.0,SYN-DEMO-001-241,anon-01,Демо-склад
IEK,DEMO-001,2024-08-30,11.0,SYN-DEMO-001-242,anon-02,Демо-склад
IEK,DEMO-001,2024-08-31,14.0,SYN-DEMO-001-243,anon-03,Демо-склад
IEK,DEMO-001,2024-09-01,16.0,SYN-DEMO-001-244,anon-04,Демо-склад
IEK,DEMO-001,2024-09-02,16.0,SYN-DEMO-001-245,anon-05,Демо-склад
IEK,DEMO-001,2024-09-03,13.0,SYN-DEMO-001-246,anon-06,Демо-склад
IEK,DEMO-001,2024-09-04,8.0,SYN-DEMO-001-247,anon-07,Демо-склад
IEK,DEMO-001,2024-09-05,10.0,SYN-DEMO-001-248,anon-08,Демо-склад
IEK,DEMO-001,2024-09-06,10.0,SYN-DEMO-001-249,anon-09,Демо-склад
IEK,DEMO-001,2024-09-07,7.0,SYN-DEMO-001-250,anon-10,Демо-склад
IEK,DEMO-001,2024-09-08,13.0,SYN-DEMO-001-251,anon-11,Демо-склад
IEK,DEMO-001,2024-09-09,18.0,SYN-DEMO-001-252,anon-12,Демо-склад
IEK,DEMO-001,2024-09-10,7.0,SYN-DEMO-001-253,anon-13,Демо-склад
IEK,DEMO-001,2024-09-11,5.0,SYN-DEMO-001-254,anon-14,Демо-склад
IEK,DEMO-001,2024-09-12,13.0,SYN-DEMO-001-255,anon-15,Демо-склад
IEK,DEMO-001,2024-09-13,15.0,SYN-DEMO-001-256,anon-16,Демо-склад
IEK,DEMO-001,2024-09-14,10.0,SYN-DEMO-001-257,anon-17,Демо-склад
IEK,DEMO-001,2024-09-15,9.0,SYN-DEMO-001-258,anon-18,Демо-склад
IEK,DEMO-001,2024-09-16,18.0,SYN-DEMO-001-259,anon-19,Демо-склад
IEK,DEMO-001,2024-09-17,15.0,SYN-DEMO-001-260,anon-00,Демо-склад
IEK,DEMO-001,2024-09-18,14.0,SYN-DEMO-001-261,anon-01,Демо-склад
IEK,DEMO-001,2024-09-19,9.0,SYN-DEMO-001-262,anon-02,Демо-склад
IEK,DEMO-001,2024-09-20,10.0,SYN-DEMO-001-263,anon-03,Демо-склад
IEK,DEMO-001,2024-09-21,11.0,SYN-DEMO-001-264,anon-04,Демо-склад
IEK,DEMO-001,2024-09-22,15.0,SYN-DEMO-001-265,anon-05,Демо-склад
IEK,DEMO-001,2024-09-23,13.0,SYN-DEMO-001-266,anon-06,Демо-склад
IEK,DEMO-001,2024-09-24,12.0,SYN-DEMO-001-267,anon-07,Демо-склад
IEK,DEMO-001,2024-09-25,7.0,SYN-DEMO-001-268,anon-08,Демо-склад
IEK,DEMO-001,2024-09-26,9.0,SYN-DEMO-001-269,anon-09,Демо-склад
IEK,DEMO-001,2024-09-27,11.0,SYN-DEMO-001-270,anon-10,Демо-склад
IEK,DEMO-001,2024-09-28,10.0,SYN-DEMO-001-271,anon-11,Демо-склад
IEK,DEMO-001,2024-09-29,7.0,SYN-DEMO-001-272,anon-12,Демо-склад
IEK,DEMO-001,2024-09-30,9.0,SYN-DEMO-001-273,anon-13,Демо-склад
IEK,DEMO-001,2024-10-01,11.0,SYN-DEMO-001-274,anon-14,Демо-склад
IEK,DEMO-001,2024-10-02,16.0,SYN-DEMO-001-275,anon-15,Демо-склад
IEK,DEMO-001,2024-10-03,12.0,SYN-DEMO-001-276,anon-16,Демо-склад
IEK,DEMO-001,2024-10-04,10.0,SYN-DEMO-001-277,anon-17,Демо-склад
IEK,DEMO-001,2024-10-05,9.0,SYN-DEMO-001-278,anon-18,Демо-склад
IEK,DEMO-001,2024-10-06,9.0,SYN-DEMO-001-279,anon-19,Демо-склад
IEK,DEMO-001,2024-10-07,14.0,SYN-DEMO-001-280,anon-00,Демо-склад
IEK,DEMO-001,2024-10-08,14.0,SYN-DEMO-001-281,anon-01,Демо-склад
IEK,DEMO-001,2024-10-09,4.0,SYN-DEMO-001-282,anon-02,Демо-склад
IEK,DEMO-001,2024-10-10,18.0,SYN-DEMO-001-283,anon-03,Демо-склад
IEK,DEMO-001,2024-10-11,8.0,SYN-DEMO-001-284,anon-04,Демо-склад
IEK,DEMO-001,2024-10-12,7.0,SYN-DEMO-001-285,anon-05,Демо-склад
IEK,DEMO-001,2024-10-13,9.0,SYN-DEMO-001-286,anon-06,Демо-склад
IEK,DEMO-001,2024-10-14,13.0,SYN-DEMO-001-287,anon-07,Демо-склад
IEK,DEMO-001,2024-10-15,13.0,SYN-DEMO-001-288,anon-08,Демо-склад
IEK,DEMO-001,2024-10-16,11.0,SYN-DEMO-001-289,anon-09,Демо-склад
IEK,DEMO-001,2024-10-17,16.0,SYN-DEMO-001-290,anon-10,Демо-склад
IEK,DEMO-001,2024-10-18,15.0,SYN-DEMO-001-291,anon-11,Демо-склад
IEK,DEMO-001,2024-10-19,9.0,SYN-DEMO-001-292,anon-12,Демо-склад
IEK,DEMO-001,2024-10-20,10.0,SYN-DEMO-001-293,anon-13,Демо-склад
IEK,DEMO-001,2024-10-21,14.0,SYN-DEMO-001-294,anon-14,Демо-склад
IEK,DEMO-001,2024-10-22,15.0,SYN-DEMO-001-295,anon-15,Демо-склад
IEK,DEMO-001,2024-10-23,17.0,SYN-DEMO-001-296,anon-16,Демо-склад
IEK,DEMO-001,2024-10-24,7.0,SYN-DEMO-001-297,anon-17,Демо-склад
IEK,DEMO-001,2024-10-25,14.0,SYN-DEMO-001-298,anon-18,Демо-склад
IEK,DEMO-001,2024-10-26,17.0,SYN-DEMO-001-299,anon-19,Демо-склад
IEK,DEMO-001,2024-10-27,13.0,SYN-DEMO-001-300,anon-00,Демо-склад
IEK,DEMO-001,2024-10-28,10.0,SYN-DEMO-001-301,anon-01,Демо-склад
IEK,DEMO-001,2024-10-29,16.0,SYN-DEMO-001-302,anon-02,Демо-склад
IEK,DEMO-001,2024-10-30,13.0,SYN-DEMO-001-303,anon-03,Демо-склад
IEK,DEMO-001,2024-10-31,17.0,SYN-DEMO-001-304,anon-04,Демо-склад
IEK,DEMO-001,2024-11-01,13.0,SYN-DEMO-001-305,anon-05,Демо-склад
IEK,DEMO-001,2024-11-02,11.0,SYN-DEMO-001-306,anon-06,Демо-склад
IEK,DEMO-001,2024-11-03,14.0,SYN-DEMO-001-307,anon-07,Демо-склад
IEK,DEMO-001,2024-11-04,11.0,SYN-DEMO-001-308,anon-08,Демо-склад
IEK,DEMO-001,2024-11-05,12.0,SYN-DEMO-001-309,anon-09,Демо-склад
IEK,DEMO-001,2024-11-06,11.0,SYN-DEMO-001-310,anon-10,Демо-склад
IEK,DEMO-001,2024-11-07,8.0,SYN-DEMO-001-311,anon-11,Демо-склад
IEK,DEMO-001,2024-11-08,9.0,SYN-DEMO-001-312,anon-12,Демо-склад
IEK,DEMO-001,2024-11-09,11.0,SYN-DEMO-001-313,anon-13,Демо-склад
IEK,DEMO-001,2024-11-10,15.0,SYN-DEMO-001-314,anon-14,Демо-склад
IEK,DEMO-001,2024-11-11,16.0,SYN-DEMO-001-315,anon-15,Демо-склад
IEK,DEMO-001,2024-11-12,7.0,SYN-DEMO-001-316,anon-16,Демо-склад
IEK,DEMO-001,2024-11-13,15.0,SYN-DEMO-001-317,anon-17,Демо-склад
IEK,DEMO-001,2024-11-14,11.0,SYN-DEMO-001-318,anon-18,Демо-склад
IEK,DEMO-001,2024-11-15,13.0,SYN-DEMO-001-319,anon-19,Демо-склад
IEK,DEMO-001,2024-11-16,11.0,SYN-DEMO-001-320,anon-00,Демо-склад
IEK,DEMO-001,2024-11-17,19.0,SYN-DEMO-001-321,anon-01,Демо-склад
IEK,DEMO-001,2024-11-18,8.0,SYN-DEMO-001-322,anon-02,Демо-склад
IEK,DEMO-001,2024-11-19,11.0,SYN-DEMO-001-323,anon-03,Демо-склад
IEK,DEMO-001,2024-11-20,8.0,SYN-DEMO-001-324,anon-04,Демо-склад
IEK,DEMO-001,2024-11-21,9.0,SYN-DEMO-001-325,anon-05,Демо-склад
IEK,DEMO-001,2024-11-22,9.0,SYN-DEMO-001-326,anon-06,Демо-склад
IEK,DEMO-001,2024-11-23,8.0,SYN-DEMO-001-327,anon-07,Демо-склад
IEK,DEMO-001,2024-11-24,12.0,SYN-DEMO-001-328,anon-08,Демо-склад
IEK,DEMO-001,2024-11-25,20.0,SYN-DEMO-001-329,anon-09,Демо-склад
IEK,DEMO-001,2024-11-26,12.0,SYN-DEMO-001-330,anon-10,Демо-склад
IEK,DEMO-001,2024-11-27,9.0,SYN-DEMO-001-331,anon-11,Демо-склад
IEK,DEMO-001,2024-11-28,6.0,SYN-DEMO-001-332,anon-12,Демо-склад
IEK,DEMO-001,2024-11-29,10.0,SYN-DEMO-001-333,anon-13,Демо-склад
IEK,DEMO-001,2024-11-30,7.0,SYN-DEMO-001-334,anon-14,Демо-склад
IEK,DEMO-001,2024-12-01,13.0,SYN-DEMO-001-335,anon-15,Демо-склад
IEK,DEMO-001,2024-12-02,8.0,SYN-DEMO-001-336,anon-16,Демо-склад
IEK,DEMO-001,2024-12-03,13.0,SYN-DEMO-001-337,anon-17,Демо-склад
IEK,DEMO-001,2024-12-04,10.0,SYN-DEMO-001-338,anon-18,Демо-склад
IEK,DEMO-001,2024-12-05,11.0,SYN-DEMO-001-339,anon-19,Демо-склад
IEK,DEMO-001,2024-12-06,15.0,SYN-DEMO-001-340,anon-00,Демо-склад
IEK,DEMO-001,2024-12-07,19.0,SYN-DEMO-001-341,anon-01,Демо-склад
IEK,DEMO-001,2024-12-08,17.0,SYN-DEMO-001-342,anon-02,Демо-склад
IEK,DEMO-001,2024-12-09,8.0,SYN-DEMO-001-343,anon-03,Демо-склад
IEK,DEMO-001,2024-12-10,11.0,SYN-DEMO-001-344,anon-04,Демо-склад
IEK,DEMO-001,2024-12-11,17.0,SYN-DEMO-001-345,anon-05,Демо-склад
IEK,DEMO-001,2024-12-12,12.0,SYN-DEMO-001-346,anon-06,Демо-склад
IEK,DEMO-001,2024-12-13,9.0,SYN-DEMO-001-347,anon-07,Демо-склад
IEK,DEMO-001,2024-12-14,15.0,SYN-DEMO-001-348,anon-08,Демо-склад
IEK,DEMO-001,2024-12-15,12.0,SYN-DEMO-001-349,anon-09,Демо-склад
IEK,DEMO-001,2024-12-16,12.0,SYN-DEMO-001-350,anon-10,Демо-склад
IEK,DEMO-001,2024-12-17,7.0,SYN-DEMO-001-351,anon-11,Демо-склад
IEK,DEMO-001,2024-12-18,20.0,SYN-DEMO-001-352,anon-12,Демо-склад
IEK,DEMO-001,2024-12-19,20.0,SYN-DEMO-001-353,anon-13,Демо-склад
IEK,DEMO-001,2024-12-20,13.0,SYN-DEMO-001-354,anon-14,Демо-склад
IEK,DEMO-001,2024-12-21,9.0,SYN-DEMO-001-355,anon-15,Демо-склад
IEK,DEMO-001,2024-12-22,10.0,SYN-DEMO-001-356,anon-16,Демо-склад
IEK,DEMO-001,2024-12-23,12.0,SYN-DEMO-001-357,anon-17,Демо-склад
IEK,DEMO-001,2024-12-24,12.0,SYN-DEMO-001-358,anon-18,Демо-склад
IEK,DEMO-001,2024-12-25,15.0,SYN-DEMO-001-359,anon-19,Демо-склад
IEK,DEMO-001,2024-12-26,10.0,SYN-DEMO-001-360,anon-00,Демо-склад
IEK,DEMO-001,2024-12-27,10.0,SYN-DEMO-001-361,anon-01,Демо-склад
IEK,DEMO-001,2024-12-28,13.0,SYN-DEMO-001-362,anon-02,Демо-склад
IEK,DEMO-001,2024-12-29,15.0,SYN-DEMO-001-363,anon-03,Демо-склад
IEK,DEMO-001,2024-12-30,18.0,SYN-DEMO-001-364,anon-04,Демо-склад
IEK,DEMO-001,2024-12-31,13.0,SYN-DEMO-001-365,anon-05,Демо-склад
IEK,DEMO-001,2025-01-01,5.0,SYN-DEMO-001-366,anon-06,Демо-склад
IEK,DEMO-001,2025-01-02,7.0,SYN-DEMO-001-367,anon-07,Демо-склад
IEK,DEMO-001,2025-01-03,13.0,SYN-DEMO-001-368,anon-08,Демо-склад
IEK,DEMO-001,2025-01-04,18.0,SYN-DEMO-001-369,anon-09,Демо-склад
IEK,DEMO-001,2025-01-05,14.0,SYN-DEMO-001-370,anon-10,Демо-склад
IEK,DEMO-001,2025-01-06,14.0,SYN-DEMO-001-371,anon-11,Демо-склад
IEK,DEMO-001,2025-01-07,10.0,SYN-DEMO-001-372,anon-12,Демо-склад
IEK,DEMO-001,2025-01-08,14.0,SYN-DEMO-001-373,anon-13,Демо-склад
IEK,DEMO-001,2025-01-09,19.0,SYN-DEMO-001-374,anon-14,Демо-склад
IEK,DEMO-001,2025-01-10,15.0,SYN-DEMO-001-375,anon-15,Демо-склад
IEK,DEMO-001,2025-01-11,13.0,SYN-DEMO-001-376,anon-16,Демо-склад
IEK,DEMO-001,2025-01-12,12.0,SYN-DEMO-001-377,anon-17,Демо-склад
IEK,DEMO-001,2025-01-13,11.0,SYN-DEMO-001-378,anon-18,Демо-склад
IEK,DEMO-001,2025-01-14,10.0,SYN-DEMO-001-379,anon-19,Демо-склад
IEK,DEMO-001,2025-01-15,11.0,SYN-DEMO-001-380,anon-00,Демо-склад
IEK,DEMO-001,2025-01-16,14.0,SYN-DEMO-001-381,anon-01,Демо-склад
IEK,DEMO-001,2025-01-17,16.0,SYN-DEMO-001-382,anon-02,Демо-склад
IEK,DEMO-001,2025-01-18,14.0,SYN-DEMO-001-383,anon-03,Демо-склад
IEK,DEMO-001,2025-01-19,9.0,SYN-DEMO-001-384,anon-04,Демо-склад
IEK,DEMO-001,2025-01-20,10.0,SYN-DEMO-001-385,anon-05,Демо-склад
IEK,DEMO-001,2025-01-21,18.0,SYN-DEMO-001-386,anon-06,Демо-склад
IEK,DEMO-001,2025-01-22,12.0,SYN-DEMO-001-387,anon-07,Демо-склад
IEK,DEMO-001,2025-01-23,20.0,SYN-DEMO-001-388,anon-08,Демо-склад
IEK,DEMO-001,2025-01-24,9.0,SYN-DEMO-001-389,anon-09,Демо-склад
IEK,DEMO-001,2025-01-25,11.0,SYN-DEMO-001-390,anon-10,Демо-склад
IEK,DEMO-001,2025-01-26,17.0,SYN-DEMO-001-391,anon-11,Демо-склад
IEK,DEMO-001,2025-01-27,16.0,SYN-DEMO-001-392,anon-12,Демо-склад
IEK,DEMO-001,2025-01-28,12.0,SYN-DEMO-001-393,anon-13,Демо-склад
IEK,DEMO-001,2025-01-29,13.0,SYN-DEMO-001-394,anon-14,Демо-склад
IEK,DEMO-001,2025-01-30,12.0,SYN-DEMO-001-395,anon-15,Демо-склад
IEK,DEMO-001,2025-01-31,9.0,SYN-DEMO-001-396,anon-16,Демо-склад
IEK,DEMO-001,2025-02-01,10.0,SYN-DEMO-001-397,anon-17,Демо-склад
IEK,DEMO-001,2025-02-02,13.0,SYN-DEMO-001-398,anon-18,Демо-склад
IEK,DEMO-001,2025-02-03,9.0,SYN-DEMO-001-399,anon-19,Демо-склад
IEK,DEMO-001,2025-02-04,16.0,SYN-DEMO-001-400,anon-00,Демо-склад
IEK,DEMO-001,2025-02-05,7.0,SYN-DEMO-001-401,anon-01,Демо-склад
IEK,DEMO-001,2025-02-06,8.0,SYN-DEMO-001-402,anon-02,Демо-склад
IEK,DEMO-001,2025-02-07,14.0,SYN-DEMO-001-403,anon-03,Демо-склад
IEK,DEMO-001,2025-02-08,16.0,SYN-DEMO-001-404,anon-04,Демо-склад
IEK,DEMO-001,2025-02-09,11.0,SYN-DEMO-001-405,anon-05,Демо-склад
IEK,DEMO-001,2025-02-10,12.0,SYN-DEMO-001-406,anon-06,Демо-склад
IEK,DEMO-001,2025-02-11,12.0,SYN-DEMO-001-407,anon-07,Демо-склад
IEK,DEMO-001,2025-02-12,10.0,SYN-DEMO-001-408,anon-08,Демо-склад
IEK,DEMO-001,2025-02-13,11.0,SYN-DEMO-001-409,anon-09,Демо-склад
IEK,DEMO-001,2025-02-14,12.0,SYN-DEMO-001-410,anon-10,Демо-склад
IEK,DEMO-001,2025-02-15,8.0,SYN-DEMO-001-411,anon-11,Демо-склад
IEK,DEMO-001,2025-02-16,6.0,SYN-DEMO-001-412,anon-12,Демо-склад
IEK,DEMO-001,2025-02-17,12.0,SYN-DEMO-001-413,anon-13,Демо-склад
IEK,DEMO-001,2025-02-18,5.0,SYN-DEMO-001-414,anon-14,Демо-склад
IEK,DEMO-001,2025-02-19,11.0,SYN-DEMO-001-415,anon-15,Демо-склад
IEK,DEMO-001,2025-02-20,16.0,SYN-DEMO-001-416,anon-16,Демо-склад
IEK,DEMO-001,2025-02-21,8.0,SYN-DEMO-001-417,anon-17,Демо-склад
IEK,DEMO-001,2025-02-22,16.0,SYN-DEMO-001-418,anon-18,Демо-склад
IEK,DEMO-001,2025-02-23,16.0,SYN-DEMO-001-419,anon-19,Демо-склад
IEK,DEMO-001,2025-02-24,11.0,SYN-DEMO-001-420,anon-00,Демо-склад
IEK,DEMO-001,2025-02-25,9.0,SYN-DEMO-001-421,anon-01,Демо-склад
IEK,DEMO-001,2025-02-26,12.0,SYN-DEMO-001-422,anon-02,Демо-склад
IEK,DEMO-001,2025-02-27,12.0,SYN-DEMO-001-423,anon-03,Демо-склад
IEK,DEMO-001,2025-02-28,9.0,SYN-DEMO-001-424,anon-04,Демо-склад
IEK,DEMO-001,2025-03-01,15.0,SYN-DEMO-001-425,anon-05,Демо-склад
IEK,DEMO-001,2025-03-02,6.0,SYN-DEMO-001-426,anon-06,Демо-склад
IEK,DEMO-001,2025-03-03,11.0,SYN-DEMO-001-427,anon-07,Демо-склад
IEK,DEMO-001,2025-03-04,17.0,SYN-DEMO-001-428,anon-08,Демо-склад
IEK,DEMO-001,2025-03-05,9.0,SYN-DEMO-001-429,anon-09,Демо-склад
IEK,DEMO-001,2025-03-06,10.0,SYN-DEMO-001-430,anon-10,Демо-склад
IEK,DEMO-001,2025-03-07,13.0,SYN-DEMO-001-431,anon-11,Демо-склад
IEK,DEMO-001,2025-03-08,13.0,SYN-DEMO-001-432,anon-12,Демо-склад
IEK,DEMO-001,2025-03-09,9.0,SYN-DEMO-001-433,anon-13,Демо-склад
IEK,DEMO-001,2025-03-10,13.0,SYN-DEMO-001-434,anon-14,Демо-склад
IEK,DEMO-001,2025-03-11,9.0,SYN-DEMO-001-435,anon-15,Демо-склад
IEK,DEMO-001,2025-03-12,10.0,SYN-DEMO-001-436,anon-16,Демо-склад
IEK,DEMO-001,2025-03-13,14.0,SYN-DEMO-001-437,anon-17,Демо-склад
IEK,DEMO-001,2025-03-14,17.0,SYN-DEMO-001-438,anon-18,Демо-склад
IEK,DEMO-001,2025-03-15,12.0,SYN-DEMO-001-439,anon-19,Демо-склад
IEK,DEMO-001,2025-03-16,19.0,SYN-DEMO-001-440,anon-00,Демо-склад
IEK,DEMO-001,2025-03-17,9.0,SYN-DEMO-001-441,anon-01,Демо-склад
IEK,DEMO-001,2025-03-18,8.0,SYN-DEMO-001-442,anon-02,Демо-склад
IEK,DEMO-001,2025-03-19,9.0,SYN-DEMO-001-443,anon-03,Демо-склад
IEK,DEMO-001,2025-03-20,9.0,SYN-DEMO-001-444,anon-04,Демо-склад
IEK,DEMO-001,2025-03-21,8.0,SYN-DEMO-001-445,anon-05,Демо-склад
IEK,DEMO-001,2025-03-22,16.0,SYN-DEMO-001-446,anon-06,Демо-склад
IEK,DEMO-001,2025-03-23,10.0,SYN-DEMO-001-447,anon-07,Демо-склад
IEK,DEMO-001,2025-03-24,10.0,SYN-DEMO-001-448,anon-08,Демо-склад
IEK,DEMO-001,2025-03-25,13.0,SYN-DEMO-001-449,anon-09,Демо-склад
IEK,DEMO-001,2025-03-26,7.0,SYN-DEMO-001-450,anon-10,Демо-склад
IEK,DEMO-001,2025-03-27,7.0,SYN-DEMO-001-451,anon-11,Демо-склад
IEK,DEMO-001,2025-03-28,4.0,SYN-DEMO-001-452,anon-12,Демо-склад
IEK,DEMO-001,2025-03-29,13.0,SYN-DEMO-001-453,anon-13,Демо-склад
IEK,DEMO-001,2025-03-30,12.0,SYN-DEMO-001-454,anon-14,Демо-склад
IEK,DEMO-001,2025-03-31,22.0,SYN-DEMO-001-455,anon-15,Демо-склад
IEK,DEMO-001,2025-04-01,11.0,SYN-DEMO-001-456,anon-16,Демо-склад
IEK,DEMO-001,2025-04-02,7.0,SYN-DEMO-001-457,anon-17,Демо-склад
IEK,DEMO-001,2025-04-03,8.0,SYN-DEMO-001-458,anon-18,Демо-склад
IEK,DEMO-001,2025-04-04,16.0,SYN-DEMO-001-459,anon-19,Демо-склад
IEK,DEMO-001,2025-04-05,10.0,SYN-DEMO-001-460,anon-00,Демо-склад
IEK,DEMO-001,2025-04-06,11.0,SYN-DEMO-001-461,anon-01,Демо-склад
IEK,DEMO-001,2025-04-07,11.0,SYN-DEMO-001-462,anon-02,Демо-склад
IEK,DEMO-001,2025-04-08,11.0,SYN-DEMO-001-463,anon-03,Демо-склад
IEK,DEMO-001,2025-04-09,12.0,SYN-DEMO-001-464,anon-04,Демо-склад
IEK,DEMO-001,2025-04-10,13.0,SYN-DEMO-001-465,anon-05,Демо-склад
IEK,DEMO-001,2025-04-11,10.0,SYN-DEMO-001-466,anon-06,Демо-склад
IEK,DEMO-001,2025-04-12,6.0,SYN-DEMO-001-467,anon-07,Демо-склад
IEK,DEMO-001,2025-04-13,14.0,SYN-DEMO-001-468,anon-08,Демо-склад
IEK,DEMO-001,2025-04-14,9.0,SYN-DEMO-001-469,anon-09,Демо-склад
IEK,DEMO-001,2025-04-15,15.0,SYN-DEMO-001-470,anon-10,Демо-склад
IEK,DEMO-001,2025-04-16,13.0,SYN-DEMO-001-471,anon-11,Демо-склад
IEK,DEMO-001,2025-04-17,11.0,SYN-DEMO-001-472,anon-12,Демо-склад
IEK,DEMO-001,2025-04-18,13.0,SYN-DEMO-001-473,anon-13,Демо-склад
IEK,DEMO-001,2025-04-19,13.0,SYN-DEMO-001-474,anon-14,Демо-склад
IEK,DEMO-001,2025-04-20,12.0,SYN-DEMO-001-475,anon-15,Демо-склад
IEK,DEMO-001,2025-04-21,10.0,SYN-DEMO-001-476,anon-16,Демо-склад
IEK,DEMO-001,2025-04-22,11.0,SYN-DEMO-001-477,anon-17,Демо-склад
IEK,DEMO-001,2025-04-23,9.0,SYN-DEMO-001-478,anon-18,Демо-склад
IEK,DEMO-001,2025-04-24,15.0,SYN-DEMO-001-479,anon-19,Демо-склад
IEK,DEMO-001,2025-04-25,8.0,SYN-DEMO-001-480,anon-00,Демо-склад
IEK,DEMO-001,2025-04-26,17.0,SYN-DEMO-001-481,anon-01,Демо-склад
IEK,DEMO-001,2025-04-27,7.0,SYN-DEMO-001-482,anon-02,Демо-склад
IEK,DEMO-001,2025-04-28,12.0,SYN-DEMO-001-483,anon-03,Демо-склад
IEK,DEMO-001,2025-04-29,11.0,SYN-DEMO-001-484,anon-04,Демо-склад
IEK,DEMO-001,2025-04-30,11.0,SYN-DEMO-001-485,anon-05,Демо-склад
IEK,DEMO-001,2025-05-01,10.0,SYN-DEMO-001-486,anon-06,Демо-склад
IEK,DEMO-001,2025-05-02,17.0,SYN-DEMO-001-487,anon-07,Демо-склад
IEK,DEMO-001,2025-05-03,12.0,SYN-DEMO-001-488,anon-08,Демо-склад
IEK,DEMO-001,2025-05-04,14.0,SYN-DEMO-001-489,anon-09,Демо-склад
IEK,DEMO-001,2025-05-05,14.0,SYN-DEMO-001-490,anon-10,Демо-склад
IEK,DEMO-001,2025-05-06,13.0,SYN-DEMO-001-491,anon-11,Демо-склад
IEK,DEMO-001,2025-05-07,12.0,SYN-DEMO-001-492,anon-12,Демо-склад
IEK,DEMO-001,2025-05-08,9.0,SYN-DEMO-001-493,anon-13,Демо-склад
IEK,DEMO-001,2025-05-09,8.0,SYN-DEMO-001-494,anon-14,Демо-склад
IEK,DEMO-001,2025-05-10,7.0,SYN-DEMO-001-495,anon-15,Демо-склад
IEK,DEMO-001,2025-05-11,11.0,SYN-DEMO-001-496,anon-16,Демо-склад
IEK,DEMO-001,2025-05-12,23.0,SYN-DEMO-001-497,anon-17,Демо-склад
IEK,DEMO-001,2025-05-13,13.0,SYN-DEMO-001-498,anon-18,Демо-склад
IEK,DEMO-001,2025-05-14,11.0,SYN-DEMO-001-499,anon-19,Демо-склад
IEK,DEMO-001,2025-05-15,20.0,SYN-DEMO-001-500,anon-00,Демо-склад
IEK,DEMO-001,2025-05-16,14.0,SYN-DEMO-001-501,anon-01,Демо-склад
IEK,DEMO-001,2025-05-17,17.0,SYN-DEMO-001-502,anon-02,Демо-склад
IEK,DEMO-001,2025-05-18,7.0,SYN-DEMO-001-503,anon-03,Демо-склад
IEK,DEMO-001,2025-05-19,16.0,SYN-DEMO-001-504,anon-04,Демо-склад
IEK,DEMO-001,2025-05-20,12.0,SYN-DEMO-001-505,anon-05,Демо-склад
IEK,DEMO-001,2025-05-21,13.0,SYN-DEMO-001-506,anon-06,Демо-склад
IEK,DEMO-001,2025-05-22,11.0,SYN-DEMO-001-507,anon-07,Демо-склад
IEK,DEMO-001,2025-05-23,22.0,SYN-DEMO-001-508,anon-08,Демо-склад
IEK,DEMO-001,2025-05-24,8.0,SYN-DEMO-001-509,anon-09,Демо-склад
IEK,DEMO-001,2025-05-25,21.0,SYN-DEMO-001-510,anon-10,Демо-склад
IEK,DEMO-001,2025-05-26,16.0,SYN-DEMO-001-511,anon-11,Демо-склад
IEK,DEMO-001,2025-05-27,12.0,SYN-DEMO-001-512,anon-12,Демо-склад
IEK,DEMO-001,2025-05-28,14.0,SYN-DEMO-001-513,anon-13,Демо-склад
IEK,DEMO-001,2025-05-29,11.0,SYN-DEMO-001-514,anon-14,Демо-склад
IEK,DEMO-001,2025-05-30,10.0,SYN-DEMO-001-515,anon-15,Демо-склад
IEK,DEMO-001,2025-05-31,6.0,SYN-DEMO-001-516,anon-16,Демо-склад
IEK,DEMO-001,2025-06-01,15.0,SYN-DEMO-001-517,anon-17,Демо-склад
IEK,DEMO-001,2025-06-02,18.0,SYN-DEMO-001-518,anon-18,Демо-склад
IEK,DEMO-001,2025-06-03,3.0,SYN-DEMO-001-519,anon-19,Демо-склад
IEK,DEMO-001,2025-06-04,9.0,SYN-DEMO-001-520,anon-00,Демо-склад
IEK,DEMO-001,2025-06-05,9.0,SYN-DEMO-001-521,anon-01,Демо-склад
IEK,DEMO-001,2025-06-06,8.0,SYN-DEMO-001-522,anon-02,Демо-склад
IEK,DEMO-001,2025-06-07,8.0,SYN-DEMO-001-523,anon-03,Демо-склад
IEK,DEMO-001,2025-06-08,18.0,SYN-DEMO-001-524,anon-04,Демо-склад
IEK,DEMO-001,2025-06-09,13.0,SYN-DEMO-001-525,anon-05,Демо-склад
IEK,DEMO-001,2025-06-10,15.0,SYN-DEMO-001-526,anon-06,Демо-склад
IEK,DEMO-001,2025-06-11,10.0,SYN-DEMO-001-527,anon-07,Демо-склад
IEK,DEMO-001,2025-06-12,9.0,SYN-DEMO-001-528,anon-08,Демо-склад
IEK,DEMO-001,2025-06-13,19.0,SYN-DEMO-001-529,anon-09,Демо-склад
IEK,DEMO-001,2025-06-14,15.0,SYN-DEMO-001-530,anon-10,Демо-склад
IEK,DEMO-001,2025-06-15,8.0,SYN-DEMO-001-531,anon-11,Демо-склад
IEK,DEMO-001,2025-06-16,14.0,SYN-DEMO-001-532,anon-12,Демо-склад
IEK,DEMO-001,2025-06-17,11.0,SYN-DEMO-001-533,anon-13,Демо-склад
IEK,DEMO-001,2025-06-18,14.0,SYN-DEMO-001-534,anon-14,Демо-склад
IEK,DEMO-001,2025-06-19,19.0,SYN-DEMO-001-535,anon-15,Демо-склад
IEK,DEMO-001,2025-06-20,7.0,SYN-DEMO-001-536,anon-16,Демо-склад
IEK,DEMO-001,2025-06-21,12.0,SYN-DEMO-001-537,anon-17,Демо-склад
IEK,DEMO-001,2025-06-22,12.0,SYN-DEMO-001-538,anon-18,Демо-склад
IEK,DEMO-001,2025-06-23,11.0,SYN-DEMO-001-539,anon-19,Демо-склад
IEK,DEMO-001,2025-06-24,13.0,SYN-DEMO-001-540,anon-00,Демо-склад
IEK,DEMO-001,2025-06-25,13.0,SYN-DEMO-001-541,anon-01,Демо-склад
IEK,DEMO-001,2025-06-26,17.0,SYN-DEMO-001-542,anon-02,Демо-склад
IEK,DEMO-001,2025-06-27,11.0,SYN-DEMO-001-543,anon-03,Демо-склад
IEK,DEMO-001,2025-06-28,16.0,SYN-DEMO-001-544,anon-04,Демо-склад
IEK,DEMO-001,2025-06-29,10.0,SYN-DEMO-001-545,anon-05,Демо-склад
IEK,DEMO-001,2025-06-30,11.0,SYN-DEMO-001-546,anon-06,Демо-склад
IEK,DEMO-001,2025-07-01,16.0,SYN-DEMO-001-547,anon-07,Демо-склад
IEK,DEMO-001,2025-07-02,15.0,SYN-DEMO-001-548,anon-08,Демо-склад
IEK,DEMO-001,2025-07-03,9.0,SYN-DEMO-001-549,anon-09,Демо-склад
IEK,DEMO-001,2025-07-04,7.0,SYN-DEMO-001-550,anon-10,Демо-склад
IEK,DEMO-001,2025-07-05,13.0,SYN-DEMO-001-551,anon-11,Демо-склад
IEK,DEMO-001,2025-07-06,17.0,SYN-DEMO-001-552,anon-12,Демо-склад
IEK,DEMO-001,2025-07-07,8.0,SYN-DEMO-001-553,anon-13,Демо-склад
IEK,DEMO-001,2025-07-08,10.0,SYN-DEMO-001-554,anon-14,Демо-склад
IEK,DEMO-001,2025-07-09,14.0,SYN-DEMO-001-555,anon-15,Демо-склад
IEK,DEMO-001,2025-07-10,10.0,SYN-DEMO-001-556,anon-16,Демо-склад
IEK,DEMO-001,2025-07-11,8.0,SYN-DEMO-001-557,anon-17,Демо-склад
IEK,DEMO-001,2025-07-12,10.0,SYN-DEMO-001-558,anon-18,Демо-склад
IEK,DEMO-001,2025-07-13,12.0,SYN-DEMO-001-559,anon-19,Демо-склад
IEK,DEMO-001,2025-07-14,6.0,SYN-DEMO-001-560,anon-00,Демо-склад
IEK,DEMO-001,2025-07-15,15.0,SYN-DEMO-001-561,anon-01,Демо-склад
IEK,DEMO-001,2025-07-16,16.0,SYN-DEMO-001-562,anon-02,Демо-склад
IEK,DEMO-001,2025-07-17,16.0,SYN-DEMO-001-563,anon-03,Демо-склад
IEK,DEMO-001,2025-07-18,10.0,SYN-DEMO-001-564,anon-04,Демо-склад
IEK,DEMO-001,2025-07-19,12.0,SYN-DEMO-001-565,anon-05,Демо-склад
IEK,DEMO-001,2025-07-20,9.0,SYN-DEMO-001-566,anon-06,Демо-склад
IEK,DEMO-001,2025-07-21,10.0,SYN-DEMO-001-567,anon-07,Демо-склад
IEK,DEMO-001,2025-07-22,7.0,SYN-DEMO-001-568,anon-08,Демо-склад
IEK,DEMO-001,2025-07-23,10.0,SYN-DEMO-001-569,anon-09,Демо-склад
IEK,DEMO-001,2025-07-24,9.0,SYN-DEMO-001-570,anon-10,Демо-склад
IEK,DEMO-001,2025-07-25,18.0,SYN-DEMO-001-571,anon-11,Демо-склад
IEK,DEMO-001,2025-07-26,13.0,SYN-DEMO-001-572,anon-12,Демо-склад
IEK,DEMO-001,2025-07-27,15.0,SYN-DEMO-001-573,anon-13,Демо-склад
IEK,DEMO-001,2025-07-28,6.0,SYN-DEMO-001-574,anon-14,Демо-склад
IEK,DEMO-001,2025-07-29,12.0,SYN-DEMO-001-575,anon-15,Демо-склад
IEK,DEMO-001,2025-07-30,11.0,SYN-DEMO-001-576,anon-16,Демо-склад
IEK,DEMO-001,2025-07-31,12.0,SYN-DEMO-001-577,anon-17,Демо-склад
IEK,DEMO-001,2025-08-01,7.0,SYN-DEMO-001-578,anon-18,Демо-склад
IEK,DEMO-001,2025-08-02,17.0,SYN-DEMO-001-579,anon-19,Демо-склад
IEK,DEMO-001,2025-08-03,11.0,SYN-DEMO-001-580,anon-00,Демо-склад
IEK,DEMO-001,2025-08-04,10.0,SYN-DEMO-001-581,anon-01,Демо-склад
IEK,DEMO-001,2025-08-05,10.0,SYN-DEMO-001-582,anon-02,Демо-склад
IEK,DEMO-001,2025-08-06,8.0,SYN-DEMO-001-583,anon-03,Демо-склад
IEK,DEMO-001,2025-08-07,20.0,SYN-DEMO-001-584,anon-04,Демо-склад
IEK,DEMO-001,2025-08-08,8.0,SYN-DEMO-001-585,anon-05,Демо-склад
IEK,DEMO-001,2025-08-09,16.0,SYN-DEMO-001-586,anon-06,Демо-склад
IEK,DEMO-001,2025-08-10,18.0,SYN-DEMO-001-587,anon-07,Демо-склад
IEK,DEMO-001,2025-08-11,9.0,SYN-DEMO-001-588,anon-08,Демо-склад
IEK,DEMO-001,2025-08-12,21.0,SYN-DEMO-001-589,anon-09,Демо-склад
IEK,DEMO-001,2025-08-13,11.0,SYN-DEMO-001-590,anon-10,Демо-склад
IEK,DEMO-001,2025-08-14,9.0,SYN-DEMO-001-591,anon-11,Демо-склад
IEK,DEMO-001,2025-08-15,15.0,SYN-DEMO-001-592,anon-12,Демо-склад
IEK,DEMO-001,2025-08-16,16.0,SYN-DEMO-001-593,anon-13,Демо-склад
IEK,DEMO-001,2025-08-17,9.0,SYN-DEMO-001-594,anon-14,Демо-склад
IEK,DEMO-001,2025-08-18,16.0,SYN-DEMO-001-595,anon-15,Демо-склад
IEK,DEMO-001,2025-08-19,11.0,SYN-DEMO-001-596,anon-16,Демо-склад
IEK,DEMO-001,2025-08-20,11.0,SYN-DEMO-001-597,anon-17,Демо-склад
IEK,DEMO-001,2025-08-21,8.0,SYN-DEMO-001-598,anon-18,Демо-склад
IEK,DEMO-001,2025-08-22,12.0,SYN-DEMO-001-599,anon-19,Демо-склад
IEK,DEMO-001,2025-08-23,13.0,SYN-DEMO-001-600,anon-00,Демо-склад
IEK,DEMO-001,2025-08-24,11.0,SYN-DEMO-001-601,anon-01,Демо-склад
IEK,DEMO-001,2025-08-25,9.0,SYN-DEMO-001-602,anon-02,Демо-склад
IEK,DEMO-001,2025-08-26,15.0,SYN-DEMO-001-603,anon-03,Демо-склад
IEK,DEMO-001,2025-08-27,12.0,SYN-DEMO-001-604,anon-04,Демо-склад
IEK,DEMO-001,2025-08-28,8.0,SYN-DEMO-001-605,anon-05,Демо-склад
IEK,DEMO-001,2025-08-29,10.0,SYN-DEMO-001-606,anon-06,Демо-склад
IEK,DEMO-001,2025-08-30,17.0,SYN-DEMO-001-607,anon-07,Демо-склад
IEK,DEMO-001,2025-08-31,9.0,SYN-DEMO-001-608,anon-08,Демо-склад
IEK,DEMO-001,2025-09-01,9.0,SYN-DEMO-001-609,anon-09,Демо-склад
IEK,DEMO-001,2025-09-02,19.0,SYN-DEMO-001-610,anon-10,Демо-склад
IEK,DEMO-001,2025-09-03,9.0,SYN-DEMO-001-611,anon-11,Демо-склад
IEK,DEMO-001,2025-09-04,11.0,SYN-DEMO-001-612,anon-12,Демо-склад
IEK,DEMO-001,2025-09-05,8.0,SYN-DEMO-001-613,anon-13,Демо-склад
IEK,DEMO-001,2025-09-06,15.0,SYN-DEMO-001-614,anon-14,Демо-склад
IEK,DEMO-001,2025-09-07,16.0,SYN-DEMO-001-615,anon-15,Демо-склад
IEK,DEMO-001,2025-09-08,10.0,SYN-DEMO-001-616,anon-16,Демо-склад
IEK,DEMO-001,2025-09-09,15.0,SYN-DEMO-001-617,anon-17,Демо-склад
IEK,DEMO-001,2025-09-10,14.0,SYN-DEMO-001-618,anon-18,Демо-склад
IEK,DEMO-001,2025-09-11,17.0,SYN-DEMO-001-619,anon-19,Демо-склад
IEK,DEMO-001,2025-09-12,15.0,SYN-DEMO-001-620,anon-00,Демо-склад
IEK,DEMO-001,2025-09-13,7.0,SYN-DEMO-001-621,anon-01,Демо-склад
IEK,DEMO-001,2025-09-14,12.0,SYN-DEMO-001-622,anon-02,Демо-склад
IEK,DEMO-001,2025-09-15,13.0,SYN-DEMO-001-623,anon-03,Демо-склад
IEK,DEMO-001,2025-09-16,9.0,SYN-DEMO-001-624,anon-04,Демо-склад
IEK,DEMO-001,2025-09-17,14.0,SYN-DEMO-001-625,anon-05,Демо-склад
IEK,DEMO-001,2025-09-18,10.0,SYN-DEMO-001-626,anon-06,Демо-склад
IEK,DEMO-001,2025-09-19,6.0,SYN-DEMO-001-627,anon-07,Демо-склад
IEK,DEMO-001,2025-09-20,17.0,SYN-DEMO-001-628,anon-08,Демо-склад
IEK,DEMO-001,2025-09-21,15.0,SYN-DEMO-001-629,anon-09,Демо-склад
IEK,DEMO-001,2025-09-22,10.0,SYN-DEMO-001-630,anon-10,Демо-склад
IEK,DEMO-001,2025-09-23,10.0,SYN-DEMO-001-631,anon-11,Демо-склад
IEK,DEMO-001,2025-09-24,14.0,SYN-DEMO-001-632,anon-12,Демо-склад
IEK,DEMO-001,2025-09-25,12.0,SYN-DEMO-001-633,anon-13,Демо-склад
IEK,DEMO-001,2025-09-26,10.0,SYN-DEMO-001-634,anon-14,Демо-склад
IEK,DEMO-001,2025-09-27,19.0,SYN-DEMO-001-635,anon-15,Демо-склад
IEK,DEMO-001,2025-09-28,15.0,SYN-DEMO-001-636,anon-16,Демо-склад
IEK,DEMO-001,2025-09-29,16.0,SYN-DEMO-001-637,anon-17,Демо-склад
IEK,DEMO-001,2025-09-30,17.0,SYN-DEMO-001-638,anon-18,Демо-склад
IEK,DEMO-001,2025-10-01,12.0,SYN-DEMO-001-639,anon-19,Демо-склад
IEK,DEMO-001,2025-10-02,9.0,SYN-DEMO-001-640,anon-00,Демо-склад
IEK,DEMO-001,2025-10-03,14.0,SYN-DEMO-001-641,anon-01,Демо-склад
IEK,DEMO-001,2025-10-04,15.0,SYN-DEMO-001-642,anon-02,Демо-склад
IEK,DEMO-001,2025-10-05,12.0,SYN-DEMO-001-643,anon-03,Демо-склад
IEK,DEMO-001,2025-10-06,13.0,SYN-DEMO-001-644,anon-04,Демо-склад
IEK,DEMO-001,2025-10-07,10.0,SYN-DEMO-001-645,anon-05,Демо-склад
IEK,DEMO-001,2025-10-08,10.0,SYN-DEMO-001-646,anon-06,Демо-склад
IEK,DEMO-001,2025-10-09,9.0,SYN-DEMO-001-647,anon-07,Демо-склад
IEK,DEMO-001,2025-10-10,7.0,SYN-DEMO-001-648,anon-08,Демо-склад
IEK,DEMO-001,2025-10-11,13.0,SYN-DEMO-001-649,anon-09,Демо-склад
IEK,DEMO-001,2025-10-12,13.0,SYN-DEMO-001-650,anon-10,Демо-склад
IEK,DEMO-001,2025-10-13,13.0,SYN-DEMO-001-651,anon-11,Демо-склад
IEK,DEMO-001,2025-10-14,14.0,SYN-DEMO-001-652,anon-12,Демо-склад
IEK,DEMO-001,2025-10-15,10.0,SYN-DEMO-001-653,anon-13,Демо-склад
IEK,DEMO-001,2025-10-16,8.0,SYN-DEMO-001-654,anon-14,Демо-склад
IEK,DEMO-001,2025-10-17,9.0,SYN-DEMO-001-655,anon-15,Демо-склад
IEK,DEMO-001,2025-10-18,9.0,SYN-DEMO-001-656,anon-16,Демо-склад
IEK,DEMO-001,2025-10-19,10.0,SYN-DEMO-001-657,anon-17,Демо-склад
IEK,DEMO-001,2025-10-20,16.0,SYN-DEMO-001-658,anon-18,Демо-склад
IEK,DEMO-001,2025-10-21,15.0,SYN-DEMO-001-659,anon-19,Демо-склад
IEK,DEMO-001,2025-10-22,9.0,SYN-DEMO-001-660,anon-00,Демо-склад
IEK,DEMO-001,2025-10-23,18.0,SYN-DEMO-001-661,anon-01,Демо-склад
IEK,DEMO-001,2025-10-24,13.0,SYN-DEMO-001-662,anon-02,Демо-склад
IEK,DEMO-001,2025-10-25,13.0,SYN-DEMO-001-663,anon-03,Демо-склад
IEK,DEMO-001,2025-10-26,13.0,SYN-DEMO-001-664,anon-04,Демо-склад
IEK,DEMO-001,2025-10-27,14.0,SYN-DEMO-001-665,anon-05,Демо-склад
IEK,DEMO-001,2025-10-28,6.0,SYN-DEMO-001-666,anon-06,Демо-склад
IEK,DEMO-001,2025-10-29,11.0,SYN-DEMO-001-667,anon-07,Демо-склад
IEK,DEMO-001,2025-10-30,9.0,SYN-DEMO-001-668,anon-08,Демо-склад
IEK,DEMO-001,2025-10-31,15.0,SYN-DEMO-001-669,anon-09,Демо-склад
IEK,DEMO-001,2025-11-01,16.0,SYN-DEMO-001-670,anon-10,Демо-склад
IEK,DEMO-001,2025-11-02,15.0,SYN-DEMO-001-671,anon-11,Демо-склад
IEK,DEMO-001,2025-11-03,12.0,SYN-DEMO-001-672,anon-12,Демо-склад
IEK,DEMO-001,2025-11-04,18.0,SYN-DEMO-001-673,anon-13,Демо-склад
IEK,DEMO-001,2025-11-05,12.0,SYN-DEMO-001-674,anon-14,Демо-склад
IEK,DEMO-001,2025-11-06,15.0,SYN-DEMO-001-675,anon-15,Демо-склад
IEK,DEMO-001,2025-11-07,12.0,SYN-DEMO-001-676,anon-16,Демо-склад
IEK,DEMO-001,2025-11-08,18.0,SYN-DEMO-001-677,anon-17,Демо-склад
IEK,DEMO-001,2025-11-09,11.0,SYN-DEMO-001-678,anon-18,Демо-склад
IEK,DEMO-001,2025-11-10,9.0,SYN-DEMO-001-679,anon-19,Демо-склад
IEK,DEMO-001,2025-11-11,8.0,SYN-DEMO-001-680,anon-00,Демо-склад
IEK,DEMO-001,2025-11-12,10.0,SYN-DEMO-001-681,anon-01,Демо-склад
IEK,DEMO-001,2025-11-13,11.0,SYN-DEMO-001-682,anon-02,Демо-склад
IEK,DEMO-001,2025-11-14,12.0,SYN-DEMO-001-683,anon-03,Демо-склад
IEK,DEMO-001,2025-11-15,9.0,SYN-DEMO-001-684,anon-04,Демо-склад
IEK,DEMO-001,2025-11-16,9.0,SYN-DEMO-001-685,anon-05,Демо-склад
IEK,DEMO-001,2025-11-17,13.0,SYN-DEMO-001-686,anon-06,Демо-склад
IEK,DEMO-001,2025-11-18,18.0,SYN-DEMO-001-687,anon-07,Демо-склад
IEK,DEMO-001,2025-11-19,12.0,SYN-DEMO-001-688,anon-08,Демо-склад
IEK,DEMO-001,2025-11-20,10.0,SYN-DEMO-001-689,anon-09,Демо-склад
IEK,DEMO-001,2025-11-21,17.0,SYN-DEMO-001-690,anon-10,Демо-склад
IEK,DEMO-001,2025-11-22,9.0,SYN-DEMO-001-691,anon-11,Демо-склад
IEK,DEMO-001,2025-11-23,12.0,SYN-DEMO-001-692,anon-12,Демо-склад
IEK,DEMO-001,2025-11-24,12.0,SYN-DEMO-001-693,anon-13,Демо-склад
IEK,DEMO-001,2025-11-25,11.0,SYN-DEMO-001-694,anon-14,Демо-склад
IEK,DEMO-001,2025-11-26,10.0,SYN-DEMO-001-695,anon-15,Демо-склад
IEK,DEMO-001,2025-11-27,7.0,SYN-DEMO-001-696,anon-16,Демо-склад
IEK,DEMO-001,2025-11-28,16.0,SYN-DEMO-001-697,anon-17,Демо-склад
IEK,DEMO-001,2025-11-29,9.0,SYN-DEMO-001-698,anon-18,Демо-склад
IEK,DEMO-001,2025-11-30,12.0,SYN-DEMO-001-699,anon-19,Демо-склад
IEK,DEMO-001,2025-12-01,10.0,SYN-DEMO-001-700,anon-00,Демо-склад
IEK,DEMO-001,2025-12-02,14.0,SYN-DEMO-001-701,anon-01,Демо-склад
IEK,DEMO-001,2025-12-03,5.0,SYN-DEMO-001-702,anon-02,Демо-склад
IEK,DEMO-001,2025-12-04,13.0,SYN-DEMO-001-703,anon-03,Демо-склад
IEK,DEMO-001,2025-12-05,16.0,SYN-DEMO-001-704,anon-04,Демо-склад
IEK,DEMO-001,2025-12-06,13.0,SYN-DEMO-001-705,anon-05,Демо-склад
IEK,DEMO-001,2025-12-07,11.0,SYN-DEMO-001-706,anon-06,Демо-склад
IEK,DEMO-001,2025-12-08,17.0,SYN-DEMO-001-707,anon-07,Демо-склад
IEK,DEMO-001,2025-12-09,8.0,SYN-DEMO-001-708,anon-08,Демо-склад
IEK,DEMO-001,2025-12-10,14.0,SYN-DEMO-001-709,anon-09,Демо-склад
IEK,DEMO-001,2025-12-11,12.0,SYN-DEMO-001-710,anon-10,Демо-склад
IEK,DEMO-001,2025-12-12,12.0,SYN-DEMO-001-711,anon-11,Демо-склад
IEK,DEMO-001,2025-12-13,9.0,SYN-DEMO-001-712,anon-12,Демо-склад
IEK,DEMO-001,2025-12-14,10.0,SYN-DEMO-001-713,anon-13,Демо-склад
IEK,DEMO-001,2025-12-15,13.0,SYN-DEMO-001-714,anon-14,Демо-склад
IEK,DEMO-001,2025-12-16,14.0,SYN-DEMO-001-715,anon-15,Демо-склад
IEK,DEMO-001,2025-12-17,12.0,SYN-DEMO-001-716,anon-16,Демо-склад
IEK,DEMO-001,2025-12-18,9.0,SYN-DEMO-001-717,anon-17,Демо-склад
IEK,DEMO-001,2025-12-19,9.0,SYN-DEMO-001-718,anon-18,Демо-склад
IEK,DEMO-001,2025-12-20,11.0,SYN-DEMO-001-719,anon-19,Демо-склад
IEK,DEMO-001,2025-12-21,20.0,SYN-DEMO-001-720,anon-00,Демо-склад
IEK,DEMO-001,2025-12-22,12.0,SYN-DEMO-001-721,anon-01,Демо-склад
IEK,DEMO-001,2025-12-23,16.0,SYN-DEMO-001-722,anon-02,Демо-склад
IEK,DEMO-001,2025-12-24,13.0,SYN-DEMO-001-723,anon-03,Демо-склад
IEK,DEMO-001,2025-12-25,13.0,SYN-DEMO-001-724,anon-04,Демо-склад
IEK,DEMO-001,2025-12-26,15.0,SYN-DEMO-001-725,anon-05,Демо-склад
IEK,DEMO-001,2025-12-27,12.0,SYN-DEMO-001-726,anon-06,Демо-склад
IEK,DEMO-001,2025-12-28,15.0,SYN-DEMO-001-727,anon-07,Демо-склад
IEK,DEMO-001,2025-12-29,8.0,SYN-DEMO-001-728,anon-08,Демо-склад
IEK,DEMO-001,2025-12-30,15.0,SYN-DEMO-001-729,anon-09,Демо-склад
IEK,DEMO-001,2025-12-31,16.0,SYN-DEMO-001-730,anon-10,Демо-склад
IEK,DEMO-001,2026-01-01,16.0,SYN-DEMO-001-731,anon-11,Демо-склад
IEK,DEMO-001,2026-01-02,9.0,SYN-DEMO-001-732,anon-12,Демо-склад
IEK,DEMO-001,2026-01-03,10.0,SYN-DEMO-001-733,anon-13,Демо-склад
IEK,DEMO-001,2026-01-04,12.0,SYN-DEMO-001-734,anon-14,Демо-склад
IEK,DEMO-001,2026-01-05,10.0,SYN-DEMO-001-735,anon-15,Демо-склад
IEK,DEMO-001,2026-01-06,16.0,SYN-DEMO-001-736,anon-16,Демо-склад
IEK,DEMO-001,2026-01-07,16.0,SYN-DEMO-001-737,anon-17,Демо-склад
IEK,DEMO-001,2026-01-08,20.0,SYN-DEMO-001-738,anon-18,Демо-склад
IEK,DEMO-001,2026-01-09,12.0,SYN-DEMO-001-739,anon-19,Демо-склад
IEK,DEMO-001,2026-01-10,8.0,SYN-DEMO-001-740,anon-00,Демо-склад
IEK,DEMO-001,2026-01-11,4.0,SYN-DEMO-001-741,anon-01,Демо-склад
IEK,DEMO-001,2026-01-12,8.0,SYN-DEMO-001-742,anon-02,Демо-склад
IEK,DEMO-001,2026-01-13,11.0,SYN-DEMO-001-743,anon-03,Демо-склад
IEK,DEMO-001,2026-01-14,10.0,SYN-DEMO-001-744,anon-04,Демо-склад
IEK,DEMO-001,2026-01-15,13.0,SYN-DEMO-001-745,anon-05,Демо-склад
IEK,DEMO-001,2026-01-16,14.0,SYN-DEMO-001-746,anon-06,Демо-склад
IEK,DEMO-001,2026-01-17,11.0,SYN-DEMO-001-747,anon-07,Демо-склад
IEK,DEMO-001,2026-01-18,16.0,SYN-DEMO-001-748,anon-08,Демо-склад
IEK,DEMO-001,2026-01-19,12.0,SYN-DEMO-001-749,anon-09,Демо-склад
IEK,DEMO-001,2026-01-20,10.0,SYN-DEMO-001-750,anon-10,Демо-склад
IEK,DEMO-001,2026-01-21,7.0,SYN-DEMO-001-751,anon-11,Демо-склад
IEK,DEMO-001,2026-01-22,19.0,SYN-DEMO-001-752,anon-12,Демо-склад
IEK,DEMO-001,2026-01-23,13.0,SYN-DEMO-001-753,anon-13,Демо-склад
IEK,DEMO-001,2026-01-24,10.0,SYN-DEMO-001-754,anon-14,Демо-склад
IEK,DEMO-001,2026-01-25,26.0,SYN-DEMO-001-755,anon-15,Демо-склад
IEK,DEMO-001,2026-01-26,11.0,SYN-DEMO-001-756,anon-16,Демо-склад
IEK,DEMO-001,2026-01-27,8.0,SYN-DEMO-001-757,anon-17,Демо-склад
IEK,DEMO-001,2026-01-28,11.0,SYN-DEMO-001-758,anon-18,Демо-склад
IEK,DEMO-001,2026-01-29,10.0,SYN-DEMO-001-759,anon-19,Демо-склад
IEK,DEMO-001,2026-01-30,7.0,SYN-DEMO-001-760,anon-00,Демо-склад
IEK,DEMO-001,2026-01-31,19.0,SYN-DEMO-001-761,anon-01,Демо-склад
IEK,DEMO-001,2026-02-01,12.0,SYN-DEMO-001-762,anon-02,Демо-склад
IEK,DEMO-001,2026-02-02,11.0,SYN-DEMO-001-763,anon-03,Демо-склад
IEK,DEMO-001,2026-02-03,9.0,SYN-DEMO-001-764,anon-04,Демо-склад
IEK,DEMO-001,2026-02-04,16.0,SYN-DEMO-001-765,anon-05,Демо-склад
IEK,DEMO-001,2026-02-05,10.0,SYN-DEMO-001-766,anon-06,Демо-склад
IEK,DEMO-001,2026-02-06,11.0,SYN-DEMO-001-767,anon-07,Демо-склад
IEK,DEMO-001,2026-02-07,24.0,SYN-DEMO-001-768,anon-08,Демо-склад
IEK,DEMO-001,2026-02-08,10.0,SYN-DEMO-001-769,anon-09,Демо-склад
IEK,DEMO-001,2026-02-09,11.0,SYN-DEMO-001-770,anon-10,Демо-склад
IEK,DEMO-001,2026-02-10,14.0,SYN-DEMO-001-771,anon-11,Демо-склад
IEK,DEMO-001,2026-02-11,14.0,SYN-DEMO-001-772,anon-12,Демо-склад
IEK,DEMO-001,2026-02-12,10.0,SYN-DEMO-001-773,anon-13,Демо-склад
IEK,DEMO-001,2026-02-13,14.0,SYN-DEMO-001-774,anon-14,Демо-склад
IEK,DEMO-001,2026-02-14,10.0,SYN-DEMO-001-775,anon-15,Демо-склад
IEK,DEMO-001,2026-02-15,13.0,SYN-DEMO-001-776,anon-16,Демо-склад
IEK,DEMO-001,2026-02-16,17.0,SYN-DEMO-001-777,anon-17,Демо-склад
IEK,DEMO-001,2026-02-17,7.0,SYN-DEMO-001-778,anon-18,Демо-склад
IEK,DEMO-001,2026-02-18,15.0,SYN-DEMO-001-779,anon-19,Демо-склад
IEK,DEMO-001,2026-02-19,13.0,SYN-DEMO-001-780,anon-00,Демо-склад
IEK,DEMO-001,2026-02-20,10.0,SYN-DEMO-001-781,anon-01,Демо-склад
IEK,DEMO-001,2026-02-21,12.0,SYN-DEMO-001-782,anon-02,Демо-склад
IEK,DEMO-001,2026-02-22,8.0,SYN-DEMO-001-783,anon-03,Демо-склад
IEK,DEMO-001,2026-02-23,9.0,SYN-DEMO-001-784,anon-04,Демо-склад
IEK,DEMO-001,2026-02-24,7.0,SYN-DEMO-001-785,anon-05,Демо-склад
IEK,DEMO-001,2026-02-25,9.0,SYN-DEMO-001-786,anon-06,Демо-склад
IEK,DEMO-001,2026-02-26,10.0,SYN-DEMO-001-787,anon-07,Демо-склад
IEK,DEMO-001,2026-02-27,11.0,SYN-DEMO-001-788,anon-08,Демо-склад
IEK,DEMO-001,2026-02-28,10.0,SYN-DEMO-001-789,anon-09,Демо-склад
IEK,DEMO-001,2026-03-01,6.0,SYN-DEMO-001-790,anon-10,Демо-склад
IEK,DEMO-001,2026-03-02,9.0,SYN-DEMO-001-791,anon-11,Демо-склад
IEK,DEMO-001,2026-03-03,12.0,SYN-DEMO-001-792,anon-12,Демо-склад
IEK,DEMO-001,2026-03-04,10.0,SYN-DEMO-001-793,anon-13,Демо-склад
IEK,DEMO-001,2026-03-05,17.0,SYN-DEMO-001-794,anon-14,Демо-склад
IEK,DEMO-001,2026-03-06,10.0,SYN-DEMO-001-795,anon-15,Демо-склад
IEK,DEMO-001,2026-03-07,15.0,SYN-DEMO-001-796,anon-16,Демо-склад
IEK,DEMO-001,2026-03-08,14.0,SYN-DEMO-001-797,anon-17,Демо-склад
IEK,DEMO-001,2026-03-09,13.0,SYN-DEMO-001-798,anon-18,Демо-склад
IEK,DEMO-001,2026-03-10,7.0,SYN-DEMO-001-799,anon-19,Демо-склад
IEK,DEMO-001,2026-03-11,11.0,SYN-DEMO-001-800,anon-00,Демо-склад
IEK,DEMO-001,2026-03-12,11.0,SYN-DEMO-001-801,anon-01,Демо-склад
IEK,DEMO-001,2026-03-13,11.0,SYN-DEMO-001-802,anon-02,Демо-склад
IEK,DEMO-001,2026-03-14,17.0,SYN-DEMO-001-803,anon-03,Демо-склад
IEK,DEMO-001,2026-03-15,17.0,SYN-DEMO-001-804,anon-04,Демо-склад
IEK,DEMO-001,2026-03-16,10.0,SYN-DEMO-001-805,anon-05,Демо-склад
IEK,DEMO-001,2026-03-17,11.0,SYN-DEMO-001-806,anon-06,Демо-склад
IEK,DEMO-001,2026-03-18,12.0,SYN-DEMO-001-807,anon-07,Демо-склад
IEK,DEMO-001,2026-03-19,10.0,SYN-DEMO-001-808,anon-08,Демо-склад
IEK,DEMO-001,2026-03-20,11.0,SYN-DEMO-001-809,anon-09,Демо-склад
IEK,DEMO-001,2026-03-21,16.0,SYN-DEMO-001-810,anon-10,Демо-склад
IEK,DEMO-001,2026-03-22,12.0,SYN-DEMO-001-811,anon-11,Демо-склад
IEK,DEMO-001,2026-03-23,16.0,SYN-DEMO-001-812,anon-12,Демо-склад
IEK,DEMO-001,2026-03-24,7.0,SYN-DEMO-001-813,anon-13,Демо-склад
IEK,DEMO-001,2026-03-25,14.0,SYN-DEMO-001-814,anon-14,Демо-склад
IEK,DEMO-001,2026-03-26,13.0,SYN-DEMO-001-815,anon-15,Демо-склад
IEK,DEMO-001,2026-03-27,9.0,SYN-DEMO-001-816,anon-16,Демо-склад
IEK,DEMO-001,2026-03-28,17.0,SYN-DEMO-001-817,anon-17,Демо-склад
IEK,DEMO-001,2026-03-29,10.0,SYN-DEMO-001-818,anon-18,Демо-склад
IEK,DEMO-001,2026-03-30,14.0,SYN-DEMO-001-819,anon-19,Демо-склад
IEK,DEMO-001,2026-03-31,8.0,SYN-DEMO-001-820,anon-00,Демо-склад
IEK,DEMO-001,2026-04-01,17.0,SYN-DEMO-001-821,anon-01,Демо-склад
IEK,DEMO-001,2026-04-02,18.0,SYN-DEMO-001-822,anon-02,Демо-склад
IEK,DEMO-001,2026-04-03,19.0,SYN-DEMO-001-823,anon-03,Демо-склад
IEK,DEMO-001,2026-04-04,10.0,SYN-DEMO-001-824,anon-04,Демо-склад
IEK,DEMO-001,2026-04-05,11.0,SYN-DEMO-001-825,anon-05,Демо-склад
IEK,DEMO-001,2026-04-06,17.0,SYN-DEMO-001-826,anon-06,Демо-склад
IEK,DEMO-001,2026-04-07,14.0,SYN-DEMO-001-827,anon-07,Демо-склад
IEK,DEMO-001,2026-04-08,10.0,SYN-DEMO-001-828,anon-08,Демо-склад
IEK,DEMO-001,2026-04-09,7.0,SYN-DEMO-001-829,anon-09,Демо-склад
IEK,DEMO-001,2026-04-10,11.0,SYN-DEMO-001-830,anon-10,Демо-склад
IEK,DEMO-001,2026-04-11,10.0,SYN-DEMO-001-831,anon-11,Демо-склад
IEK,DEMO-001,2026-04-12,11.0,SYN-DEMO-001-832,anon-12,Демо-склад
IEK,DEMO-001,2026-04-13,11.0,SYN-DEMO-001-833,anon-13,Демо-склад
IEK,DEMO-001,2026-04-14,9.0,SYN-DEMO-001-834,anon-14,Демо-склад
IEK,DEMO-001,2026-04-15,11.0,SYN-DEMO-001-835,anon-15,Демо-склад
IEK,DEMO-001,2026-04-16,12.0,SYN-DEMO-001-836,anon-16,Демо-склад
IEK,DEMO-001,2026-04-17,11.0,SYN-DEMO-001-837,anon-17,Демо-склад
IEK,DEMO-001,2026-04-18,21.0,SYN-DEMO-001-838,anon-18,Демо-склад
IEK,DEMO-001,2026-04-19,5.0,SYN-DEMO-001-839,anon-19,Демо-склад
IEK,DEMO-001,2026-04-20,11.0,SYN-DEMO-001-840,anon-00,Демо-склад
IEK,DEMO-001,2026-04-21,13.0,SYN-DEMO-001-841,anon-01,Демо-склад
IEK,DEMO-001,2026-04-22,15.0,SYN-DEMO-001-842,anon-02,Демо-склад
IEK,DEMO-001,2026-04-23,13.0,SYN-DEMO-001-843,anon-03,Демо-склад
IEK,DEMO-001,2026-04-24,17.0,SYN-DEMO-001-844,anon-04,Демо-склад
IEK,DEMO-001,2026-04-25,13.0,SYN-DEMO-001-845,anon-05,Демо-склад
IEK,DEMO-001,2026-04-26,16.0,SYN-DEMO-001-846,anon-06,Демо-склад
IEK,DEMO-001,2026-04-27,11.0,SYN-DEMO-001-847,anon-07,Демо-склад
IEK,DEMO-001,2026-04-28,10.0,SYN-DEMO-001-848,anon-08,Демо-склад
IEK,DEMO-001,2026-04-29,9.0,SYN-DEMO-001-849,anon-09,Демо-склад
IEK,DEMO-001,2026-04-30,8.0,SYN-DEMO-001-850,anon-10,Демо-склад
IEK,DEMO-001,2026-05-01,13.0,SYN-DEMO-001-851,anon-11,Демо-склад
IEK,DEMO-001,2026-05-02,10.0,SYN-DEMO-001-852,anon-12,Демо-склад
IEK,DEMO-001,2026-05-03,14.0,SYN-DEMO-001-853,anon-13,Демо-склад
IEK,DEMO-001,2026-05-04,19.0,SYN-DEMO-001-854,anon-14,Демо-склад
IEK,DEMO-001,2026-05-05,12.0,SYN-DEMO-001-855,anon-15,Демо-склад
IEK,DEMO-001,2026-05-06,11.0,SYN-DEMO-001-856,anon-16,Демо-склад
IEK,DEMO-001,2026-05-07,12.0,SYN-DEMO-001-857,anon-17,Демо-склад
IEK,DEMO-001,2026-05-08,11.0,SYN-DEMO-001-858,anon-18,Демо-склад
IEK,DEMO-001,2026-05-09,10.0,SYN-DEMO-001-859,anon-19,Демо-склад
IEK,DEMO-001,2026-05-10,8.0,SYN-DEMO-001-860,anon-00,Демо-склад
IEK,DEMO-001,2026-05-11,11.0,SYN-DEMO-001-861,anon-01,Демо-склад
IEK,DEMO-001,2026-05-12,9.0,SYN-DEMO-001-862,anon-02,Демо-склад
IEK,DEMO-001,2026-05-13,13.0,SYN-DEMO-001-863,anon-03,Демо-склад
IEK,DEMO-001,2026-05-14,13.0,SYN-DEMO-001-864,anon-04,Демо-склад
IEK,DEMO-001,2026-05-15,16.0,SYN-DEMO-001-865,anon-05,Демо-склад
IEK,DEMO-001,2026-05-16,11.0,SYN-DEMO-001-866,anon-06,Демо-склад
IEK,DEMO-001,2026-05-17,17.0,SYN-DEMO-001-867,anon-07,Демо-склад
IEK,DEMO-001,2026-05-18,13.0,SYN-DEMO-001-868,anon-08,Демо-склад
IEK,DEMO-001,2026-05-19,8.0,SYN-DEMO-001-869,anon-09,Демо-склад
IEK,DEMO-001,2026-05-20,14.0,SYN-DEMO-001-870,anon-10,Демо-склад
IEK,DEMO-001,2026-05-21,14.0,SYN-DEMO-001-871,anon-11,Демо-склад
IEK,DEMO-001,2026-05-22,6.0,SYN-DEMO-001-872,anon-12,Демо-склад
IEK,DEMO-001,2026-05-23,9.0,SYN-DEMO-001-873,anon-13,Демо-склад
IEK,DEMO-001,2026-05-24,11.0,SYN-DEMO-001-874,anon-14,Демо-склад
IEK,DEMO-001,2026-05-25,12.0,SYN-DEMO-001-875,anon-15,Демо-склад
IEK,DEMO-001,2026-05-26,16.0,SYN-DEMO-001-876,anon-16,Демо-склад
IEK,DEMO-001,2026-05-27,12.0,SYN-DEMO-001-877,anon-17,Демо-склад
IEK,DEMO-001,2026-05-28,14.0,SYN-DEMO-001-878,anon-18,Демо-склад
IEK,DEMO-001,2026-05-29,9.0,SYN-DEMO-001-879,anon-19,Демо-склад
IEK,DEMO-001,2026-05-30,11.0,SYN-DEMO-001-880,anon-00,Демо-склад
IEK,DEMO-001,2026-05-31,12.0,SYN-DEMO-001-881,anon-01,Демо-склад
IEK,DEMO-001,2026-06-01,10.0,SYN-DEMO-001-882,anon-02,Демо-склад
IEK,DEMO-001,2026-06-02,10.0,SYN-DEMO-001-883,anon-03,Демо-склад
IEK,DEMO-001,2026-06-03,17.0,SYN-DEMO-001-884,anon-04,Демо-склад
IEK,DEMO-001,2026-06-04,16.0,SYN-DEMO-001-885,anon-05,Демо-склад
IEK,DEMO-001,2026-06-05,8.0,SYN-DEMO-001-886,anon-06,Демо-склад
IEK,DEMO-001,2026-06-06,15.0,SYN-DEMO-001-887,anon-07,Демо-склад
IEK,DEMO-001,2026-06-07,13.0,SYN-DEMO-001-888,anon-08,Демо-склад
IEK,DEMO-001,2026-06-08,10.0,SYN-DEMO-001-889,anon-09,Демо-склад
IEK,DEMO-001,2026-06-09,9.0,SYN-DEMO-001-890,anon-10,Демо-склад
IEK,DEMO-001,2026-06-10,7.0,SYN-DEMO-001-891,anon-11,Демо-склад
IEK,DEMO-001,2026-06-11,13.0,SYN-DEMO-001-892,anon-12,Демо-склад
IEK,DEMO-001,2026-06-12,15.0,SYN-DEMO-001-893,anon-13,Демо-склад
IEK,DEMO-001,2026-06-13,13.0,SYN-DEMO-001-894,anon-14,Демо-склад
IEK,DEMO-001,2026-06-14,11.0,SYN-DEMO-001-895,anon-15,Демо-склад
IEK,DEMO-001,2026-06-15,12.0,SYN-DEMO-001-896,anon-16,Демо-склад
IEK,DEMO-001,2026-06-16,9.0,SYN-DEMO-001-897,anon-17,Демо-склад
IEK,DEMO-001,2026-06-17,7.0,SYN-DEMO-001-898,anon-18,Демо-склад
IEK,DEMO-001,2026-06-18,15.0,SYN-DEMO-001-899,anon-19,Демо-склад
IEK,DEMO-001,2026-06-19,17.0,SYN-DEMO-001-900,anon-00,Демо-склад
IEK,DEMO-001,2026-06-20,13.0,SYN-DEMO-001-901,anon-01,Демо-склад
IEK,DEMO-001,2026-06-21,13.0,SYN-DEMO-001-902,anon-02,Демо-склад
IEK,DEMO-001,2026-06-22,13.0,SYN-DEMO-001-903,anon-03,Демо-склад
IEK,DEMO-001,2026-06-23,11.0,SYN-DEMO-001-904,anon-04,Демо-склад
IEK,DEMO-001,2026-06-24,9.0,SYN-DEMO-001-905,anon-05,Демо-склад
IEK,DEMO-001,2026-06-25,12.0,SYN-DEMO-001-906,anon-06,Демо-склад
IEK,DEMO-001,2026-06-26,13.0,SYN-DEMO-001-907,anon-07,Демо-склад
IEK,DEMO-001,2026-06-27,14.0,SYN-DEMO-001-908,anon-08,Демо-склад
IEK,DEMO-001,2026-06-28,13.0,SYN-DEMO-001-909,anon-09,Демо-склад
IEK,DEMO-001,2026-06-29,13.0,SYN-DEMO-001-910,anon-10,Демо-склад
IEK,DEMO-001,2026-06-30,13.0,SYN-DEMO-001-911,anon-11,Демо-склад
IEK,DEMO-001,2026-07-01,9.0,SYN-DEMO-001-912,anon-12,Демо-склад
IEK,DEMO-001,2026-07-02,6.0,SYN-DEMO-001-913,anon-13,Демо-склад
IEK,DEMO-001,2026-07-03,9.0,SYN-DEMO-001-914,anon-14,Демо-склад
IEK,DEMO-001,2026-07-04,16.0,SYN-DEMO-001-915,anon-15,Демо-склад
IEK,DEMO-001,2026-07-05,13.0,SYN-DEMO-001-916,anon-16,Демо-склад
IEK,DEMO-001,2026-07-06,11.0,SYN-DEMO-001-917,anon-17,Демо-склад
IEK,DEMO-001,2026-07-07,14.0,SYN-DEMO-001-918,anon-18,Демо-склад
IEK,DEMO-001,2026-07-08,11.0,SYN-DEMO-001-919,anon-19,Демо-склад
IEK,DEMO-001,2026-07-09,8.0,SYN-DEMO-001-920,anon-00,Демо-склад
IEK,DEMO-001,2026-07-10,11.0,SYN-DEMO-001-921,anon-01,Демо-склад
IEK,DEMO-001,2026-07-11,12.0,SYN-DEMO-001-922,anon-02,Демо-склад
IEK,DEMO-001,2026-07-12,7.0,SYN-DEMO-001-923,anon-03,Демо-склад
IEK,DEMO-001,2026-07-13,16.0,SYN-DEMO-001-924,anon-04,Демо-склад
IEK,DEMO-001,2026-07-14,7.0,SYN-DEMO-001-925,anon-05,Демо-склад
IEK,DEMO-001,2026-07-15,20.0,SYN-DEMO-001-926,anon-06,Демо-склад
IEK,DEMO-001,2026-07-16,17.0,SYN-DEMO-001-927,anon-07,Демо-склад
IEK,DEMO-001,2026-07-17,12.0,SYN-DEMO-001-928,anon-08,Демо-склад
IEK,DEMO-001,2026-07-18,16.0,SYN-DEMO-001-929,anon-09,Демо-склад
IEK,DEMO-001,2026-07-19,9.0,SYN-DEMO-001-930,anon-10,Демо-склад
IEK,DEMO-001,2026-07-20,12.0,SYN-DEMO-001-931,anon-11,Демо-склад
IEK,DEMO-001,2026-07-21,12.0,SYN-DEMO-001-932,anon-12,Демо-склад
IEK,DEMO-001,2026-07-22,7.0,SYN-DEMO-001-933,anon-13,Демо-склад
IEK,DEMO-001,2026-07-23,9.0,SYN-DEMO-001-934,anon-14,Демо-склад
IEK,DEMO-001,2026-07-24,8.0,SYN-DEMO-001-935,anon-15,Демо-склад
IEK,DEMO-001,2026-07-25,12.0,SYN-DEMO-001-936,anon-16,Демо-склад
IEK,DEMO-001,2026-07-26,8.0,SYN-DEMO-001-937,anon-17,Демо-склад
IEK,DEMO-001,2026-07-27,11.0,SYN-DEMO-001-938,anon-18,Демо-склад
IEK,DEMO-001,2026-07-28,18.0,SYN-DEMO-001-939,anon-19,Демо-склад
IEK,DEMO-001,2026-07-29,16.0,SYN-DEMO-001-940,anon-00,Демо-склад
IEK,DEMO-001,2026-07-30,13.0,SYN-DEMO-001-941,anon-01,Демо-склад
IEK,DEMO-001,2026-07-31,14.0,SYN-DEMO-001-942,anon-02,Демо-склад
IEK,DEMO-001,2026-08-01,20.0,SYN-DEMO-001-943,anon-03,Демо-склад
IEK,DEMO-001,2026-08-02,15.0,SYN-DEMO-001-944,anon-04,Демо-склад
IEK,DEMO-001,2026-08-03,12.0,SYN-DEMO-001-945,anon-05,Демо-склад
IEK,DEMO-001,2026-08-04,10.0,SYN-DEMO-001-946,anon-06,Демо-склад
IEK,DEMO-001,2026-08-05,12.0,SYN-DEMO-001-947,anon-07,Демо-склад
IEK,DEMO-001,2026-08-06,22.0,SYN-DEMO-001-948,anon-08,Демо-склад
IEK,DEMO-001,2026-08-07,10.0,SYN-DEMO-001-949,anon-09,Демо-склад
IEK,DEMO-001,2026-08-08,12.0,SYN-DEMO-001-950,anon-10,Демо-склад
IEK,DEMO-001,2026-08-09,10.0,SYN-DEMO-001-951,anon-11,Демо-склад
IEK,DEMO-001,2026-08-10,12.0,SYN-DEMO-001-952,anon-12,Демо-склад
IEK,DEMO-001,2026-08-11,13.0,SYN-DEMO-001-953,anon-13,Демо-склад
IEK,DEMO-001,2026-08-12,15.0,SYN-DEMO-001-954,anon-14,Демо-склад
IEK,DEMO-001,2026-08-13,13.0,SYN-DEMO-001-955,anon-15,Демо-склад
IEK,DEMO-001,2026-08-14,3.0,SYN-DEMO-001-956,anon-16,Демо-склад
IEK,DEMO-001,2026-08-15,12.0,SYN-DEMO-001-957,anon-17,Демо-склад
IEK,DEMO-001,2026-08-16,6.0,SYN-DEMO-001-958,anon-18,Демо-склад
IEK,DEMO-001,2026-08-17,10.0,SYN-DEMO-001-959,anon-19,Демо-склад
IEK,DEMO-001,2026-08-18,11.0,SYN-DEMO-001-960,anon-00,Демо-склад
IEK,DEMO-001,2026-08-19,14.0,SYN-DEMO-001-961,anon-01,Демо-склад
IEK,DEMO-001,2026-08-20,10.0,SYN-DEMO-001-962,anon-02,Демо-склад
IEK,DEMO-001,2026-08-21,6.0,SYN-DEMO-001-963,anon-03,Демо-склад
IEK,DEMO-001,2026-08-22,11.0,SYN-DEMO-001-964,anon-04,Демо-склад
IEK,DEMO-001,2026-08-23,11.0,SYN-DEMO-001-965,anon-05,Демо-склад
IEK,DEMO-001,2026-08-24,13.0,SYN-DEMO-001-966,anon-06,Демо-склад
IEK,DEMO-001,2026-08-25,14.0,SYN-DEMO-001-967,anon-07,Демо-склад
IEK,DEMO-001,2026-08-26,12.0,SYN-DEMO-001-968,anon-08,Демо-склад
IEK,DEMO-001,2026-08-27,9.0,SYN-DEMO-001-969,anon-09,Демо-склад
IEK,DEMO-001,2026-08-28,13.0,SYN-DEMO-001-970,anon-10,Демо-склад
IEK,DEMO-001,2026-08-29,13.0,SYN-DEMO-001-971,anon-11,Демо-склад
IEK,DEMO-001,2026-08-30,10.0,SYN-DEMO-001-972,anon-12,Демо-склад
IEK,DEMO-001,2026-08-31,6.0,SYN-DEMO-001-973,anon-13,Демо-склад
IEK,DEMO-001,2026-09-01,17.0,SYN-DEMO-001-974,anon-14,Демо-склад
IEK,DEMO-001,2026-09-02,12.0,SYN-DEMO-001-975,anon-15,Демо-склад
IEK,DEMO-001,2026-09-03,12.0,SYN-DEMO-001-976,anon-16,Демо-склад
IEK,DEMO-001,2026-09-04,16.0,SYN-DEMO-001-977,anon-17,Демо-склад
IEK,DEMO-001,2026-09-05,14.0,SYN-DEMO-001-978,anon-18,Демо-склад
IEK,DEMO-001,2026-09-06,13.0,SYN-DEMO-001-979,anon-19,Демо-склад
IEK,DEMO-001,2026-09-07,10.0,SYN-DEMO-001-980,anon-00,Демо-склад
IEK,DEMO-001,2026-09-08,14.0,SYN-DEMO-001-981,anon-01,Демо-склад
IEK,DEMO-001,2026-09-09,11.0,SYN-DEMO-001-982,anon-02,Демо-склад
IEK,DEMO-001,2026-09-10,11.0,SYN-DEMO-001-983,anon-03,Демо-склад
IEK,DEMO-001,2026-09-11,7.0,SYN-DEMO-001-984,anon-04,Демо-склад
IEK,DEMO-001,2026-09-12,16.0,SYN-DEMO-001-985,anon-05,Демо-склад
IEK,DEMO-001,2026-09-13,11.0,SYN-DEMO-001-986,anon-06,Демо-склад
IEK,DEMO-001,2026-09-14,12.0,SYN-DEMO-001-987,anon-07,Демо-склад
IEK,DEMO-001,2026-09-15,17.0,SYN-DEMO-001-988,anon-08,Демо-склад
IEK,DEMO-001,2026-09-16,13.0,SYN-DEMO-001-989,anon-09,Демо-склад
IEK,DEMO-001,2026-09-17,13.0,SYN-DEMO-001-990,anon-10,Демо-склад
IEK,DEMO-001,2026-09-18,11.0,SYN-DEMO-001-991,anon-11,Демо-склад
IEK,DEMO-001,2026-09-19,13.0,SYN-DEMO-001-992,anon-12,Демо-склад
IEK,DEMO-001,2026-09-20,12.0,SYN-DEMO-001-993,anon-13,Демо-склад
IEK,DEMO-001,2026-09-21,15.0,SYN-DEMO-001-994,anon-14,Демо-склад
IEK,DEMO-001,2026-09-22,8.0,SYN-DEMO-001-995,anon-15,Демо-склад
IEK,DEMO-002,2024-01-01,8.0,SYN-DEMO-002-0,anon-00,Демо-склад
IEK,DEMO-002,2024-01-02,8.0,SYN-DEMO-002-1,anon-01,Демо-склад
IEK,DEMO-002,2024-01-03,8.0,SYN-DEMO-002-2,anon-02,Демо-склад
IEK,DEMO-002,2024-01-04,18.0,SYN-DEMO-002-3,anon-03,Демо-склад
IEK,DEMO-002,2024-01-05,15.0,SYN-DEMO-002-4,anon-04,Демо-склад
IEK,DEMO-002,2024-01-06,14.0,SYN-DEMO-002-5,anon-05,Демо-склад
IEK,DEMO-002,2024-01-07,9.0,SYN-DEMO-002-6,anon-06,Демо-склад
IEK,DEMO-002,2024-01-08,12.0,SYN-DEMO-002-7,anon-07,Демо-склад
IEK,DEMO-002,2024-01-09,9.0,SYN-DEMO-002-8,anon-08,Демо-склад
IEK,DEMO-002,2024-01-10,13.0,SYN-DEMO-002-9,anon-09,Демо-склад
IEK,DEMO-002,2024-01-11,15.0,SYN-DEMO-002-10,anon-10,Демо-склад
IEK,DEMO-002,2024-01-12,7.0,SYN-DEMO-002-11,anon-11,Демо-склад
IEK,DEMO-002,2024-01-13,21.0,SYN-DEMO-002-12,anon-12,Демо-склад
IEK,DEMO-002,2024-01-14,8.0,SYN-DEMO-002-13,anon-13,Демо-склад
IEK,DEMO-002,2024-01-15,15.0,SYN-DEMO-002-14,anon-14,Демо-склад
IEK,DEMO-002,2024-01-16,11.0,SYN-DEMO-002-15,anon-15,Демо-склад
IEK,DEMO-002,2024-01-17,9.0,SYN-DEMO-002-16,anon-16,Демо-склад
IEK,DEMO-002,2024-01-18,7.0,SYN-DEMO-002-17,anon-17,Демо-склад
IEK,DEMO-002,2024-01-19,14.0,SYN-DEMO-002-18,anon-18,Демо-склад
IEK,DEMO-002,2024-01-20,9.0,SYN-DEMO-002-19,anon-19,Демо-склад
IEK,DEMO-002,2024-01-21,11.0,SYN-DEMO-002-20,anon-00,Демо-склад
IEK,DEMO-002,2024-01-22,8.0,SYN-DEMO-002-21,anon-01,Демо-склад
IEK,DEMO-002,2024-01-23,7.0,SYN-DEMO-002-22,anon-02,Демо-склад
IEK,DEMO-002,2024-01-24,13.0,SYN-DEMO-002-23,anon-03,Демо-склад
IEK,DEMO-002,2024-01-25,7.0,SYN-DEMO-002-24,anon-04,Демо-склад
IEK,DEMO-002,2024-01-26,9.0,SYN-DEMO-002-25,anon-05,Демо-склад
IEK,DEMO-002,2024-01-27,7.0,SYN-DEMO-002-26,anon-06,Демо-склад
IEK,DEMO-002,2024-01-28,11.0,SYN-DEMO-002-27,anon-07,Демо-склад
IEK,DEMO-002,2024-01-29,8.0,SYN-DEMO-002-28,anon-08,Демо-склад
IEK,DEMO-002,2024-01-30,14.0,SYN-DEMO-002-29,anon-09,Демо-склад
IEK,DEMO-002,2024-01-31,12.0,SYN-DEMO-002-30,anon-10,Демо-склад
IEK,DEMO-002,2024-02-01,8.0,SYN-DEMO-002-31,anon-11,Демо-склад
IEK,DEMO-002,2024-02-02,9.0,SYN-DEMO-002-32,anon-12,Демо-склад
IEK,DEMO-002,2024-02-03,5.0,SYN-DEMO-002-33,anon-13,Демо-склад
IEK,DEMO-002,2024-02-04,13.0,SYN-DEMO-002-34,anon-14,Демо-склад
IEK,DEMO-002,2024-02-05,7.0,SYN-DEMO-002-35,anon-15,Демо-склад
IEK,DEMO-002,2024-02-06,6.0,SYN-DEMO-002-36,anon-16,Демо-склад
IEK,DEMO-002,2024-02-07,6.0,SYN-DEMO-002-37,anon-17,Демо-склад
IEK,DEMO-002,2024-02-08,10.0,SYN-DEMO-002-38,anon-18,Демо-склад
IEK,DEMO-002,2024-02-09,9.0,SYN-DEMO-002-39,anon-19,Демо-склад
IEK,DEMO-002,2024-02-10,5.0,SYN-DEMO-002-40,anon-00,Демо-склад
IEK,DEMO-002,2024-02-11,13.0,SYN-DEMO-002-41,anon-01,Демо-склад
IEK,DEMO-002,2024-02-12,7.0,SYN-DEMO-002-42,anon-02,Демо-склад
IEK,DEMO-002,2024-02-13,4.0,SYN-DEMO-002-43,anon-03,Демо-склад
IEK,DEMO-002,2024-02-14,4.0,SYN-DEMO-002-44,anon-04,Демо-склад
IEK,DEMO-002,2024-02-15,5.0,SYN-DEMO-002-45,anon-05,Демо-склад
IEK,DEMO-002,2024-02-16,3.0,SYN-DEMO-002-46,anon-06,Демо-склад
IEK,DEMO-002,2024-02-17,9.0,SYN-DEMO-002-47,anon-07,Демо-склад
IEK,DEMO-002,2024-02-18,10.0,SYN-DEMO-002-48,anon-08,Демо-склад
IEK,DEMO-002,2024-02-19,7.0,SYN-DEMO-002-49,anon-09,Демо-склад
IEK,DEMO-002,2024-02-20,5.0,SYN-DEMO-002-50,anon-10,Демо-склад
IEK,DEMO-002,2024-02-21,12.0,SYN-DEMO-002-51,anon-11,Демо-склад
IEK,DEMO-002,2024-02-22,5.0,SYN-DEMO-002-52,anon-12,Демо-склад
IEK,DEMO-002,2024-02-23,10.0,SYN-DEMO-002-53,anon-13,Демо-склад
IEK,DEMO-002,2024-02-24,3.0,SYN-DEMO-002-54,anon-14,Демо-склад
IEK,DEMO-002,2024-02-25,9.0,SYN-DEMO-002-55,anon-15,Демо-склад
IEK,DEMO-002,2024-02-26,12.0,SYN-DEMO-002-56,anon-16,Демо-склад
IEK,DEMO-002,2024-02-27,4.0,SYN-DEMO-002-57,anon-17,Демо-склад
IEK,DEMO-002,2024-02-28,10.0,SYN-DEMO-002-58,anon-18,Демо-склад
IEK,DEMO-002,2024-02-29,8.0,SYN-DEMO-002-59,anon-19,Демо-склад
IEK,DEMO-002,2024-03-01,3.0,SYN-DEMO-002-60,anon-00,Демо-склад
IEK,DEMO-002,2024-03-02,7.0,SYN-DEMO-002-61,anon-01,Демо-склад
IEK,DEMO-002,2024-03-03,6.0,SYN-DEMO-002-62,anon-02,Демо-склад
IEK,DEMO-002,2024-03-04,5.0,SYN-DEMO-002-63,anon-03,Демо-склад
IEK,DEMO-002,2024-03-05,5.0,SYN-DEMO-002-64,anon-04,Демо-склад
IEK,DEMO-002,2024-03-06,9.0,SYN-DEMO-002-65,anon-05,Демо-склад
IEK,DEMO-002,2024-03-07,7.0,SYN-DEMO-002-66,anon-06,Демо-склад
IEK,DEMO-002,2024-03-08,4.0,SYN-DEMO-002-67,anon-07,Демо-склад
IEK,DEMO-002,2024-03-09,6.0,SYN-DEMO-002-68,anon-08,Демо-склад
IEK,DEMO-002,2024-03-10,4.0,SYN-DEMO-002-69,anon-09,Демо-склад
IEK,DEMO-002,2024-03-11,7.0,SYN-DEMO-002-70,anon-10,Демо-склад
IEK,DEMO-002,2024-03-12,5.0,SYN-DEMO-002-71,anon-11,Демо-склад
IEK,DEMO-002,2024-03-13,8.0,SYN-DEMO-002-72,anon-12,Демо-склад
IEK,DEMO-002,2024-03-14,3.0,SYN-DEMO-002-73,anon-13,Демо-склад
IEK,DEMO-002,2024-03-15,8.0,SYN-DEMO-002-74,anon-14,Демо-склад
IEK,DEMO-002,2024-03-16,7.0,SYN-DEMO-002-75,anon-15,Демо-склад
IEK,DEMO-002,2024-03-17,4.0,SYN-DEMO-002-76,anon-16,Демо-склад
IEK,DEMO-002,2024-03-18,4.0,SYN-DEMO-002-77,anon-17,Демо-склад
IEK,DEMO-002,2024-03-19,5.0,SYN-DEMO-002-78,anon-18,Демо-склад
IEK,DEMO-002,2024-03-20,4.0,SYN-DEMO-002-79,anon-19,Демо-склад
IEK,DEMO-002,2024-03-21,5.0,SYN-DEMO-002-80,anon-00,Демо-склад
IEK,DEMO-002,2024-03-22,6.0,SYN-DEMO-002-81,anon-01,Демо-склад
IEK,DEMO-002,2024-03-23,4.0,SYN-DEMO-002-82,anon-02,Демо-склад
IEK,DEMO-002,2024-03-24,1.0,SYN-DEMO-002-83,anon-03,Демо-склад
IEK,DEMO-002,2024-03-25,8.0,SYN-DEMO-002-84,anon-04,Демо-склад
IEK,DEMO-002,2024-03-26,5.0,SYN-DEMO-002-85,anon-05,Демо-склад
IEK,DEMO-002,2024-03-27,5.0,SYN-DEMO-002-86,anon-06,Демо-склад
IEK,DEMO-002,2024-03-28,5.0,SYN-DEMO-002-87,anon-07,Демо-склад
IEK,DEMO-002,2024-03-29,4.0,SYN-DEMO-002-88,anon-08,Демо-склад
IEK,DEMO-002,2024-03-30,2.0,SYN-DEMO-002-89,anon-09,Демо-склад
IEK,DEMO-002,2024-03-31,5.0,SYN-DEMO-002-90,anon-10,Демо-склад
IEK,DEMO-002,2024-04-01,7.0,SYN-DEMO-002-91,anon-11,Демо-склад
IEK,DEMO-002,2024-04-02,1.0,SYN-DEMO-002-92,anon-12,Демо-склад
IEK,DEMO-002,2024-04-03,2.0,SYN-DEMO-002-93,anon-13,Демо-склад
IEK,DEMO-002,2024-04-04,4.0,SYN-DEMO-002-94,anon-14,Демо-склад
IEK,DEMO-002,2024-04-05,0.0,SYN-DEMO-002-95,anon-15,Демо-склад
IEK,DEMO-002,2024-04-06,2.0,SYN-DEMO-002-96,anon-16,Демо-склад
IEK,DEMO-002,2024-04-07,6.0,SYN-DEMO-002-97,anon-17,Демо-склад
IEK,DEMO-002,2024-04-08,3.0,SYN-DEMO-002-98,anon-18,Демо-склад
IEK,DEMO-002,2024-04-09,2.0,SYN-DEMO-002-99,anon-19,Демо-склад
IEK,DEMO-002,2024-04-10,3.0,SYN-DEMO-002-100,anon-00,Демо-склад
IEK,DEMO-002,2024-04-11,5.0,SYN-DEMO-002-101,anon-01,Демо-склад
IEK,DEMO-002,2024-04-12,7.0,SYN-DEMO-002-102,anon-02,Демо-склад
IEK,DEMO-002,2024-04-13,1.0,SYN-DEMO-002-103,anon-03,Демо-склад
IEK,DEMO-002,2024-04-14,2.0,SYN-DEMO-002-104,anon-04,Демо-склад
IEK,DEMO-002,2024-04-15,1.0,SYN-DEMO-002-105,anon-05,Демо-склад
IEK,DEMO-002,2024-04-16,2.0,SYN-DEMO-002-106,anon-06,Демо-склад
IEK,DEMO-002,2024-04-17,3.0,SYN-DEMO-002-107,anon-07,Демо-склад
IEK,DEMO-002,2024-04-18,6.0,SYN-DEMO-002-108,anon-08,Демо-склад
IEK,DEMO-002,2024-04-19,5.0,SYN-DEMO-002-109,anon-09,Демо-склад
IEK,DEMO-002,2024-04-20,1.0,SYN-DEMO-002-110,anon-10,Демо-склад
IEK,DEMO-002,2024-04-21,1.0,SYN-DEMO-002-111,anon-11,Демо-склад
IEK,DEMO-002,2024-04-22,4.0,SYN-DEMO-002-112,anon-12,Демо-склад
IEK,DEMO-002,2024-04-23,5.0,SYN-DEMO-002-113,anon-13,Демо-склад
IEK,DEMO-002,2024-04-24,4.0,SYN-DEMO-002-114,anon-14,Демо-склад
IEK,DEMO-002,2024-04-25,5.0,SYN-DEMO-002-115,anon-15,Демо-склад
IEK,DEMO-002,2024-04-26,1.0,SYN-DEMO-002-116,anon-16,Демо-склад
IEK,DEMO-002,2024-04-27,4.0,SYN-DEMO-002-117,anon-17,Демо-склад
IEK,DEMO-002,2024-04-28,2.0,SYN-DEMO-002-118,anon-18,Демо-склад
IEK,DEMO-002,2024-04-29,2.0,SYN-DEMO-002-119,anon-19,Демо-склад
IEK,DEMO-002,2024-04-30,1.0,SYN-DEMO-002-120,anon-00,Демо-склад
IEK,DEMO-002,2024-05-01,5.0,SYN-DEMO-002-121,anon-01,Демо-склад
IEK,DEMO-002,2024-05-02,4.0,SYN-DEMO-002-122,anon-02,Демо-склад
IEK,DEMO-002,2024-05-03,0.0,SYN-DEMO-002-123,anon-03,Демо-склад
IEK,DEMO-002,2024-05-04,2.0,SYN-DEMO-002-124,anon-04,Демо-склад
IEK,DEMO-002,2024-05-05,4.0,SYN-DEMO-002-125,anon-05,Демо-склад
IEK,DEMO-002,2024-05-06,2.0,SYN-DEMO-002-126,anon-06,Демо-склад
IEK,DEMO-002,2024-05-07,5.0,SYN-DEMO-002-127,anon-07,Демо-склад
IEK,DEMO-002,2024-05-08,0.0,SYN-DEMO-002-128,anon-08,Демо-склад
IEK,DEMO-002,2024-05-09,1.0,SYN-DEMO-002-129,anon-09,Демо-склад
IEK,DEMO-002,2024-05-10,2.0,SYN-DEMO-002-130,anon-10,Демо-склад
IEK,DEMO-002,2024-05-11,4.0,SYN-DEMO-002-131,anon-11,Демо-склад
IEK,DEMO-002,2024-05-12,3.0,SYN-DEMO-002-132,anon-12,Демо-склад
IEK,DEMO-002,2024-05-13,3.0,SYN-DEMO-002-133,anon-13,Демо-склад
IEK,DEMO-002,2024-05-14,2.0,SYN-DEMO-002-134,anon-14,Демо-склад
IEK,DEMO-002,2024-05-15,3.0,SYN-DEMO-002-135,anon-15,Демо-склад
IEK,DEMO-002,2024-05-16,0.0,SYN-DEMO-002-136,anon-16,Демо-склад
IEK,DEMO-002,2024-05-17,6.0,SYN-DEMO-002-137,anon-17,Демо-склад
IEK,DEMO-002,2024-05-18,4.0,SYN-DEMO-002-138,anon-18,Демо-склад
IEK,DEMO-002,2024-05-19,1.0,SYN-DEMO-002-139,anon-19,Демо-склад
IEK,DEMO-002,2024-05-20,2.0,SYN-DEMO-002-140,anon-00,Демо-склад
IEK,DEMO-002,2024-05-21,2.0,SYN-DEMO-002-141,anon-01,Демо-склад
IEK,DEMO-002,2024-05-22,2.0,SYN-DEMO-002-142,anon-02,Демо-склад
IEK,DEMO-002,2024-05-23,1.0,SYN-DEMO-002-143,anon-03,Демо-склад
IEK,DEMO-002,2024-05-24,5.0,SYN-DEMO-002-144,anon-04,Демо-склад
IEK,DEMO-002,2024-05-25,1.0,SYN-DEMO-002-145,anon-05,Демо-склад
IEK,DEMO-002,2024-05-26,2.0,SYN-DEMO-002-146,anon-06,Демо-склад
IEK,DEMO-002,2024-05-27,0.0,SYN-DEMO-002-147,anon-07,Демо-склад
IEK,DEMO-002,2024-05-28,2.0,SYN-DEMO-002-148,anon-08,Демо-склад
IEK,DEMO-002,2024-05-29,1.0,SYN-DEMO-002-149,anon-09,Демо-склад
IEK,DEMO-002,2024-05-30,5.0,SYN-DEMO-002-150,anon-10,Демо-склад
IEK,DEMO-002,2024-05-31,1.0,SYN-DEMO-002-151,anon-11,Демо-склад
IEK,DEMO-002,2024-06-01,7.0,SYN-DEMO-002-152,anon-12,Демо-склад
IEK,DEMO-002,2024-06-02,3.0,SYN-DEMO-002-153,anon-13,Демо-склад
IEK,DEMO-002,2024-06-03,2.0,SYN-DEMO-002-154,anon-14,Демо-склад
IEK,DEMO-002,2024-06-04,1.0,SYN-DEMO-002-155,anon-15,Демо-склад
IEK,DEMO-002,2024-06-05,6.0,SYN-DEMO-002-156,anon-16,Демо-склад
IEK,DEMO-002,2024-06-06,1.0,SYN-DEMO-002-157,anon-17,Демо-склад
IEK,DEMO-002,2024-06-07,2.0,SYN-DEMO-002-158,anon-18,Демо-склад
IEK,DEMO-002,2024-06-08,2.0,SYN-DEMO-002-159,anon-19,Демо-склад
IEK,DEMO-002,2024-06-09,3.0,SYN-DEMO-002-160,anon-00,Демо-склад
IEK,DEMO-002,2024-06-10,5.0,SYN-DEMO-002-161,anon-01,Демо-склад
IEK,DEMO-002,2024-06-11,5.0,SYN-DEMO-002-162,anon-02,Демо-склад
IEK,DEMO-002,2024-06-12,8.0,SYN-DEMO-002-163,anon-03,Демо-склад
IEK,DEMO-002,2024-06-13,5.0,SYN-DEMO-002-164,anon-04,Демо-склад
IEK,DEMO-002,2024-06-14,1.0,SYN-DEMO-002-165,anon-05,Демо-склад
IEK,DEMO-002,2024-06-15,5.0,SYN-DEMO-002-166,anon-06,Демо-склад
IEK,DEMO-002,2024-06-16,4.0,SYN-DEMO-002-167,anon-07,Демо-склад
IEK,DEMO-002,2024-06-17,6.0,SYN-DEMO-002-168,anon-08,Демо-склад
IEK,DEMO-002,2024-06-18,8.0,SYN-DEMO-002-169,anon-09,Демо-склад
IEK,DEMO-002,2024-06-19,4.0,SYN-DEMO-002-170,anon-10,Демо-склад
IEK,DEMO-002,2024-06-20,2.0,SYN-DEMO-002-171,anon-11,Демо-склад
IEK,DEMO-002,2024-06-21,3.0,SYN-DEMO-002-172,anon-12,Демо-склад
IEK,DEMO-002,2024-06-22,0.0,SYN-DEMO-002-173,anon-13,Демо-склад
IEK,DEMO-002,2024-06-23,4.0,SYN-DEMO-002-174,anon-14,Демо-склад
IEK,DEMO-002,2024-06-24,2.0,SYN-DEMO-002-175,anon-15,Демо-склад
IEK,DEMO-002,2024-06-25,5.0,SYN-DEMO-002-176,anon-16,Демо-склад
IEK,DEMO-002,2024-06-26,5.0,SYN-DEMO-002-177,anon-17,Демо-склад
IEK,DEMO-002,2024-06-27,4.0,SYN-DEMO-002-178,anon-18,Демо-склад
IEK,DEMO-002,2024-06-28,6.0,SYN-DEMO-002-179,anon-19,Демо-склад
IEK,DEMO-002,2024-06-29,7.0,SYN-DEMO-002-180,anon-00,Демо-склад
IEK,DEMO-002,2024-06-30,3.0,SYN-DEMO-002-181,anon-01,Демо-склад
IEK,DEMO-002,2024-07-01,6.0,SYN-DEMO-002-182,anon-02,Демо-склад
IEK,DEMO-002,2024-07-02,10.0,SYN-DEMO-002-183,anon-03,Демо-склад
IEK,DEMO-002,2024-07-03,6.0,SYN-DEMO-002-184,anon-04,Демо-склад
IEK,DEMO-002,2024-07-04,4.0,SYN-DEMO-002-185,anon-05,Демо-склад
IEK,DEMO-002,2024-07-05,3.0,SYN-DEMO-002-186,anon-06,Демо-склад
IEK,DEMO-002,2024-07-06,7.0,SYN-DEMO-002-187,anon-07,Демо-склад
IEK,DEMO-002,2024-07-07,9.0,SYN-DEMO-002-188,anon-08,Демо-склад
IEK,DEMO-002,2024-07-08,5.0,SYN-DEMO-002-189,anon-09,Демо-склад
IEK,DEMO-002,2024-07-09,5.0,SYN-DEMO-002-190,anon-10,Демо-склад
IEK,DEMO-002,2024-07-10,3.0,SYN-DEMO-002-191,anon-11,Демо-склад
IEK,DEMO-002,2024-07-11,4.0,SYN-DEMO-002-192,anon-12,Демо-склад
IEK,DEMO-002,2024-07-12,4.0,SYN-DEMO-002-193,anon-13,Демо-склад
IEK,DEMO-002,2024-07-13,2.0,SYN-DEMO-002-194,anon-14,Демо-склад
IEK,DEMO-002,2024-07-14,3.0,SYN-DEMO-002-195,anon-15,Демо-склад
IEK,DEMO-002,2024-07-15,6.0,SYN-DEMO-002-196,anon-16,Демо-склад
IEK,DEMO-002,2024-07-16,6.0,SYN-DEMO-002-197,anon-17,Демо-склад
IEK,DEMO-002,2024-07-17,4.0,SYN-DEMO-002-198,anon-18,Демо-склад
IEK,DEMO-002,2024-07-18,5.0,SYN-DEMO-002-199,anon-19,Демо-склад
IEK,DEMO-002,2024-07-19,4.0,SYN-DEMO-002-200,anon-00,Демо-склад
IEK,DEMO-002,2024-07-20,5.0,SYN-DEMO-002-201,anon-01,Демо-склад
IEK,DEMO-002,2024-07-21,1.0,SYN-DEMO-002-202,anon-02,Демо-склад
IEK,DEMO-002,2024-07-22,5.0,SYN-DEMO-002-203,anon-03,Демо-склад
IEK,DEMO-002,2024-07-23,10.0,SYN-DEMO-002-204,anon-04,Демо-склад
IEK,DEMO-002,2024-07-24,12.0,SYN-DEMO-002-205,anon-05,Демо-склад
IEK,DEMO-002,2024-07-25,10.0,SYN-DEMO-002-206,anon-06,Демо-склад
IEK,DEMO-002,2024-07-26,4.0,SYN-DEMO-002-207,anon-07,Демо-склад
IEK,DEMO-002,2024-07-27,5.0,SYN-DEMO-002-208,anon-08,Демо-склад
IEK,DEMO-002,2024-07-28,6.0,SYN-DEMO-002-209,anon-09,Демо-склад
IEK,DEMO-002,2024-07-29,4.0,SYN-DEMO-002-210,anon-10,Демо-склад
IEK,DEMO-002,2024-07-30,4.0,SYN-DEMO-002-211,anon-11,Демо-склад
IEK,DEMO-002,2024-07-31,9.0,SYN-DEMO-002-212,anon-12,Демо-склад
IEK,DEMO-002,2024-08-01,10.0,SYN-DEMO-002-213,anon-13,Демо-склад
IEK,DEMO-002,2024-08-02,4.0,SYN-DEMO-002-214,anon-14,Демо-склад
IEK,DEMO-002,2024-08-03,6.0,SYN-DEMO-002-215,anon-15,Демо-склад
IEK,DEMO-002,2024-08-04,3.0,SYN-DEMO-002-216,anon-16,Демо-склад
IEK,DEMO-002,2024-08-05,8.0,SYN-DEMO-002-217,anon-17,Демо-склад
IEK,DEMO-002,2024-08-06,9.0,SYN-DEMO-002-218,anon-18,Демо-склад
IEK,DEMO-002,2024-08-07,11.0,SYN-DEMO-002-219,anon-19,Демо-склад
IEK,DEMO-002,2024-08-08,11.0,SYN-DEMO-002-220,anon-00,Демо-склад
IEK,DEMO-002,2024-08-09,7.0,SYN-DEMO-002-221,anon-01,Демо-склад
IEK,DEMO-002,2024-08-10,5.0,SYN-DEMO-002-222,anon-02,Демо-склад
IEK,DEMO-002,2024-08-11,9.0,SYN-DEMO-002-223,anon-03,Демо-склад
IEK,DEMO-002,2024-08-12,4.0,SYN-DEMO-002-224,anon-04,Демо-склад
IEK,DEMO-002,2024-08-13,8.0,SYN-DEMO-002-225,anon-05,Демо-склад
IEK,DEMO-002,2024-08-14,12.0,SYN-DEMO-002-226,anon-06,Демо-склад
IEK,DEMO-002,2024-08-15,12.0,SYN-DEMO-002-227,anon-07,Демо-склад
IEK,DEMO-002,2024-08-16,10.0,SYN-DEMO-002-228,anon-08,Демо-склад
IEK,DEMO-002,2024-08-17,10.0,SYN-DEMO-002-229,anon-09,Демо-склад
IEK,DEMO-002,2024-08-18,6.0,SYN-DEMO-002-230,anon-10,Демо-склад
IEK,DEMO-002,2024-08-19,6.0,SYN-DEMO-002-231,anon-11,Демо-склад
IEK,DEMO-002,2024-08-20,10.0,SYN-DEMO-002-232,anon-12,Демо-склад
IEK,DEMO-002,2024-08-21,6.0,SYN-DEMO-002-233,anon-13,Демо-склад
IEK,DEMO-002,2024-08-22,7.0,SYN-DEMO-002-234,anon-14,Демо-склад
IEK,DEMO-002,2024-08-23,3.0,SYN-DEMO-002-235,anon-15,Демо-склад
IEK,DEMO-002,2024-08-24,7.0,SYN-DEMO-002-236,anon-16,Демо-склад
IEK,DEMO-002,2024-08-25,8.0,SYN-DEMO-002-237,anon-17,Демо-склад
IEK,DEMO-002,2024-08-26,3.0,SYN-DEMO-002-238,anon-18,Демо-склад
IEK,DEMO-002,2024-08-27,8.0,SYN-DEMO-002-239,anon-19,Демо-склад
IEK,DEMO-002,2024-08-28,5.0,SYN-DEMO-002-240,anon-00,Демо-склад
IEK,DEMO-002,2024-08-29,7.0,SYN-DEMO-002-241,anon-01,Демо-склад
IEK,DEMO-002,2024-08-30,12.0,SYN-DEMO-002-242,anon-02,Демо-склад
IEK,DEMO-002,2024-08-31,10.0,SYN-DEMO-002-243,anon-03,Демо-склад
IEK,DEMO-002,2024-09-01,8.0,SYN-DEMO-002-244,anon-04,Демо-склад
IEK,DEMO-002,2024-09-02,9.0,SYN-DEMO-002-245,anon-05,Демо-склад
IEK,DEMO-002,2024-09-03,11.0,SYN-DEMO-002-246,anon-06,Демо-склад
IEK,DEMO-002,2024-09-04,9.0,SYN-DEMO-002-247,anon-07,Демо-склад
IEK,DEMO-002,2024-09-05,7.0,SYN-DEMO-002-248,anon-08,Демо-склад
IEK,DEMO-002,2024-09-06,8.0,SYN-DEMO-002-249,anon-09,Демо-склад
IEK,DEMO-002,2024-09-07,16.0,SYN-DEMO-002-250,anon-10,Демо-склад
IEK,DEMO-002,2024-09-08,9.0,SYN-DEMO-002-251,anon-11,Демо-склад
IEK,DEMO-002,2024-09-09,10.0,SYN-DEMO-002-252,anon-12,Демо-склад
IEK,DEMO-002,2024-09-10,12.0,SYN-DEMO-002-253,anon-13,Демо-склад
IEK,DEMO-002,2024-09-11,7.0,SYN-DEMO-002-254,anon-14,Демо-склад
IEK,DEMO-002,2024-09-12,9.0,SYN-DEMO-002-255,anon-15,Демо-склад
IEK,DEMO-002,2024-09-13,13.0,SYN-DEMO-002-256,anon-16,Демо-склад
IEK,DEMO-002,2024-09-14,11.0,SYN-DEMO-002-257,anon-17,Демо-склад
IEK,DEMO-002,2024-09-15,5.0,SYN-DEMO-002-258,anon-18,Демо-склад
IEK,DEMO-002,2024-09-16,6.0,SYN-DEMO-002-259,anon-19,Демо-склад
IEK,DEMO-002,2024-09-17,14.0,SYN-DEMO-002-260,anon-00,Демо-склад
IEK,DEMO-002,2024-09-18,8.0,SYN-DEMO-002-261,anon-01,Демо-склад
IEK,DEMO-002,2024-09-19,11.0,SYN-DEMO-002-262,anon-02,Демо-склад
IEK,DEMO-002,2024-09-20,8.0,SYN-DEMO-002-263,anon-03,Демо-склад
IEK,DEMO-002,2024-09-21,11.0,SYN-DEMO-002-264,anon-04,Демо-склад
IEK,DEMO-002,2024-09-22,16.0,SYN-DEMO-002-265,anon-05,Демо-склад
IEK,DEMO-002,2024-09-23,16.0,SYN-DEMO-002-266,anon-06,Демо-склад
IEK,DEMO-002,2024-09-24,9.0,SYN-DEMO-002-267,anon-07,Демо-склад
IEK,DEMO-002,2024-09-25,13.0,SYN-DEMO-002-268,anon-08,Демо-склад
IEK,DEMO-002,2024-09-26,13.0,SYN-DEMO-002-269,anon-09,Демо-склад
IEK,DEMO-002,2024-09-27,11.0,SYN-DEMO-002-270,anon-10,Демо-склад
IEK,DEMO-002,2024-09-28,9.0,SYN-DEMO-002-271,anon-11,Демо-склад
IEK,DEMO-002,2024-09-29,15.0,SYN-DEMO-002-272,anon-12,Демо-склад
IEK,DEMO-002,2024-09-30,11.0,SYN-DEMO-002-273,anon-13,Демо-склад
IEK,DEMO-002,2024-10-01,15.0,SYN-DEMO-002-274,anon-14,Демо-склад
IEK,DEMO-002,2024-10-02,12.0,SYN-DEMO-002-275,anon-15,Демо-склад
IEK,DEMO-002,2024-10-03,13.0,SYN-DEMO-002-276,anon-16,Демо-склад
IEK,DEMO-002,2024-10-04,12.0,SYN-DEMO-002-277,anon-17,Демо-склад
IEK,DEMO-002,2024-10-05,11.0,SYN-DEMO-002-278,anon-18,Демо-склад
IEK,DEMO-002,2024-10-06,12.0,SYN-DEMO-002-279,anon-19,Демо-склад
IEK,DEMO-002,2024-10-07,12.0,SYN-DEMO-002-280,anon-00,Демо-склад
IEK,DEMO-002,2024-10-08,10.0,SYN-DEMO-002-281,anon-01,Демо-склад
IEK,DEMO-002,2024-10-09,12.0,SYN-DEMO-002-282,anon-02,Демо-склад
IEK,DEMO-002,2024-10-10,13.0,SYN-DEMO-002-283,anon-03,Демо-склад
IEK,DEMO-002,2024-10-11,18.0,SYN-DEMO-002-284,anon-04,Демо-склад
IEK,DEMO-002,2024-10-12,12.0,SYN-DEMO-002-285,anon-05,Демо-склад
IEK,DEMO-002,2024-10-13,13.0,SYN-DEMO-002-286,anon-06,Демо-склад
IEK,DEMO-002,2024-10-14,17.0,SYN-DEMO-002-287,anon-07,Демо-склад
IEK,DEMO-002,2024-10-15,14.0,SYN-DEMO-002-288,anon-08,Демо-склад
IEK,DEMO-002,2024-10-16,13.0,SYN-DEMO-002-289,anon-09,Демо-склад
IEK,DEMO-002,2024-10-17,16.0,SYN-DEMO-002-290,anon-10,Демо-склад
IEK,DEMO-002,2024-10-18,15.0,SYN-DEMO-002-291,anon-11,Демо-склад
IEK,DEMO-002,2024-10-19,15.0,SYN-DEMO-002-292,anon-12,Демо-склад
IEK,DEMO-002,2024-10-20,18.0,SYN-DEMO-002-293,anon-13,Демо-склад
IEK,DEMO-002,2024-10-21,7.0,SYN-DEMO-002-294,anon-14,Демо-склад
IEK,DEMO-002,2024-10-22,6.0,SYN-DEMO-002-295,anon-15,Демо-склад
IEK,DEMO-002,2024-10-23,13.0,SYN-DEMO-002-296,anon-16,Демо-склад
IEK,DEMO-002,2024-10-24,10.0,SYN-DEMO-002-297,anon-17,Демо-склад
IEK,DEMO-002,2024-10-25,9.0,SYN-DEMO-002-298,anon-18,Демо-склад
IEK,DEMO-002,2024-10-26,9.0,SYN-DEMO-002-299,anon-19,Демо-склад
IEK,DEMO-002,2024-10-27,7.0,SYN-DEMO-002-300,anon-00,Демо-склад
IEK,DEMO-002,2024-10-28,15.0,SYN-DEMO-002-301,anon-01,Демо-склад
IEK,DEMO-002,2024-10-29,9.0,SYN-DEMO-002-302,anon-02,Демо-склад
IEK,DEMO-002,2024-10-30,12.0,SYN-DEMO-002-303,anon-03,Демо-склад
IEK,DEMO-002,2024-10-31,15.0,SYN-DEMO-002-304,anon-04,Демо-склад
IEK,DEMO-002,2024-11-01,13.0,SYN-DEMO-002-305,anon-05,Демо-склад
IEK,DEMO-002,2024-11-02,14.0,SYN-DEMO-002-306,anon-06,Демо-склад
IEK,DEMO-002,2024-11-03,15.0,SYN-DEMO-002-307,anon-07,Демо-склад
IEK,DEMO-002,2024-11-04,9.0,SYN-DEMO-002-308,anon-08,Демо-склад
IEK,DEMO-002,2024-11-05,11.0,SYN-DEMO-002-309,anon-09,Демо-склад
IEK,DEMO-002,2024-11-06,10.0,SYN-DEMO-002-310,anon-10,Демо-склад
IEK,DEMO-002,2024-11-07,14.0,SYN-DEMO-002-311,anon-11,Демо-склад
IEK,DEMO-002,2024-11-08,14.0,SYN-DEMO-002-312,anon-12,Демо-склад
IEK,DEMO-002,2024-11-09,26.0,SYN-DEMO-002-313,anon-13,Демо-склад
IEK,DEMO-002,2024-11-10,6.0,SYN-DEMO-002-314,anon-14,Демо-склад
IEK,DEMO-002,2024-11-11,12.0,SYN-DEMO-002-315,anon-15,Демо-склад
IEK,DEMO-002,2024-11-12,14.0,SYN-DEMO-002-316,anon-16,Демо-склад
IEK,DEMO-002,2024-11-13,13.0,SYN-DEMO-002-317,anon-17,Демо-склад
IEK,DEMO-002,2024-11-14,16.0,SYN-DEMO-002-318,anon-18,Демо-склад
IEK,DEMO-002,2024-11-15,18.0,SYN-DEMO-002-319,anon-19,Демо-склад
IEK,DEMO-002,2024-11-16,11.0,SYN-DEMO-002-320,anon-00,Демо-склад
IEK,DEMO-002,2024-11-17,9.0,SYN-DEMO-002-321,anon-01,Демо-склад
IEK,DEMO-002,2024-11-18,18.0,SYN-DEMO-002-322,anon-02,Демо-склад
IEK,DEMO-002,2024-11-19,22.0,SYN-DEMO-002-323,anon-03,Демо-склад
IEK,DEMO-002,2024-11-20,11.0,SYN-DEMO-002-324,anon-04,Демо-склад
IEK,DEMO-002,2024-11-21,15.0,SYN-DEMO-002-325,anon-05,Демо-склад
IEK,DEMO-002,2024-11-22,12.0,SYN-DEMO-002-326,anon-06,Демо-склад
IEK,DEMO-002,2024-11-23,10.0,SYN-DEMO-002-327,anon-07,Демо-склад
IEK,DEMO-002,2024-11-24,12.0,SYN-DEMO-002-328,anon-08,Демо-склад
IEK,DEMO-002,2024-11-25,11.0,SYN-DEMO-002-329,anon-09,Демо-склад
IEK,DEMO-002,2024-11-26,14.0,SYN-DEMO-002-330,anon-10,Демо-склад
IEK,DEMO-002,2024-11-27,19.0,SYN-DEMO-002-331,anon-11,Демо-склад
IEK,DEMO-002,2024-11-28,19.0,SYN-DEMO-002-332,anon-12,Демо-склад
IEK,DEMO-002,2024-11-29,7.0,SYN-DEMO-002-333,anon-13,Демо-склад
IEK,DEMO-002,2024-11-30,7.0,SYN-DEMO-002-334,anon-14,Демо-склад
IEK,DEMO-002,2024-12-01,16.0,SYN-DEMO-002-335,anon-15,Демо-склад
IEK,DEMO-002,2024-12-02,12.0,SYN-DEMO-002-336,anon-16,Демо-склад
IEK,DEMO-002,2024-12-03,13.0,SYN-DEMO-002-337,anon-17,Демо-склад
IEK,DEMO-002,2024-12-04,12.0,SYN-DEMO-002-338,anon-18,Демо-склад
IEK,DEMO-002,2024-12-05,13.0,SYN-DEMO-002-339,anon-19,Демо-склад
IEK,DEMO-002,2024-12-06,20.0,SYN-DEMO-002-340,anon-00,Демо-склад
IEK,DEMO-002,2024-12-07,13.0,SYN-DEMO-002-341,anon-01,Демо-склад
IEK,DEMO-002,2024-12-08,10.0,SYN-DEMO-002-342,anon-02,Демо-склад
IEK,DEMO-002,2024-12-09,19.0,SYN-DEMO-002-343,anon-03,Демо-склад
IEK,DEMO-002,2024-12-10,17.0,SYN-DEMO-002-344,anon-04,Демо-склад
IEK,DEMO-002,2024-12-11,16.0,SYN-DEMO-002-345,anon-05,Демо-склад
IEK,DEMO-002,2024-12-12,14.0,SYN-DEMO-002-346,anon-06,Демо-склад
IEK,DEMO-002,2024-12-13,9.0,SYN-DEMO-002-347,anon-07,Демо-склад
IEK,DEMO-002,2024-12-14,6.0,SYN-DEMO-002-348,anon-08,Демо-склад
IEK,DEMO-002,2024-12-15,17.0,SYN-DEMO-002-349,anon-09,Демо-склад
IEK,DEMO-002,2024-12-16,13.0,SYN-DEMO-002-350,anon-10,Демо-склад
IEK,DEMO-002,2024-12-17,8.0,SYN-DEMO-002-351,anon-11,Демо-склад
IEK,DEMO-002,2024-12-18,13.0,SYN-DEMO-002-352,anon-12,Демо-склад
IEK,DEMO-002,2024-12-19,13.0,SYN-DEMO-002-353,anon-13,Демо-склад
IEK,DEMO-002,2024-12-20,9.0,SYN-DEMO-002-354,anon-14,Демо-склад
IEK,DEMO-002,2024-12-21,14.0,SYN-DEMO-002-355,anon-15,Демо-склад
IEK,DEMO-002,2024-12-22,20.0,SYN-DEMO-002-356,anon-16,Демо-склад
IEK,DEMO-002,2024-12-23,12.0,SYN-DEMO-002-357,anon-17,Демо-склад
IEK,DEMO-002,2024-12-24,9.0,SYN-DEMO-002-358,anon-18,Демо-склад
IEK,DEMO-002,2024-12-25,15.0,SYN-DEMO-002-359,anon-19,Демо-склад
IEK,DEMO-002,2024-12-26,12.0,SYN-DEMO-002-360,anon-00,Демо-склад
IEK,DEMO-002,2024-12-27,8.0,SYN-DEMO-002-361,anon-01,Демо-склад
IEK,DEMO-002,2024-12-28,10.0,SYN-DEMO-002-362,anon-02,Демо-склад
IEK,DEMO-002,2024-12-29,13.0,SYN-DEMO-002-363,anon-03,Демо-склад
IEK,DEMO-002,2024-12-30,13.0,SYN-DEMO-002-364,anon-04,Демо-склад
IEK,DEMO-002,2024-12-31,15.0,SYN-DEMO-002-365,anon-05,Демо-склад
IEK,DEMO-002,2025-01-01,15.0,SYN-DEMO-002-366,anon-06,Демо-склад
IEK,DEMO-002,2025-01-02,11.0,SYN-DEMO-002-367,anon-07,Демо-склад
IEK,DEMO-002,2025-01-03,8.0,SYN-DEMO-002-368,anon-08,Демо-склад
IEK,DEMO-002,2025-01-04,9.0,SYN-DEMO-002-369,anon-09,Демо-склад
IEK,DEMO-002,2025-01-05,13.0,SYN-DEMO-002-370,anon-10,Демо-склад
IEK,DEMO-002,2025-01-06,11.0,SYN-DEMO-002-371,anon-11,Демо-склад
IEK,DEMO-002,2025-01-07,9.0,SYN-DEMO-002-372,anon-12,Демо-склад
IEK,DEMO-002,2025-01-08,7.0,SYN-DEMO-002-373,anon-13,Демо-склад
IEK,DEMO-002,2025-01-09,7.0,SYN-DEMO-002-374,anon-14,Демо-склад
IEK,DEMO-002,2025-01-10,10.0,SYN-DEMO-002-375,anon-15,Демо-склад
IEK,DEMO-002,2025-01-11,16.0,SYN-DEMO-002-376,anon-16,Демо-склад
IEK,DEMO-002,2025-01-12,15.0,SYN-DEMO-002-377,anon-17,Демо-склад
IEK,DEMO-002,2025-01-13,9.0,SYN-DEMO-002-378,anon-18,Демо-склад
IEK,DEMO-002,2025-01-14,13.0,SYN-DEMO-002-379,anon-19,Демо-склад
IEK,DEMO-002,2025-01-15,8.0,SYN-DEMO-002-380,anon-00,Демо-склад
IEK,DEMO-002,2025-01-16,11.0,SYN-DEMO-002-381,anon-01,Демо-склад
IEK,DEMO-002,2025-01-17,9.0,SYN-DEMO-002-382,anon-02,Демо-склад
IEK,DEMO-002,2025-01-18,12.0,SYN-DEMO-002-383,anon-03,Демо-склад
IEK,DEMO-002,2025-01-19,11.0,SYN-DEMO-002-384,anon-04,Демо-склад
IEK,DEMO-002,2025-01-20,7.0,SYN-DEMO-002-385,anon-05,Демо-склад
IEK,DEMO-002,2025-01-21,8.0,SYN-DEMO-002-386,anon-06,Демо-склад
IEK,DEMO-002,2025-01-22,9.0,SYN-DEMO-002-387,anon-07,Демо-склад
IEK,DEMO-002,2025-01-23,14.0,SYN-DEMO-002-388,anon-08,Демо-склад
IEK,DEMO-002,2025-01-24,11.0,SYN-DEMO-002-389,anon-09,Демо-склад
IEK,DEMO-002,2025-01-25,14.0,SYN-DEMO-002-390,anon-10,Демо-склад
IEK,DEMO-002,2025-01-26,8.0,SYN-DEMO-002-391,anon-11,Демо-склад
IEK,DEMO-002,2025-01-27,3.0,SYN-DEMO-002-392,anon-12,Демо-склад
IEK,DEMO-002,2025-01-28,6.0,SYN-DEMO-002-393,anon-13,Демо-склад
IEK,DEMO-002,2025-01-29,9.0,SYN-DEMO-002-394,anon-14,Демо-склад
IEK,DEMO-002,2025-01-30,11.0,SYN-DEMO-002-395,anon-15,Демо-склад
IEK,DEMO-002,2025-01-31,12.0,SYN-DEMO-002-396,anon-16,Демо-склад
IEK,DEMO-002,2025-02-01,6.0,SYN-DEMO-002-397,anon-17,Демо-склад
IEK,DEMO-002,2025-02-02,8.0,SYN-DEMO-002-398,anon-18,Демо-склад
IEK,DEMO-002,2025-02-03,7.0,SYN-DEMO-002-399,anon-19,Демо-склад
IEK,DEMO-002,2025-02-04,10.0,SYN-DEMO-002-400,anon-00,Демо-склад
IEK,DEMO-002,2025-02-05,11.0,SYN-DEMO-002-401,anon-01,Демо-склад
IEK,DEMO-002,2025-02-06,8.0,SYN-DEMO-002-402,anon-02,Демо-склад
IEK,DEMO-002,2025-02-07,7.0,SYN-DEMO-002-403,anon-03,Демо-склад
IEK,DEMO-002,2025-02-08,10.0,SYN-DEMO-002-404,anon-04,Демо-склад
IEK,DEMO-002,2025-02-09,9.0,SYN-DEMO-002-405,anon-05,Демо-склад
IEK,DEMO-002,2025-02-10,4.0,SYN-DEMO-002-406,anon-06,Демо-склад
IEK,DEMO-002,2025-02-11,7.0,SYN-DEMO-002-407,anon-07,Демо-склад
IEK,DEMO-002,2025-02-12,2.0,SYN-DEMO-002-408,anon-08,Демо-склад
IEK,DEMO-002,2025-02-13,9.0,SYN-DEMO-002-409,anon-09,Демо-склад
IEK,DEMO-002,2025-02-14,7.0,SYN-DEMO-002-410,anon-10,Демо-склад
IEK,DEMO-002,2025-02-15,6.0,SYN-DEMO-002-411,anon-11,Демо-склад
IEK,DEMO-002,2025-02-16,14.0,SYN-DEMO-002-412,anon-12,Демо-склад
IEK,DEMO-002,2025-02-17,12.0,SYN-DEMO-002-413,anon-13,Демо-склад
IEK,DEMO-002,2025-02-18,8.0,SYN-DEMO-002-414,anon-14,Демо-склад
IEK,DEMO-002,2025-02-19,10.0,SYN-DEMO-002-415,anon-15,Демо-склад
IEK,DEMO-002,2025-02-20,7.0,SYN-DEMO-002-416,anon-16,Демо-склад
IEK,DEMO-002,2025-02-21,5.0,SYN-DEMO-002-417,anon-17,Демо-склад
IEK,DEMO-002,2025-02-22,6.0,SYN-DEMO-002-418,anon-18,Демо-склад
IEK,DEMO-002,2025-02-23,8.0,SYN-DEMO-002-419,anon-19,Демо-склад
IEK,DEMO-002,2025-02-24,9.0,SYN-DEMO-002-420,anon-00,Демо-склад
IEK,DEMO-002,2025-02-25,5.0,SYN-DEMO-002-421,anon-01,Демо-склад
IEK,DEMO-002,2025-02-26,4.0,SYN-DEMO-002-422,anon-02,Демо-склад
IEK,DEMO-002,2025-02-27,11.0,SYN-DEMO-002-423,anon-03,Демо-склад
IEK,DEMO-002,2025-02-28,12.0,SYN-DEMO-002-424,anon-04,Демо-склад
IEK,DEMO-002,2025-03-01,2.0,SYN-DEMO-002-425,anon-05,Демо-склад
IEK,DEMO-002,2025-03-02,5.0,SYN-DEMO-002-426,anon-06,Демо-склад
IEK,DEMO-002,2025-03-03,6.0,SYN-DEMO-002-427,anon-07,Демо-склад
IEK,DEMO-002,2025-03-04,4.0,SYN-DEMO-002-428,anon-08,Демо-склад
IEK,DEMO-002,2025-03-05,7.0,SYN-DEMO-002-429,anon-09,Демо-склад
IEK,DEMO-002,2025-03-06,5.0,SYN-DEMO-002-430,anon-10,Демо-склад
IEK,DEMO-002,2025-03-07,5.0,SYN-DEMO-002-431,anon-11,Демо-склад
IEK,DEMO-002,2025-03-08,4.0,SYN-DEMO-002-432,anon-12,Демо-склад
IEK,DEMO-002,2025-03-09,6.0,SYN-DEMO-002-433,anon-13,Демо-склад
IEK,DEMO-002,2025-03-10,7.0,SYN-DEMO-002-434,anon-14,Демо-склад
IEK,DEMO-002,2025-03-11,6.0,SYN-DEMO-002-435,anon-15,Демо-склад
IEK,DEMO-002,2025-03-12,0.0,SYN-DEMO-002-436,anon-16,Демо-склад
IEK,DEMO-002,2025-03-13,1.0,SYN-DEMO-002-437,anon-17,Демо-склад
IEK,DEMO-002,2025-03-14,2.0,SYN-DEMO-002-438,anon-18,Демо-склад
IEK,DEMO-002,2025-03-15,10.0,SYN-DEMO-002-439,anon-19,Демо-склад
IEK,DEMO-002,2025-03-16,3.0,SYN-DEMO-002-440,anon-00,Демо-склад
IEK,DEMO-002,2025-03-17,5.0,SYN-DEMO-002-441,anon-01,Демо-склад
IEK,DEMO-002,2025-03-18,3.0,SYN-DEMO-002-442,anon-02,Демо-склад
IEK,DEMO-002,2025-03-19,9.0,SYN-DEMO-002-443,anon-03,Демо-склад
IEK,DEMO-002,2025-03-20,3.0,SYN-DEMO-002-444,anon-04,Демо-склад
IEK,DEMO-002,2025-03-21,8.0,SYN-DEMO-002-445,anon-05,Демо-склад
IEK,DEMO-002,2025-03-22,8.0,SYN-DEMO-002-446,anon-06,Демо-склад
IEK,DEMO-002,2025-03-23,2.0,SYN-DEMO-002-447,anon-07,Демо-склад
IEK,DEMO-002,2025-03-24,4.0,SYN-DEMO-002-448,anon-08,Демо-склад
IEK,DEMO-002,2025-03-25,5.0,SYN-DEMO-002-449,anon-09,Демо-склад
IEK,DEMO-002,2025-03-26,5.0,SYN-DEMO-002-450,anon-10,Демо-склад
IEK,DEMO-002,2025-03-27,4.0,SYN-DEMO-002-451,anon-11,Демо-склад
IEK,DEMO-002,2025-03-28,6.0,SYN-DEMO-002-452,anon-12,Демо-склад
IEK,DEMO-002,2025-03-29,6.0,SYN-DEMO-002-453,anon-13,Демо-склад
IEK,DEMO-002,2025-03-30,6.0,SYN-DEMO-002-454,anon-14,Демо-склад
IEK,DEMO-002,2025-03-31,7.0,SYN-DEMO-002-455,anon-15,Демо-склад
IEK,DEMO-002,2025-04-01,3.0,SYN-DEMO-002-456,anon-16,Демо-склад
IEK,DEMO-002,2025-04-02,3.0,SYN-DEMO-002-457,anon-17,Демо-склад
IEK,DEMO-002,2025-04-03,5.0,SYN-DEMO-002-458,anon-18,Демо-склад
IEK,DEMO-002,2025-04-04,5.0,SYN-DEMO-002-459,anon-19,Демо-склад
IEK,DEMO-002,2025-04-05,1.0,SYN-DEMO-002-460,anon-00,Демо-склад
IEK,DEMO-002,2025-04-06,6.0,SYN-DEMO-002-461,anon-01,Демо-склад
IEK,DEMO-002,2025-04-07,3.0,SYN-DEMO-002-462,anon-02,Демо-склад
IEK,DEMO-002,2025-04-08,4.0,SYN-DEMO-002-463,anon-03,Демо-склад
IEK,DEMO-002,2025-04-09,6.0,SYN-DEMO-002-464,anon-04,Демо-склад
IEK,DEMO-002,2025-04-10,3.0,SYN-DEMO-002-465,anon-05,Демо-склад
IEK,DEMO-002,2025-04-11,3.0,SYN-DEMO-002-466,anon-06,Демо-склад
IEK,DEMO-002,2025-04-12,8.0,SYN-DEMO-002-467,anon-07,Демо-склад
IEK,DEMO-002,2025-04-13,4.0,SYN-DEMO-002-468,anon-08,Демо-склад
IEK,DEMO-002,2025-04-14,4.0,SYN-DEMO-002-469,anon-09,Демо-склад
IEK,DEMO-002,2025-04-15,2.0,SYN-DEMO-002-470,anon-10,Демо-склад
IEK,DEMO-002,2025-04-16,1.0,SYN-DEMO-002-471,anon-11,Демо-склад
IEK,DEMO-002,2025-04-17,2.0,SYN-DEMO-002-472,anon-12,Демо-склад
IEK,DEMO-002,2025-04-18,2.0,SYN-DEMO-002-473,anon-13,Демо-склад
IEK,DEMO-002,2025-04-19,5.0,SYN-DEMO-002-474,anon-14,Демо-склад
IEK,DEMO-002,2025-04-20,5.0,SYN-DEMO-002-475,anon-15,Демо-склад
IEK,DEMO-002,2025-04-21,3.0,SYN-DEMO-002-476,anon-16,Демо-склад
IEK,DEMO-002,2025-04-22,2.0,SYN-DEMO-002-477,anon-17,Демо-склад
IEK,DEMO-002,2025-04-23,4.0,SYN-DEMO-002-478,anon-18,Демо-склад
IEK,DEMO-002,2025-04-24,2.0,SYN-DEMO-002-479,anon-19,Демо-склад
IEK,DEMO-002,2025-04-25,4.0,SYN-DEMO-002-480,anon-00,Демо-склад
IEK,DEMO-002,2025-04-26,1.0,SYN-DEMO-002-481,anon-01,Демо-склад
IEK,DEMO-002,2025-04-27,5.0,SYN-DEMO-002-482,anon-02,Демо-склад
IEK,DEMO-002,2025-04-28,2.0,SYN-DEMO-002-483,anon-03,Демо-склад
IEK,DEMO-002,2025-04-29,4.0,SYN-DEMO-002-484,anon-04,Демо-склад
IEK,DEMO-002,2025-04-30,7.0,SYN-DEMO-002-485,anon-05,Демо-склад
IEK,DEMO-002,2025-05-01,1.0,SYN-DEMO-002-486,anon-06,Демо-склад
IEK,DEMO-002,2025-05-02,0.0,SYN-DEMO-002-487,anon-07,Демо-склад
IEK,DEMO-002,2025-05-03,1.0,SYN-DEMO-002-488,anon-08,Демо-склад
IEK,DEMO-002,2025-05-04,3.0,SYN-DEMO-002-489,anon-09,Демо-склад
IEK,DEMO-002,2025-05-05,3.0,SYN-DEMO-002-490,anon-10,Демо-склад
IEK,DEMO-002,2025-05-06,1.0,SYN-DEMO-002-491,anon-11,Демо-склад
IEK,DEMO-002,2025-05-07,3.0,SYN-DEMO-002-492,anon-12,Демо-склад
IEK,DEMO-002,2025-05-08,3.0,SYN-DEMO-002-493,anon-13,Демо-склад
IEK,DEMO-002,2025-05-09,2.0,SYN-DEMO-002-494,anon-14,Демо-склад
IEK,DEMO-002,2025-05-10,4.0,SYN-DEMO-002-495,anon-15,Демо-склад
IEK,DEMO-002,2025-05-11,0.0,SYN-DEMO-002-496,anon-16,Демо-склад
IEK,DEMO-002,2025-05-12,1.0,SYN-DEMO-002-497,anon-17,Демо-склад
IEK,DEMO-002,2025-05-13,1.0,SYN-DEMO-002-498,anon-18,Демо-склад
IEK,DEMO-002,2025-05-14,4.0,SYN-DEMO-002-499,anon-19,Демо-склад
IEK,DEMO-002,2025-05-15,2.0,SYN-DEMO-002-500,anon-00,Демо-склад
IEK,DEMO-002,2025-05-16,3.0,SYN-DEMO-002-501,anon-01,Демо-склад
IEK,DEMO-002,2025-05-17,2.0,SYN-DEMO-002-502,anon-02,Демо-склад
IEK,DEMO-002,2025-05-18,3.0,SYN-DEMO-002-503,anon-03,Демо-склад
IEK,DEMO-002,2025-05-19,0.0,SYN-DEMO-002-504,anon-04,Демо-склад
IEK,DEMO-002,2025-05-20,5.0,SYN-DEMO-002-505,anon-05,Демо-склад
IEK,DEMO-002,2025-05-21,3.0,SYN-DEMO-002-506,anon-06,Демо-склад
IEK,DEMO-002,2025-05-22,7.0,SYN-DEMO-002-507,anon-07,Демо-склад
IEK,DEMO-002,2025-05-23,0.0,SYN-DEMO-002-508,anon-08,Демо-склад
IEK,DEMO-002,2025-05-24,3.0,SYN-DEMO-002-509,anon-09,Демо-склад
IEK,DEMO-002,2025-05-25,3.0,SYN-DEMO-002-510,anon-10,Демо-склад
IEK,DEMO-002,2025-05-26,3.0,SYN-DEMO-002-511,anon-11,Демо-склад
IEK,DEMO-002,2025-05-27,3.0,SYN-DEMO-002-512,anon-12,Демо-склад
IEK,DEMO-002,2025-05-28,3.0,SYN-DEMO-002-513,anon-13,Демо-склад
IEK,DEMO-002,2025-05-29,2.0,SYN-DEMO-002-514,anon-14,Демо-склад
IEK,DEMO-002,2025-05-30,4.0,SYN-DEMO-002-515,anon-15,Демо-склад
IEK,DEMO-002,2025-05-31,1.0,SYN-DEMO-002-516,anon-16,Демо-склад
IEK,DEMO-002,2025-06-01,3.0,SYN-DEMO-002-517,anon-17,Демо-склад
IEK,DEMO-002,2025-06-02,1.0,SYN-DEMO-002-518,anon-18,Демо-склад
IEK,DEMO-002,2025-06-03,5.0,SYN-DEMO-002-519,anon-19,Демо-склад
IEK,DEMO-002,2025-06-04,6.0,SYN-DEMO-002-520,anon-00,Демо-склад
IEK,DEMO-002,2025-06-05,2.0,SYN-DEMO-002-521,anon-01,Демо-склад
IEK,DEMO-002,2025-06-06,0.0,SYN-DEMO-002-522,anon-02,Демо-склад
IEK,DEMO-002,2025-06-07,3.0,SYN-DEMO-002-523,anon-03,Демо-склад
IEK,DEMO-002,2025-06-08,5.0,SYN-DEMO-002-524,anon-04,Демо-склад
IEK,DEMO-002,2025-06-09,3.0,SYN-DEMO-002-525,anon-05,Демо-склад
IEK,DEMO-002,2025-06-10,3.0,SYN-DEMO-002-526,anon-06,Демо-склад
IEK,DEMO-002,2025-06-11,1.0,SYN-DEMO-002-527,anon-07,Демо-склад
IEK,DEMO-002,2025-06-12,1.0,SYN-DEMO-002-528,anon-08,Демо-склад
IEK,DEMO-002,2025-06-13,4.0,SYN-DEMO-002-529,anon-09,Демо-склад
IEK,DEMO-002,2025-06-14,3.0,SYN-DEMO-002-530,anon-10,Демо-склад
IEK,DEMO-002,2025-06-15,5.0,SYN-DEMO-002-531,anon-11,Демо-склад
IEK,DEMO-002,2025-06-16,7.0,SYN-DEMO-002-532,anon-12,Демо-склад
IEK,DEMO-002,2025-06-17,1.0,SYN-DEMO-002-533,anon-13,Демо-склад
IEK,DEMO-002,2025-06-18,2.0,SYN-DEMO-002-534,anon-14,Демо-склад
IEK,DEMO-002,2025-06-19,2.0,SYN-DEMO-002-535,anon-15,Демо-склад
IEK,DEMO-002,2025-06-20,2.0,SYN-DEMO-002-536,anon-16,Демо-склад
IEK,DEMO-002,2025-06-21,5.0,SYN-DEMO-002-537,anon-17,Демо-склад
IEK,DEMO-002,2025-06-22,2.0,SYN-DEMO-002-538,anon-18,Демо-склад
IEK,DEMO-002,2025-06-23,2.0,SYN-DEMO-002-539,anon-19,Демо-склад
IEK,DEMO-002,2025-06-24,2.0,SYN-DEMO-002-540,anon-00,Демо-склад
IEK,DEMO-002,2025-06-25,0.0,SYN-DEMO-002-541,anon-01,Демо-склад
IEK,DEMO-002,2025-06-26,4.0,SYN-DEMO-002-542,anon-02,Демо-склад
IEK,DEMO-002,2025-06-27,4.0,SYN-DEMO-002-543,anon-03,Демо-склад
IEK,DEMO-002,2025-06-28,3.0,SYN-DEMO-002-544,anon-04,Демо-склад
IEK,DEMO-002,2025-06-29,3.0,SYN-DEMO-002-545,anon-05,Демо-склад
IEK,DEMO-002,2025-06-30,2.0,SYN-DEMO-002-546,anon-06,Демо-склад
IEK,DEMO-002,2025-07-01,5.0,SYN-DEMO-002-547,anon-07,Демо-склад
IEK,DEMO-002,2025-07-02,7.0,SYN-DEMO-002-548,anon-08,Демо-склад
IEK,DEMO-002,2025-07-03,5.0,SYN-DEMO-002-549,anon-09,Демо-склад
IEK,DEMO-002,2025-07-04,11.0,SYN-DEMO-002-550,anon-10,Демо-склад
IEK,DEMO-002,2025-07-05,4.0,SYN-DEMO-002-551,anon-11,Демо-склад
IEK,DEMO-002,2025-07-06,9.0,SYN-DEMO-002-552,anon-12,Демо-склад
IEK,DEMO-002,2025-07-07,4.0,SYN-DEMO-002-553,anon-13,Демо-склад
IEK,DEMO-002,2025-07-08,3.0,SYN-DEMO-002-554,anon-14,Демо-склад
IEK,DEMO-002,2025-07-09,5.0,SYN-DEMO-002-555,anon-15,Демо-склад
IEK,DEMO-002,2025-07-10,5.0,SYN-DEMO-002-556,anon-16,Демо-склад
IEK,DEMO-002,2025-07-11,6.0,SYN-DEMO-002-557,anon-17,Демо-склад
IEK,DEMO-002,2025-07-12,5.0,SYN-DEMO-002-558,anon-18,Демо-склад
IEK,DEMO-002,2025-07-13,6.0,SYN-DEMO-002-559,anon-19,Демо-склад
IEK,DEMO-002,2025-07-14,4.0,SYN-DEMO-002-560,anon-00,Демо-склад
IEK,DEMO-002,2025-07-15,6.0,SYN-DEMO-002-561,anon-01,Демо-склад
IEK,DEMO-002,2025-07-16,10.0,SYN-DEMO-002-562,anon-02,Демо-склад
IEK,DEMO-002,2025-07-17,6.0,SYN-DEMO-002-563,anon-03,Демо-склад
IEK,DEMO-002,2025-07-18,5.0,SYN-DEMO-002-564,anon-04,Демо-склад
IEK,DEMO-002,2025-07-19,7.0,SYN-DEMO-002-565,anon-05,Демо-склад
IEK,DEMO-002,2025-07-20,5.0,SYN-DEMO-002-566,anon-06,Демо-склад
IEK,DEMO-002,2025-07-21,7.0,SYN-DEMO-002-567,anon-07,Демо-склад
IEK,DEMO-002,2025-07-22,4.0,SYN-DEMO-002-568,anon-08,Демо-склад
IEK,DEMO-002,2025-07-23,4.0,SYN-DEMO-002-569,anon-09,Демо-склад
IEK,DEMO-002,2025-07-24,5.0,SYN-DEMO-002-570,anon-10,Демо-склад
IEK,DEMO-002,2025-07-25,5.0,SYN-DEMO-002-571,anon-11,Демо-склад
IEK,DEMO-002,2025-07-26,6.0,SYN-DEMO-002-572,anon-12,Демо-склад
IEK,DEMO-002,2025-07-27,11.0,SYN-DEMO-002-573,anon-13,Демо-склад
IEK,DEMO-002,2025-07-28,4.0,SYN-DEMO-002-574,anon-14,Демо-склад
IEK,DEMO-002,2025-07-29,9.0,SYN-DEMO-002-575,anon-15,Демо-склад
IEK,DEMO-002,2025-07-30,6.0,SYN-DEMO-002-576,anon-16,Демо-склад
IEK,DEMO-002,2025-07-31,3.0,SYN-DEMO-002-577,anon-17,Демо-склад
IEK,DEMO-002,2025-08-01,6.0,SYN-DEMO-002-578,anon-18,Демо-склад
IEK,DEMO-002,2025-08-02,6.0,SYN-DEMO-002-579,anon-19,Демо-склад
IEK,DEMO-002,2025-08-03,5.0,SYN-DEMO-002-580,anon-00,Демо-склад
IEK,DEMO-002,2025-08-04,10.0,SYN-DEMO-002-581,anon-01,Демо-склад
IEK,DEMO-002,2025-08-05,6.0,SYN-DEMO-002-582,anon-02,Демо-склад
IEK,DEMO-002,2025-08-06,6.0,SYN-DEMO-002-583,anon-03,Демо-склад
IEK,DEMO-002,2025-08-07,7.0,SYN-DEMO-002-584,anon-04,Демо-склад
IEK,DEMO-002,2025-08-08,6.0,SYN-DEMO-002-585,anon-05,Демо-склад
IEK,DEMO-002,2025-08-09,11.0,SYN-DEMO-002-586,anon-06,Демо-склад
IEK,DEMO-002,2025-08-10,5.0,SYN-DEMO-002-587,anon-07,Демо-склад
IEK,DEMO-002,2025-08-11,11.0,SYN-DEMO-002-588,anon-08,Демо-склад
IEK,DEMO-002,2025-08-12,9.0,SYN-DEMO-002-589,anon-09,Демо-склад
IEK,DEMO-002,2025-08-13,6.0,SYN-DEMO-002-590,anon-10,Демо-склад
IEK,DEMO-002,2025-08-14,6.0,SYN-DEMO-002-591,anon-11,Демо-склад
IEK,DEMO-002,2025-08-15,15.0,SYN-DEMO-002-592,anon-12,Демо-склад
IEK,DEMO-002,2025-08-16,7.0,SYN-DEMO-002-593,anon-13,Демо-склад
IEK,DEMO-002,2025-08-17,7.0,SYN-DEMO-002-594,anon-14,Демо-склад
IEK,DEMO-002,2025-08-18,7.0,SYN-DEMO-002-595,anon-15,Демо-склад
IEK,DEMO-002,2025-08-19,8.0,SYN-DEMO-002-596,anon-16,Демо-склад
IEK,DEMO-002,2025-08-20,7.0,SYN-DEMO-002-597,anon-17,Демо-склад
IEK,DEMO-002,2025-08-21,5.0,SYN-DEMO-002-598,anon-18,Демо-склад
IEK,DEMO-002,2025-08-22,9.0,SYN-DEMO-002-599,anon-19,Демо-склад
IEK,DEMO-002,2025-08-23,9.0,SYN-DEMO-002-600,anon-00,Демо-склад
IEK,DEMO-002,2025-08-24,4.0,SYN-DEMO-002-601,anon-01,Демо-склад
IEK,DEMO-002,2025-08-25,12.0,SYN-DEMO-002-602,anon-02,Демо-склад
IEK,DEMO-002,2025-08-26,8.0,SYN-DEMO-002-603,anon-03,Демо-склад
IEK,DEMO-002,2025-08-27,6.0,SYN-DEMO-002-604,anon-04,Демо-склад
IEK,DEMO-002,2025-08-28,8.0,SYN-DEMO-002-605,anon-05,Демо-склад
IEK,DEMO-002,2025-08-29,7.0,SYN-DEMO-002-606,anon-06,Демо-склад
IEK,DEMO-002,2025-08-30,9.0,SYN-DEMO-002-607,anon-07,Демо-склад
IEK,DEMO-002,2025-08-31,9.0,SYN-DEMO-002-608,anon-08,Демо-склад
IEK,DEMO-002,2025-09-01,12.0,SYN-DEMO-002-609,anon-09,Демо-склад
IEK,DEMO-002,2025-09-02,16.0,SYN-DEMO-002-610,anon-10,Демо-склад
IEK,DEMO-002,2025-09-03,13.0,SYN-DEMO-002-611,anon-11,Демо-склад
IEK,DEMO-002,2025-09-04,12.0,SYN-DEMO-002-612,anon-12,Демо-склад
IEK,DEMO-002,2025-09-05,13.0,SYN-DEMO-002-613,anon-13,Демо-склад
IEK,DEMO-002,2025-09-06,5.0,SYN-DEMO-002-614,anon-14,Демо-склад
IEK,DEMO-002,2025-09-07,6.0,SYN-DEMO-002-615,anon-15,Демо-склад
IEK,DEMO-002,2025-09-08,8.0,SYN-DEMO-002-616,anon-16,Демо-склад
IEK,DEMO-002,2025-09-09,10.0,SYN-DEMO-002-617,anon-17,Демо-склад
IEK,DEMO-002,2025-09-10,9.0,SYN-DEMO-002-618,anon-18,Демо-склад
IEK,DEMO-002,2025-09-11,9.0,SYN-DEMO-002-619,anon-19,Демо-склад
IEK,DEMO-002,2025-09-12,8.0,SYN-DEMO-002-620,anon-00,Демо-склад
IEK,DEMO-002,2025-09-13,8.0,SYN-DEMO-002-621,anon-01,Демо-склад
IEK,DEMO-002,2025-09-14,13.0,SYN-DEMO-002-622,anon-02,Демо-склад
IEK,DEMO-002,2025-09-15,13.0,SYN-DEMO-002-623,anon-03,Демо-склад
IEK,DEMO-002,2025-09-16,10.0,SYN-DEMO-002-624,anon-04,Демо-склад
IEK,DEMO-002,2025-09-17,8.0,SYN-DEMO-002-625,anon-05,Демо-склад
IEK,DEMO-002,2025-09-18,14.0,SYN-DEMO-002-626,anon-06,Демо-склад
IEK,DEMO-002,2025-09-19,14.0,SYN-DEMO-002-627,anon-07,Демо-склад
IEK,DEMO-002,2025-09-20,6.0,SYN-DEMO-002-628,anon-08,Демо-склад
IEK,DEMO-002,2025-09-21,13.0,SYN-DEMO-002-629,anon-09,Демо-склад
IEK,DEMO-002,2025-09-22,12.0,SYN-DEMO-002-630,anon-10,Демо-склад
IEK,DEMO-002,2025-09-23,10.0,SYN-DEMO-002-631,anon-11,Демо-склад
IEK,DEMO-002,2025-09-24,13.0,SYN-DEMO-002-632,anon-12,Демо-склад
IEK,DEMO-002,2025-09-25,11.0,SYN-DEMO-002-633,anon-13,Демо-склад
IEK,DEMO-002,2025-09-26,11.0,SYN-DEMO-002-634,anon-14,Демо-склад
IEK,DEMO-002,2025-09-27,12.0,SYN-DEMO-002-635,anon-15,Демо-склад
IEK,DEMO-002,2025-09-28,11.0,SYN-DEMO-002-636,anon-16,Демо-склад
IEK,DEMO-002,2025-09-29,8.0,SYN-DEMO-002-637,anon-17,Демо-склад
IEK,DEMO-002,2025-09-30,9.0,SYN-DEMO-002-638,anon-18,Демо-склад
IEK,DEMO-002,2025-10-01,15.0,SYN-DEMO-002-639,anon-19,Демо-склад
IEK,DEMO-002,2025-10-02,11.0,SYN-DEMO-002-640,anon-00,Демо-склад
IEK,DEMO-002,2025-10-03,14.0,SYN-DEMO-002-641,anon-01,Демо-склад
IEK,DEMO-002,2025-10-04,13.0,SYN-DEMO-002-642,anon-02,Демо-склад
IEK,DEMO-002,2025-10-05,14.0,SYN-DEMO-002-643,anon-03,Демо-склад
IEK,DEMO-002,2025-10-06,11.0,SYN-DEMO-002-644,anon-04,Демо-склад
IEK,DEMO-002,2025-10-07,13.0,SYN-DEMO-002-645,anon-05,Демо-склад
IEK,DEMO-002,2025-10-08,17.0,SYN-DEMO-002-646,anon-06,Демо-склад
IEK,DEMO-002,2025-10-09,12.0,SYN-DEMO-002-647,anon-07,Демо-склад
IEK,DEMO-002,2025-10-10,11.0,SYN-DEMO-002-648,anon-08,Демо-склад
IEK,DEMO-002,2025-10-11,10.0,SYN-DEMO-002-649,anon-09,Демо-склад
IEK,DEMO-002,2025-10-12,12.0,SYN-DEMO-002-650,anon-10,Демо-склад
IEK,DEMO-002,2025-10-13,20.0,SYN-DEMO-002-651,anon-11,Демо-склад
IEK,DEMO-002,2025-10-14,13.0,SYN-DEMO-002-652,anon-12,Демо-склад
IEK,DEMO-002,2025-10-15,13.0,SYN-DEMO-002-653,anon-13,Демо-склад
IEK,DEMO-002,2025-10-16,14.0,SYN-DEMO-002-654,anon-14,Демо-склад
IEK,DEMO-002,2025-10-17,14.0,SYN-DEMO-002-655,anon-15,Демо-склад
IEK,DEMO-002,2025-10-18,14.0,SYN-DEMO-002-656,anon-16,Демо-склад
IEK,DEMO-002,2025-10-19,16.0,SYN-DEMO-002-657,anon-17,Демо-склад
IEK,DEMO-002,2025-10-20,8.0,SYN-DEMO-002-658,anon-18,Демо-склад
IEK,DEMO-002,2025-10-21,14.0,SYN-DEMO-002-659,anon-19,Демо-склад
IEK,DEMO-002,2025-10-22,7.0,SYN-DEMO-002-660,anon-00,Демо-склад
IEK,DEMO-002,2025-10-23,8.0,SYN-DEMO-002-661,anon-01,Демо-склад
IEK,DEMO-002,2025-10-24,14.0,SYN-DEMO-002-662,anon-02,Демо-склад
IEK,DEMO-002,2025-10-25,15.0,SYN-DEMO-002-663,anon-03,Демо-склад
IEK,DEMO-002,2025-10-26,10.0,SYN-DEMO-002-664,anon-04,Демо-склад
IEK,DEMO-002,2025-10-27,12.0,SYN-DEMO-002-665,anon-05,Демо-склад
IEK,DEMO-002,2025-10-28,10.0,SYN-DEMO-002-666,anon-06,Демо-склад
IEK,DEMO-002,2025-10-29,17.0,SYN-DEMO-002-667,anon-07,Демо-склад
IEK,DEMO-002,2025-10-30,22.0,SYN-DEMO-002-668,anon-08,Демо-склад
IEK,DEMO-002,2025-10-31,13.0,SYN-DEMO-002-669,anon-09,Демо-склад
IEK,DEMO-002,2025-11-01,13.0,SYN-DEMO-002-670,anon-10,Демо-склад
IEK,DEMO-002,2025-11-02,17.0,SYN-DEMO-002-671,anon-11,Демо-склад
IEK,DEMO-002,2025-11-03,13.0,SYN-DEMO-002-672,anon-12,Демо-склад
IEK,DEMO-002,2025-11-04,15.0,SYN-DEMO-002-673,anon-13,Демо-склад
IEK,DEMO-002,2025-11-05,11.0,SYN-DEMO-002-674,anon-14,Демо-склад
IEK,DEMO-002,2025-11-06,22.0,SYN-DEMO-002-675,anon-15,Демо-склад
IEK,DEMO-002,2025-11-07,13.0,SYN-DEMO-002-676,anon-16,Демо-склад
IEK,DEMO-002,2025-11-08,10.0,SYN-DEMO-002-677,anon-17,Демо-склад
IEK,DEMO-002,2025-11-09,18.0,SYN-DEMO-002-678,anon-18,Демо-склад
IEK,DEMO-002,2025-11-10,13.0,SYN-DEMO-002-679,anon-19,Демо-склад
IEK,DEMO-002,2025-11-11,16.0,SYN-DEMO-002-680,anon-00,Демо-склад
IEK,DEMO-002,2025-11-12,14.0,SYN-DEMO-002-681,anon-01,Демо-склад
IEK,DEMO-002,2025-11-13,18.0,SYN-DEMO-002-682,anon-02,Демо-склад
IEK,DEMO-002,2025-11-14,11.0,SYN-DEMO-002-683,anon-03,Демо-склад
IEK,DEMO-002,2025-11-15,10.0,SYN-DEMO-002-684,anon-04,Демо-склад
IEK,DEMO-002,2025-11-16,10.0,SYN-DEMO-002-685,anon-05,Демо-склад
IEK,DEMO-002,2025-11-17,15.0,SYN-DEMO-002-686,anon-06,Демо-склад
IEK,DEMO-002,2025-11-18,9.0,SYN-DEMO-002-687,anon-07,Демо-склад
IEK,DEMO-002,2025-11-19,4.0,SYN-DEMO-002-688,anon-08,Демо-склад
IEK,DEMO-002,2025-11-20,6.0,SYN-DEMO-002-689,anon-09,Демо-склад
IEK,DEMO-002,2025-11-21,12.0,SYN-DEMO-002-690,anon-10,Демо-склад
IEK,DEMO-002,2025-11-22,11.0,SYN-DEMO-002-691,anon-11,Демо-склад
IEK,DEMO-002,2025-11-23,13.0,SYN-DEMO-002-692,anon-12,Демо-склад
IEK,DEMO-002,2025-11-24,12.0,SYN-DEMO-002-693,anon-13,Демо-склад
IEK,DEMO-002,2025-11-25,14.0,SYN-DEMO-002-694,anon-14,Демо-склад
IEK,DEMO-002,2025-11-26,15.0,SYN-DEMO-002-695,anon-15,Демо-склад
IEK,DEMO-002,2025-11-27,13.0,SYN-DEMO-002-696,anon-16,Демо-склад
IEK,DEMO-002,2025-11-28,15.0,SYN-DEMO-002-697,anon-17,Демо-склад
IEK,DEMO-002,2025-11-29,16.0,SYN-DEMO-002-698,anon-18,Демо-склад
IEK,DEMO-002,2025-11-30,14.0,SYN-DEMO-002-699,anon-19,Демо-склад
IEK,DEMO-002,2025-12-01,11.0,SYN-DEMO-002-700,anon-00,Демо-склад
IEK,DEMO-002,2025-12-02,23.0,SYN-DEMO-002-701,anon-01,Демо-склад
IEK,DEMO-002,2025-12-03,15.0,SYN-DEMO-002-702,anon-02,Демо-склад
IEK,DEMO-002,2025-12-04,8.0,SYN-DEMO-002-703,anon-03,Демо-склад
IEK,DEMO-002,2025-12-05,12.0,SYN-DEMO-002-704,anon-04,Демо-склад
IEK,DEMO-002,2025-12-06,16.0,SYN-DEMO-002-705,anon-05,Демо-склад
IEK,DEMO-002,2025-12-07,14.0,SYN-DEMO-002-706,anon-06,Демо-склад
IEK,DEMO-002,2025-12-08,20.0,SYN-DEMO-002-707,anon-07,Демо-склад
IEK,DEMO-002,2025-12-09,7.0,SYN-DEMO-002-708,anon-08,Демо-склад
IEK,DEMO-002,2025-12-10,13.0,SYN-DEMO-002-709,anon-09,Демо-склад
IEK,DEMO-002,2025-12-11,13.0,SYN-DEMO-002-710,anon-10,Демо-склад
IEK,DEMO-002,2025-12-12,12.0,SYN-DEMO-002-711,anon-11,Демо-склад
IEK,DEMO-002,2025-12-13,13.0,SYN-DEMO-002-712,anon-12,Демо-склад
IEK,DEMO-002,2025-12-14,14.0,SYN-DEMO-002-713,anon-13,Демо-склад
IEK,DEMO-002,2025-12-15,15.0,SYN-DEMO-002-714,anon-14,Демо-склад
IEK,DEMO-002,2025-12-16,8.0,SYN-DEMO-002-715,anon-15,Демо-склад
IEK,DEMO-002,2025-12-17,8.0,SYN-DEMO-002-716,anon-16,Демо-склад
IEK,DEMO-002,2025-12-18,19.0,SYN-DEMO-002-717,anon-17,Демо-склад
IEK,DEMO-002,2025-12-19,11.0,SYN-DEMO-002-718,anon-18,Демо-склад
IEK,DEMO-002,2025-12-20,8.0,SYN-DEMO-002-719,anon-19,Демо-склад
IEK,DEMO-002,2025-12-21,18.0,SYN-DEMO-002-720,anon-00,Демо-склад
IEK,DEMO-002,2025-12-22,9.0,SYN-DEMO-002-721,anon-01,Демо-склад
IEK,DEMO-002,2025-12-23,12.0,SYN-DEMO-002-722,anon-02,Демо-склад
IEK,DEMO-002,2025-12-24,13.0,SYN-DEMO-002-723,anon-03,Демо-склад
IEK,DEMO-002,2025-12-25,11.0,SYN-DEMO-002-724,anon-04,Демо-склад
IEK,DEMO-002,2025-12-26,10.0,SYN-DEMO-002-725,anon-05,Демо-склад
IEK,DEMO-002,2025-12-27,12.0,SYN-DEMO-002-726,anon-06,Демо-склад
IEK,DEMO-002,2025-12-28,17.0,SYN-DEMO-002-727,anon-07,Демо-склад
IEK,DEMO-002,2025-12-29,8.0,SYN-DEMO-002-728,anon-08,Демо-склад
IEK,DEMO-002,2025-12-30,14.0,SYN-DEMO-002-729,anon-09,Демо-склад
IEK,DEMO-002,2025-12-31,8.0,SYN-DEMO-002-730,anon-10,Демо-склад
IEK,DEMO-002,2026-01-01,9.0,SYN-DEMO-002-731,anon-11,Демо-склад
IEK,DEMO-002,2026-01-02,10.0,SYN-DEMO-002-732,anon-12,Демо-склад
IEK,DEMO-002,2026-01-03,8.0,SYN-DEMO-002-733,anon-13,Демо-склад
IEK,DEMO-002,2026-01-04,16.0,SYN-DEMO-002-734,anon-14,Демо-склад
IEK,DEMO-002,2026-01-05,14.0,SYN-DEMO-002-735,anon-15,Демо-склад
IEK,DEMO-002,2026-01-06,12.0,SYN-DEMO-002-736,anon-16,Демо-склад
IEK,DEMO-002,2026-01-07,7.0,SYN-DEMO-002-737,anon-17,Демо-склад
IEK,DEMO-002,2026-01-08,11.0,SYN-DEMO-002-738,anon-18,Демо-склад
IEK,DEMO-002,2026-01-09,10.0,SYN-DEMO-002-739,anon-19,Демо-склад
IEK,DEMO-002,2026-01-10,9.0,SYN-DEMO-002-740,anon-00,Демо-склад
IEK,DEMO-002,2026-01-11,4.0,SYN-DEMO-002-741,anon-01,Демо-склад
IEK,DEMO-002,2026-01-12,12.0,SYN-DEMO-002-742,anon-02,Демо-склад
IEK,DEMO-002,2026-01-13,12.0,SYN-DEMO-002-743,anon-03,Демо-склад
IEK,DEMO-002,2026-01-14,11.0,SYN-DEMO-002-744,anon-04,Демо-склад
IEK,DEMO-002,2026-01-15,9.0,SYN-DEMO-002-745,anon-05,Демо-склад
IEK,DEMO-002,2026-01-16,5.0,SYN-DEMO-002-746,anon-06,Демо-склад
IEK,DEMO-002,2026-01-17,10.0,SYN-DEMO-002-747,anon-07,Демо-склад
IEK,DEMO-002,2026-01-18,9.0,SYN-DEMO-002-748,anon-08,Демо-склад
IEK,DEMO-002,2026-01-19,15.0,SYN-DEMO-002-749,anon-09,Демо-склад
IEK,DEMO-002,2026-01-20,4.0,SYN-DEMO-002-750,anon-10,Демо-склад
IEK,DEMO-002,2026-01-21,12.0,SYN-DEMO-002-751,anon-11,Демо-склад
IEK,DEMO-002,2026-01-22,4.0,SYN-DEMO-002-752,anon-12,Демо-склад
IEK,DEMO-002,2026-01-23,8.0,SYN-DEMO-002-753,anon-13,Демо-склад
IEK,DEMO-002,2026-01-24,11.0,SYN-DEMO-002-754,anon-14,Демо-склад
IEK,DEMO-002,2026-01-25,8.0,SYN-DEMO-002-755,anon-15,Демо-склад
IEK,DEMO-002,2026-01-26,13.0,SYN-DEMO-002-756,anon-16,Демо-склад
IEK,DEMO-002,2026-01-27,9.0,SYN-DEMO-002-757,anon-17,Демо-склад
IEK,DEMO-002,2026-01-28,18.0,SYN-DEMO-002-758,anon-18,Демо-склад
IEK,DEMO-002,2026-01-29,7.0,SYN-DEMO-002-759,anon-19,Демо-склад
IEK,DEMO-002,2026-01-30,7.0,SYN-DEMO-002-760,anon-00,Демо-склад
IEK,DEMO-002,2026-01-31,12.0,SYN-DEMO-002-761,anon-01,Демо-склад
IEK,DEMO-002,2026-02-01,10.0,SYN-DEMO-002-762,anon-02,Демо-склад
IEK,DEMO-002,2026-02-02,1.0,SYN-DEMO-002-763,anon-03,Демо-склад
IEK,DEMO-002,2026-02-03,14.0,SYN-DEMO-002-764,anon-04,Демо-склад
IEK,DEMO-002,2026-02-04,7.0,SYN-DEMO-002-765,anon-05,Демо-склад
IEK,DEMO-002,2026-02-05,10.0,SYN-DEMO-002-766,anon-06,Демо-склад
IEK,DEMO-002,2026-02-06,7.0,SYN-DEMO-002-767,anon-07,Демо-склад
IEK,DEMO-002,2026-02-07,7.0,SYN-DEMO-002-768,anon-08,Демо-склад
IEK,DEMO-002,2026-02-08,6.0,SYN-DEMO-002-769,anon-09,Демо-склад
IEK,DEMO-002,2026-02-09,7.0,SYN-DEMO-002-770,anon-10,Демо-склад
IEK,DEMO-002,2026-02-10,9.0,SYN-DEMO-002-771,anon-11,Демо-склад
IEK,DEMO-002,2026-02-11,8.0,SYN-DEMO-002-772,anon-12,Демо-склад
IEK,DEMO-002,2026-02-12,9.0,SYN-DEMO-002-773,anon-13,Демо-склад
IEK,DEMO-002,2026-02-13,8.0,SYN-DEMO-002-774,anon-14,Демо-склад
IEK,DEMO-002,2026-02-14,6.0,SYN-DEMO-002-775,anon-15,Демо-склад
IEK,DEMO-002,2026-02-15,4.0,SYN-DEMO-002-776,anon-16,Демо-склад
IEK,DEMO-002,2026-02-16,5.0,SYN-DEMO-002-777,anon-17,Демо-склад
IEK,DEMO-002,2026-02-17,11.0,SYN-DEMO-002-778,anon-18,Демо-склад
IEK,DEMO-002,2026-02-18,11.0,SYN-DEMO-002-779,anon-19,Демо-склад
IEK,DEMO-002,2026-02-19,9.0,SYN-DEMO-002-780,anon-00,Демо-склад
IEK,DEMO-002,2026-02-20,9.0,SYN-DEMO-002-781,anon-01,Демо-склад
IEK,DEMO-002,2026-02-21,11.0,SYN-DEMO-002-782,anon-02,Демо-склад
IEK,DEMO-002,2026-02-22,12.0,SYN-DEMO-002-783,anon-03,Демо-склад
IEK,DEMO-002,2026-02-23,13.0,SYN-DEMO-002-784,anon-04,Демо-склад
IEK,DEMO-002,2026-02-24,8.0,SYN-DEMO-002-785,anon-05,Демо-склад
IEK,DEMO-002,2026-02-25,12.0,SYN-DEMO-002-786,anon-06,Демо-склад
IEK,DEMO-002,2026-02-26,7.0,SYN-DEMO-002-787,anon-07,Демо-склад
IEK,DEMO-002,2026-02-27,8.0,SYN-DEMO-002-788,anon-08,Демо-склад
IEK,DEMO-002,2026-02-28,2.0,SYN-DEMO-002-789,anon-09,Демо-склад
IEK,DEMO-002,2026-03-01,5.0,SYN-DEMO-002-790,anon-10,Демо-склад
IEK,DEMO-002,2026-03-02,6.0,SYN-DEMO-002-791,anon-11,Демо-склад
IEK,DEMO-002,2026-03-03,7.0,SYN-DEMO-002-792,anon-12,Демо-склад
IEK,DEMO-002,2026-03-04,3.0,SYN-DEMO-002-793,anon-13,Демо-склад
IEK,DEMO-002,2026-03-05,5.0,SYN-DEMO-002-794,anon-14,Демо-склад
IEK,DEMO-002,2026-03-06,9.0,SYN-DEMO-002-795,anon-15,Демо-склад
IEK,DEMO-002,2026-03-07,7.0,SYN-DEMO-002-796,anon-16,Демо-склад
IEK,DEMO-002,2026-03-08,9.0,SYN-DEMO-002-797,anon-17,Демо-склад
IEK,DEMO-002,2026-03-09,10.0,SYN-DEMO-002-798,anon-18,Демо-склад
IEK,DEMO-002,2026-03-10,3.0,SYN-DEMO-002-799,anon-19,Демо-склад
IEK,DEMO-002,2026-03-11,9.0,SYN-DEMO-002-800,anon-00,Демо-склад
IEK,DEMO-002,2026-03-12,6.0,SYN-DEMO-002-801,anon-01,Демо-склад
IEK,DEMO-002,2026-03-13,9.0,SYN-DEMO-002-802,anon-02,Демо-склад
IEK,DEMO-002,2026-03-14,5.0,SYN-DEMO-002-803,anon-03,Демо-склад
IEK,DEMO-002,2026-03-15,5.0,SYN-DEMO-002-804,anon-04,Демо-склад
IEK,DEMO-002,2026-03-16,4.0,SYN-DEMO-002-805,anon-05,Демо-склад
IEK,DEMO-002,2026-03-17,4.0,SYN-DEMO-002-806,anon-06,Демо-склад
IEK,DEMO-002,2026-03-18,5.0,SYN-DEMO-002-807,anon-07,Демо-склад
IEK,DEMO-002,2026-03-19,4.0,SYN-DEMO-002-808,anon-08,Демо-склад
IEK,DEMO-002,2026-03-20,7.0,SYN-DEMO-002-809,anon-09,Демо-склад
IEK,DEMO-002,2026-03-21,6.0,SYN-DEMO-002-810,anon-10,Демо-склад
IEK,DEMO-002,2026-03-22,5.0,SYN-DEMO-002-811,anon-11,Демо-склад
IEK,DEMO-002,2026-03-23,6.0,SYN-DEMO-002-812,anon-12,Демо-склад
IEK,DEMO-002,2026-03-24,10.0,SYN-DEMO-002-813,anon-13,Демо-склад
IEK,DEMO-002,2026-03-25,8.0,SYN-DEMO-002-814,anon-14,Демо-склад
IEK,DEMO-002,2026-03-26,9.0,SYN-DEMO-002-815,anon-15,Демо-склад
IEK,DEMO-002,2026-03-27,3.0,SYN-DEMO-002-816,anon-16,Демо-склад
IEK,DEMO-002,2026-03-28,3.0,SYN-DEMO-002-817,anon-17,Демо-склад
IEK,DEMO-002,2026-03-29,3.0,SYN-DEMO-002-818,anon-18,Демо-склад
IEK,DEMO-002,2026-03-30,2.0,SYN-DEMO-002-819,anon-19,Демо-склад
IEK,DEMO-002,2026-03-31,4.0,SYN-DEMO-002-820,anon-00,Демо-склад
IEK,DEMO-002,2026-04-01,4.0,SYN-DEMO-002-821,anon-01,Демо-склад
IEK,DEMO-002,2026-04-02,0.0,SYN-DEMO-002-822,anon-02,Демо-склад
IEK,DEMO-002,2026-04-03,1.0,SYN-DEMO-002-823,anon-03,Демо-склад
IEK,DEMO-002,2026-04-04,6.0,SYN-DEMO-002-824,anon-04,Демо-склад
IEK,DEMO-002,2026-04-05,4.0,SYN-DEMO-002-825,anon-05,Демо-склад
IEK,DEMO-002,2026-04-06,3.0,SYN-DEMO-002-826,anon-06,Демо-склад
IEK,DEMO-002,2026-04-07,4.0,SYN-DEMO-002-827,anon-07,Демо-склад
IEK,DEMO-002,2026-04-08,1.0,SYN-DEMO-002-828,anon-08,Демо-склад
IEK,DEMO-002,2026-04-09,7.0,SYN-DEMO-002-829,anon-09,Демо-склад
IEK,DEMO-002,2026-04-10,6.0,SYN-DEMO-002-830,anon-10,Демо-склад
IEK,DEMO-002,2026-04-11,5.0,SYN-DEMO-002-831,anon-11,Демо-склад
IEK,DEMO-002,2026-04-12,4.0,SYN-DEMO-002-832,anon-12,Демо-склад
IEK,DEMO-002,2026-04-13,4.0,SYN-DEMO-002-833,anon-13,Демо-склад
IEK,DEMO-002,2026-04-14,5.0,SYN-DEMO-002-834,anon-14,Демо-склад
IEK,DEMO-002,2026-04-15,6.0,SYN-DEMO-002-835,anon-15,Демо-склад
IEK,DEMO-002,2026-04-16,5.0,SYN-DEMO-002-836,anon-16,Демо-склад
IEK,DEMO-002,2026-04-17,5.0,SYN-DEMO-002-837,anon-17,Демо-склад
IEK,DEMO-002,2026-04-18,3.0,SYN-DEMO-002-838,anon-18,Демо-склад
IEK,DEMO-002,2026-04-19,2.0,SYN-DEMO-002-839,anon-19,Демо-склад
IEK,DEMO-002,2026-04-20,8.0,SYN-DEMO-002-840,anon-00,Демо-склад
IEK,DEMO-002,2026-04-21,3.0,SYN-DEMO-002-841,anon-01,Демо-склад
IEK,DEMO-002,2026-04-22,2.0,SYN-DEMO-002-842,anon-02,Демо-склад
IEK,DEMO-002,2026-04-23,7.0,SYN-DEMO-002-843,anon-03,Демо-склад
IEK,DEMO-002,2026-04-24,1.0,SYN-DEMO-002-844,anon-04,Демо-склад
IEK,DEMO-002,2026-04-25,5.0,SYN-DEMO-002-845,anon-05,Демо-склад
IEK,DEMO-002,2026-04-26,0.0,SYN-DEMO-002-846,anon-06,Демо-склад
IEK,DEMO-002,2026-04-27,1.0,SYN-DEMO-002-847,anon-07,Демо-склад
IEK,DEMO-002,2026-04-28,4.0,SYN-DEMO-002-848,anon-08,Демо-склад
IEK,DEMO-002,2026-04-29,4.0,SYN-DEMO-002-849,anon-09,Демо-склад
IEK,DEMO-002,2026-04-30,4.0,SYN-DEMO-002-850,anon-10,Демо-склад
IEK,DEMO-002,2026-05-01,6.0,SYN-DEMO-002-851,anon-11,Демо-склад
IEK,DEMO-002,2026-05-02,4.0,SYN-DEMO-002-852,anon-12,Демо-склад
IEK,DEMO-002,2026-05-03,4.0,SYN-DEMO-002-853,anon-13,Демо-склад
IEK,DEMO-002,2026-05-04,3.0,SYN-DEMO-002-854,anon-14,Демо-склад
IEK,DEMO-002,2026-05-05,1.0,SYN-DEMO-002-855,anon-15,Демо-склад
IEK,DEMO-002,2026-05-06,6.0,SYN-DEMO-002-856,anon-16,Демо-склад
IEK,DEMO-002,2026-05-07,4.0,SYN-DEMO-002-857,anon-17,Демо-склад
IEK,DEMO-002,2026-05-08,3.0,SYN-DEMO-002-858,anon-18,Демо-склад
IEK,DEMO-002,2026-05-09,3.0,SYN-DEMO-002-859,anon-19,Демо-склад
IEK,DEMO-002,2026-05-10,6.0,SYN-DEMO-002-860,anon-00,Демо-склад
IEK,DEMO-002,2026-05-11,2.0,SYN-DEMO-002-861,anon-01,Демо-склад
IEK,DEMO-002,2026-05-12,3.0,SYN-DEMO-002-862,anon-02,Демо-склад
IEK,DEMO-002,2026-05-13,4.0,SYN-DEMO-002-863,anon-03,Демо-склад
IEK,DEMO-002,2026-05-14,0.0,SYN-DEMO-002-864,anon-04,Демо-склад
IEK,DEMO-002,2026-05-15,2.0,SYN-DEMO-002-865,anon-05,Демо-склад
IEK,DEMO-002,2026-05-16,5.0,SYN-DEMO-002-866,anon-06,Демо-склад
IEK,DEMO-002,2026-05-17,3.0,SYN-DEMO-002-867,anon-07,Демо-склад
IEK,DEMO-002,2026-05-18,7.0,SYN-DEMO-002-868,anon-08,Демо-склад
IEK,DEMO-002,2026-05-19,1.0,SYN-DEMO-002-869,anon-09,Демо-склад
IEK,DEMO-002,2026-05-20,4.0,SYN-DEMO-002-870,anon-10,Демо-склад
IEK,DEMO-002,2026-05-21,2.0,SYN-DEMO-002-871,anon-11,Демо-склад
IEK,DEMO-002,2026-05-22,2.0,SYN-DEMO-002-872,anon-12,Демо-склад
IEK,DEMO-002,2026-05-23,1.0,SYN-DEMO-002-873,anon-13,Демо-склад
IEK,DEMO-002,2026-05-24,2.0,SYN-DEMO-002-874,anon-14,Демо-склад
IEK,DEMO-002,2026-05-25,3.0,SYN-DEMO-002-875,anon-15,Демо-склад
IEK,DEMO-002,2026-05-26,0.0,SYN-DEMO-002-876,anon-16,Демо-склад
IEK,DEMO-002,2026-05-27,5.0,SYN-DEMO-002-877,anon-17,Демо-склад
IEK,DEMO-002,2026-05-28,2.0,SYN-DEMO-002-878,anon-18,Демо-склад
IEK,DEMO-002,2026-05-29,2.0,SYN-DEMO-002-879,anon-19,Демо-склад
IEK,DEMO-002,2026-05-30,1.0,SYN-DEMO-002-880,anon-00,Демо-склад
IEK,DEMO-002,2026-05-31,5.0,SYN-DEMO-002-881,anon-01,Демо-склад
IEK,DEMO-002,2026-06-01,4.0,SYN-DEMO-002-882,anon-02,Демо-склад
IEK,DEMO-002,2026-06-02,2.0,SYN-DEMO-002-883,anon-03,Демо-склад
IEK,DEMO-002,2026-06-03,1.0,SYN-DEMO-002-884,anon-04,Демо-склад
IEK,DEMO-002,2026-06-04,5.0,SYN-DEMO-002-885,anon-05,Демо-склад
IEK,DEMO-002,2026-06-05,8.0,SYN-DEMO-002-886,anon-06,Демо-склад
IEK,DEMO-002,2026-06-06,6.0,SYN-DEMO-002-887,anon-07,Демо-склад
IEK,DEMO-002,2026-06-07,5.0,SYN-DEMO-002-888,anon-08,Демо-склад
IEK,DEMO-002,2026-06-08,4.0,SYN-DEMO-002-889,anon-09,Демо-склад
IEK,DEMO-002,2026-06-09,7.0,SYN-DEMO-002-890,anon-10,Демо-склад
IEK,DEMO-002,2026-06-10,5.0,SYN-DEMO-002-891,anon-11,Демо-склад
IEK,DEMO-002,2026-06-11,7.0,SYN-DEMO-002-892,anon-12,Демо-склад
IEK,DEMO-002,2026-06-12,5.0,SYN-DEMO-002-893,anon-13,Демо-склад
IEK,DEMO-002,2026-06-13,4.0,SYN-DEMO-002-894,anon-14,Демо-склад
IEK,DEMO-002,2026-06-14,2.0,SYN-DEMO-002-895,anon-15,Демо-склад
IEK,DEMO-002,2026-06-15,4.0,SYN-DEMO-002-896,anon-16,Демо-склад
IEK,DEMO-002,2026-06-16,3.0,SYN-DEMO-002-897,anon-17,Демо-склад
IEK,DEMO-002,2026-06-17,6.0,SYN-DEMO-002-898,anon-18,Демо-склад
IEK,DEMO-002,2026-06-18,4.0,SYN-DEMO-002-899,anon-19,Демо-склад
IEK,DEMO-002,2026-06-19,0.0,SYN-DEMO-002-900,anon-00,Демо-склад
IEK,DEMO-002,2026-06-20,1.0,SYN-DEMO-002-901,anon-01,Демо-склад
IEK,DEMO-002,2026-06-21,6.0,SYN-DEMO-002-902,anon-02,Демо-склад
IEK,DEMO-002,2026-06-22,9.0,SYN-DEMO-002-903,anon-03,Демо-склад
IEK,DEMO-002,2026-06-23,0.0,SYN-DEMO-002-904,anon-04,Демо-склад
IEK,DEMO-002,2026-06-24,3.0,SYN-DEMO-002-905,anon-05,Демо-склад
IEK,DEMO-002,2026-06-25,4.0,SYN-DEMO-002-906,anon-06,Демо-склад
IEK,DEMO-002,2026-06-26,0.0,SYN-DEMO-002-907,anon-07,Демо-склад
IEK,DEMO-002,2026-06-27,5.0,SYN-DEMO-002-908,anon-08,Демо-склад
IEK,DEMO-002,2026-06-28,5.0,SYN-DEMO-002-909,anon-09,Демо-склад
IEK,DEMO-002,2026-06-29,2.0,SYN-DEMO-002-910,anon-10,Демо-склад
IEK,DEMO-002,2026-06-30,2.0,SYN-DEMO-002-911,anon-11,Демо-склад
IEK,DEMO-002,2026-07-01,6.0,SYN-DEMO-002-912,anon-12,Демо-склад
IEK,DEMO-002,2026-07-02,7.0,SYN-DEMO-002-913,anon-13,Демо-склад
IEK,DEMO-002,2026-07-03,5.0,SYN-DEMO-002-914,anon-14,Демо-склад
IEK,DEMO-002,2026-07-04,3.0,SYN-DEMO-002-915,anon-15,Демо-склад
IEK,DEMO-002,2026-07-05,4.0,SYN-DEMO-002-916,anon-16,Демо-склад
IEK,DEMO-002,2026-07-06,8.0,SYN-DEMO-002-917,anon-17,Демо-склад
IEK,DEMO-002,2026-07-07,7.0,SYN-DEMO-002-918,anon-18,Демо-склад
IEK,DEMO-002,2026-07-08,6.0,SYN-DEMO-002-919,anon-19,Демо-склад
IEK,DEMO-002,2026-07-09,7.0,SYN-DEMO-002-920,anon-00,Демо-склад
IEK,DEMO-002,2026-07-10,1.0,SYN-DEMO-002-921,anon-01,Демо-склад
IEK,DEMO-002,2026-07-11,3.0,SYN-DEMO-002-922,anon-02,Демо-склад
IEK,DEMO-002,2026-07-12,4.0,SYN-DEMO-002-923,anon-03,Демо-склад
IEK,DEMO-002,2026-07-13,10.0,SYN-DEMO-002-924,anon-04,Демо-склад
IEK,DEMO-002,2026-07-14,3.0,SYN-DEMO-002-925,anon-05,Демо-склад
IEK,DEMO-002,2026-07-15,7.0,SYN-DEMO-002-926,anon-06,Демо-склад
IEK,DEMO-002,2026-07-16,4.0,SYN-DEMO-002-927,anon-07,Демо-склад
IEK,DEMO-002,2026-07-17,5.0,SYN-DEMO-002-928,anon-08,Демо-склад
IEK,DEMO-002,2026-07-18,14.0,SYN-DEMO-002-929,anon-09,Демо-склад
IEK,DEMO-002,2026-07-19,8.0,SYN-DEMO-002-930,anon-10,Демо-склад
IEK,DEMO-002,2026-07-20,3.0,SYN-DEMO-002-931,anon-11,Демо-склад
IEK,DEMO-002,2026-07-21,3.0,SYN-DEMO-002-932,anon-12,Демо-склад
IEK,DEMO-002,2026-07-22,5.0,SYN-DEMO-002-933,anon-13,Демо-склад
IEK,DEMO-002,2026-07-23,4.0,SYN-DEMO-002-934,anon-14,Демо-склад
IEK,DEMO-002,2026-07-24,5.0,SYN-DEMO-002-935,anon-15,Демо-склад
IEK,DEMO-002,2026-07-25,8.0,SYN-DEMO-002-936,anon-16,Демо-склад
IEK,DEMO-002,2026-07-26,2.0,SYN-DEMO-002-937,anon-17,Демо-склад
IEK,DEMO-002,2026-07-27,3.0,SYN-DEMO-002-938,anon-18,Демо-склад
IEK,DEMO-002,2026-07-28,7.0,SYN-DEMO-002-939,anon-19,Демо-склад
IEK,DEMO-002,2026-07-29,4.0,SYN-DEMO-002-940,anon-00,Демо-склад
IEK,DEMO-002,2026-07-30,4.0,SYN-DEMO-002-941,anon-01,Демо-склад
IEK,DEMO-002,2026-07-31,4.0,SYN-DEMO-002-942,anon-02,Демо-склад
IEK,DEMO-002,2026-08-01,11.0,SYN-DEMO-002-943,anon-03,Демо-склад
IEK,DEMO-002,2026-08-02,11.0,SYN-DEMO-002-944,anon-04,Демо-склад
IEK,DEMO-002,2026-08-03,7.0,SYN-DEMO-002-945,anon-05,Демо-склад
IEK,DEMO-002,2026-08-04,8.0,SYN-DEMO-002-946,anon-06,Демо-склад
IEK,DEMO-002,2026-08-05,9.0,SYN-DEMO-002-947,anon-07,Демо-склад
IEK,DEMO-002,2026-08-06,8.0,SYN-DEMO-002-948,anon-08,Демо-склад
IEK,DEMO-002,2026-08-07,11.0,SYN-DEMO-002-949,anon-09,Демо-склад
IEK,DEMO-002,2026-08-08,6.0,SYN-DEMO-002-950,anon-10,Демо-склад
IEK,DEMO-002,2026-08-09,9.0,SYN-DEMO-002-951,anon-11,Демо-склад
IEK,DEMO-002,2026-08-10,8.0,SYN-DEMO-002-952,anon-12,Демо-склад
IEK,DEMO-002,2026-08-11,10.0,SYN-DEMO-002-953,anon-13,Демо-склад
IEK,DEMO-002,2026-08-12,7.0,SYN-DEMO-002-954,anon-14,Демо-склад
IEK,DEMO-002,2026-08-13,5.0,SYN-DEMO-002-955,anon-15,Демо-склад
IEK,DEMO-002,2026-08-14,10.0,SYN-DEMO-002-956,anon-16,Демо-склад
IEK,DEMO-002,2026-08-15,10.0,SYN-DEMO-002-957,anon-17,Демо-склад
IEK,DEMO-002,2026-08-16,7.0,SYN-DEMO-002-958,anon-18,Демо-склад
IEK,DEMO-002,2026-08-17,5.0,SYN-DEMO-002-959,anon-19,Демо-склад
IEK,DEMO-002,2026-08-18,6.0,SYN-DEMO-002-960,anon-00,Демо-склад
IEK,DEMO-002,2026-08-19,7.0,SYN-DEMO-002-961,anon-01,Демо-склад
IEK,DEMO-002,2026-08-20,10.0,SYN-DEMO-002-962,anon-02,Демо-склад
IEK,DEMO-002,2026-08-21,5.0,SYN-DEMO-002-963,anon-03,Демо-склад
IEK,DEMO-002,2026-08-22,10.0,SYN-DEMO-002-964,anon-04,Демо-склад
IEK,DEMO-002,2026-08-23,3.0,SYN-DEMO-002-965,anon-05,Демо-склад
IEK,DEMO-002,2026-08-24,8.0,SYN-DEMO-002-966,anon-06,Демо-склад
IEK,DEMO-002,2026-08-25,11.0,SYN-DEMO-002-967,anon-07,Демо-склад
IEK,DEMO-002,2026-08-26,6.0,SYN-DEMO-002-968,anon-08,Демо-склад
IEK,DEMO-002,2026-08-27,8.0,SYN-DEMO-002-969,anon-09,Демо-склад
IEK,DEMO-002,2026-08-28,11.0,SYN-DEMO-002-970,anon-10,Демо-склад
IEK,DEMO-002,2026-08-29,2.0,SYN-DEMO-002-971,anon-11,Демо-склад
IEK,DEMO-002,2026-08-30,9.0,SYN-DEMO-002-972,anon-12,Демо-склад
IEK,DEMO-002,2026-08-31,12.0,SYN-DEMO-002-973,anon-13,Демо-склад
IEK,DEMO-002,2026-09-01,11.0,SYN-DEMO-002-974,anon-14,Демо-склад
IEK,DEMO-002,2026-09-02,12.0,SYN-DEMO-002-975,anon-15,Демо-склад
IEK,DEMO-002,2026-09-03,9.0,SYN-DEMO-002-976,anon-16,Демо-склад
IEK,DEMO-002,2026-09-04,7.0,SYN-DEMO-002-977,anon-17,Демо-склад
IEK,DEMO-002,2026-09-05,8.0,SYN-DEMO-002-978,anon-18,Демо-склад
IEK,DEMO-002,2026-09-06,13.0,SYN-DEMO-002-979,anon-19,Демо-склад
IEK,DEMO-002,2026-09-07,7.0,SYN-DEMO-002-980,anon-00,Демо-склад
IEK,DEMO-002,2026-09-08,5.0,SYN-DEMO-002-981,anon-01,Демо-склад
IEK,DEMO-002,2026-09-09,3.0,SYN-DEMO-002-982,anon-02,Демо-склад
IEK,DEMO-002,2026-09-10,19.0,SYN-DEMO-002-983,anon-03,Демо-склад
IEK,DEMO-002,2026-09-11,14.0,SYN-DEMO-002-984,anon-04,Демо-склад
IEK,DEMO-002,2026-09-12,9.0,SYN-DEMO-002-985,anon-05,Демо-склад
IEK,DEMO-002,2026-09-13,9.0,SYN-DEMO-002-986,anon-06,Демо-склад
IEK,DEMO-002,2026-09-14,4.0,SYN-DEMO-002-987,anon-07,Демо-склад
IEK,DEMO-002,2026-09-15,12.0,SYN-DEMO-002-988,anon-08,Демо-склад
IEK,DEMO-002,2026-09-16,8.0,SYN-DEMO-002-989,anon-09,Демо-склад
IEK,DEMO-002,2026-09-17,16.0,SYN-DEMO-002-990,anon-10,Демо-склад
IEK,DEMO-002,2026-09-18,9.0,SYN-DEMO-002-991,anon-11,Демо-склад
IEK,DEMO-002,2026-09-19,8.0,SYN-DEMO-002-992,anon-12,Демо-склад
IEK,DEMO-002,2026-09-20,10.0,SYN-DEMO-002-993,anon-13,Демо-склад
IEK,DEMO-002,2026-09-21,15.0,SYN-DEMO-002-994,anon-14,Демо-склад
IEK,DEMO-002,2026-09-22,18.0,SYN-DEMO-002-995,anon-15,Демо-склад
IEK,DEMO-003,2024-01-01,42.0,SYN-DEMO-003-0,anon-00,Демо-склад
IEK,DEMO-003,2024-01-02,24.0,SYN-DEMO-003-1,anon-01,Демо-склад
IEK,DEMO-003,2024-01-03,42.0,SYN-DEMO-003-2,anon-02,Демо-склад
IEK,DEMO-003,2024-01-04,53.0,SYN-DEMO-003-3,anon-03,Демо-склад
IEK,DEMO-003,2024-01-05,51.0,SYN-DEMO-003-4,anon-04,Демо-склад
IEK,DEMO-003,2024-01-06,43.0,SYN-DEMO-003-5,anon-05,Демо-склад
IEK,DEMO-003,2024-01-07,44.0,SYN-DEMO-003-6,anon-06,Демо-склад
IEK,DEMO-003,2024-01-08,56.0,SYN-DEMO-003-7,anon-07,Демо-склад
IEK,DEMO-003,2024-01-09,52.0,SYN-DEMO-003-8,anon-08,Демо-склад
IEK,DEMO-003,2024-01-10,55.0,SYN-DEMO-003-9,anon-09,Демо-склад
IEK,DEMO-003,2024-01-11,50.0,SYN-DEMO-003-10,anon-10,Демо-склад
IEK,DEMO-003,2024-01-12,47.0,SYN-DEMO-003-11,anon-11,Демо-склад
IEK,DEMO-003,2024-01-13,33.0,SYN-DEMO-003-12,anon-12,Демо-склад
IEK,DEMO-003,2024-01-14,56.0,SYN-DEMO-003-13,anon-13,Демо-склад
IEK,DEMO-003,2024-01-15,51.0,SYN-DEMO-003-14,anon-14,Демо-склад
IEK,DEMO-003,2024-01-16,44.0,SYN-DEMO-003-15,anon-15,Демо-склад
IEK,DEMO-003,2024-01-17,53.0,SYN-DEMO-003-16,anon-16,Демо-склад
IEK,DEMO-003,2024-01-18,50.0,SYN-DEMO-003-17,anon-17,Демо-склад
IEK,DEMO-003,2024-01-19,54.0,SYN-DEMO-003-18,anon-18,Демо-склад
IEK,DEMO-003,2024-01-20,51.0,SYN-DEMO-003-19,anon-19,Демо-склад
IEK,DEMO-003,2024-01-21,37.0,SYN-DEMO-003-20,anon-00,Демо-склад
IEK,DEMO-003,2024-01-22,57.0,SYN-DEMO-003-21,anon-01,Демо-склад
IEK,DEMO-003,2024-01-23,54.0,SYN-DEMO-003-22,anon-02,Демо-склад
IEK,DEMO-003,2024-01-24,50.0,SYN-DEMO-003-23,anon-03,Демо-склад
IEK,DEMO-003,2024-01-25,48.0,SYN-DEMO-003-24,anon-04,Демо-склад
IEK,DEMO-003,2024-01-26,61.0,SYN-DEMO-003-25,anon-05,Демо-склад
IEK,DEMO-003,2024-01-27,44.0,SYN-DEMO-003-26,anon-06,Демо-склад
IEK,DEMO-003,2024-01-28,58.0,SYN-DEMO-003-27,anon-07,Демо-склад
IEK,DEMO-003,2024-01-29,51.0,SYN-DEMO-003-28,anon-08,Демо-склад
IEK,DEMO-003,2024-01-30,41.0,SYN-DEMO-003-29,anon-09,Демо-склад
IEK,DEMO-003,2024-01-31,44.0,SYN-DEMO-003-30,anon-10,Демо-склад
IEK,DEMO-003,2024-02-01,51.0,SYN-DEMO-003-31,anon-11,Демо-склад
IEK,DEMO-003,2024-02-02,41.0,SYN-DEMO-003-32,anon-12,Демо-склад
IEK,DEMO-003,2024-02-03,29.0,SYN-DEMO-003-33,anon-13,Демо-склад
IEK,DEMO-003,2024-02-04,52.0,SYN-DEMO-003-34,anon-14,Демо-склад
IEK,DEMO-003,2024-02-05,53.0,SYN-DEMO-003-35,anon-15,Демо-склад
IEK,DEMO-003,2024-02-06,48.0,SYN-DEMO-003-36,anon-16,Демо-склад
IEK,DEMO-003,2024-02-07,60.0,SYN-DEMO-003-37,anon-17,Демо-склад
IEK,DEMO-003,2024-02-08,46.0,SYN-DEMO-003-38,anon-18,Демо-склад
IEK,DEMO-003,2024-02-09,44.0,SYN-DEMO-003-39,anon-19,Демо-склад
IEK,DEMO-003,2024-02-10,45.0,SYN-DEMO-003-40,anon-00,Демо-склад
IEK,DEMO-003,2024-02-11,48.0,SYN-DEMO-003-41,anon-01,Демо-склад
IEK,DEMO-003,2024-02-12,51.0,SYN-DEMO-003-42,anon-02,Демо-склад
IEK,DEMO-003,2024-02-13,56.0,SYN-DEMO-003-43,anon-03,Демо-склад
IEK,DEMO-003,2024-02-14,55.0,SYN-DEMO-003-44,anon-04,Демо-склад
IEK,DEMO-003,2024-02-15,51.0,SYN-DEMO-003-45,anon-05,Демо-склад
IEK,DEMO-003,2024-02-16,45.0,SYN-DEMO-003-46,anon-06,Демо-склад
IEK,DEMO-003,2024-02-17,46.0,SYN-DEMO-003-47,anon-07,Демо-склад
IEK,DEMO-003,2024-02-18,41.0,SYN-DEMO-003-48,anon-08,Демо-склад
IEK,DEMO-003,2024-02-19,49.0,SYN-DEMO-003-49,anon-09,Демо-склад
IEK,DEMO-003,2024-02-20,55.0,SYN-DEMO-003-50,anon-10,Демо-склад
IEK,DEMO-003,2024-02-21,49.0,SYN-DEMO-003-51,anon-11,Демо-склад
IEK,DEMO-003,2024-02-22,48.0,SYN-DEMO-003-52,anon-12,Демо-склад
IEK,DEMO-003,2024-02-23,51.0,SYN-DEMO-003-53,anon-13,Демо-склад
IEK,DEMO-003,2024-02-24,48.0,SYN-DEMO-003-54,anon-14,Демо-склад
IEK,DEMO-003,2024-02-25,47.0,SYN-DEMO-003-55,anon-15,Демо-склад
IEK,DEMO-003,2024-02-26,51.0,SYN-DEMO-003-56,anon-16,Демо-склад
IEK,DEMO-003,2024-02-27,54.0,SYN-DEMO-003-57,anon-17,Демо-склад
IEK,DEMO-003,2024-02-28,42.0,SYN-DEMO-003-58,anon-18,Демо-склад
IEK,DEMO-003,2024-02-29,32.0,SYN-DEMO-003-59,anon-19,Демо-склад
IEK,DEMO-003,2024-03-01,56.0,SYN-DEMO-003-60,anon-00,Демо-склад
IEK,DEMO-003,2024-03-02,47.0,SYN-DEMO-003-61,anon-01,Демо-склад
IEK,DEMO-003,2024-03-03,57.0,SYN-DEMO-003-62,anon-02,Демо-склад
IEK,DEMO-003,2024-03-04,46.0,SYN-DEMO-003-63,anon-03,Демо-склад
IEK,DEMO-003,2024-03-05,46.0,SYN-DEMO-003-64,anon-04,Демо-склад
IEK,DEMO-003,2024-03-06,43.0,SYN-DEMO-003-65,anon-05,Демо-склад
IEK,DEMO-003,2024-03-07,40.0,SYN-DEMO-003-66,anon-06,Демо-склад
IEK,DEMO-003,2024-03-08,47.0,SYN-DEMO-003-67,anon-07,Демо-склад
IEK,DEMO-003,2024-03-09,43.0,SYN-DEMO-003-68,anon-08,Демо-склад
IEK,DEMO-003,2024-03-10,47.0,SYN-DEMO-003-69,anon-09,Демо-склад
IEK,DEMO-003,2024-03-11,48.0,SYN-DEMO-003-70,anon-10,Демо-склад
IEK,DEMO-003,2024-03-12,48.0,SYN-DEMO-003-71,anon-11,Демо-склад
IEK,DEMO-003,2024-03-13,48.0,SYN-DEMO-003-72,anon-12,Демо-склад
IEK,DEMO-003,2024-03-14,60.0,SYN-DEMO-003-73,anon-13,Демо-склад
IEK,DEMO-003,2024-03-15,51.0,SYN-DEMO-003-74,anon-14,Демо-склад
IEK,DEMO-003,2024-03-16,52.0,SYN-DEMO-003-75,anon-15,Демо-склад
IEK,DEMO-003,2024-03-17,44.0,SYN-DEMO-003-76,anon-16,Демо-склад
IEK,DEMO-003,2024-03-18,57.0,SYN-DEMO-003-77,anon-17,Демо-склад
IEK,DEMO-003,2024-03-19,60.0,SYN-DEMO-003-78,anon-18,Демо-склад
IEK,DEMO-003,2024-03-20,51.0,SYN-DEMO-003-79,anon-19,Демо-склад
IEK,DEMO-003,2024-03-21,64.0,SYN-DEMO-003-80,anon-00,Демо-склад
IEK,DEMO-003,2024-03-22,45.0,SYN-DEMO-003-81,anon-01,Демо-склад
IEK,DEMO-003,2024-03-23,47.0,SYN-DEMO-003-82,anon-02,Демо-склад
IEK,DEMO-003,2024-03-24,54.0,SYN-DEMO-003-83,anon-03,Демо-склад
IEK,DEMO-003,2024-03-25,38.0,SYN-DEMO-003-84,anon-04,Демо-склад
IEK,DEMO-003,2024-03-26,66.0,SYN-DEMO-003-85,anon-05,Демо-склад
IEK,DEMO-003,2024-03-27,48.0,SYN-DEMO-003-86,anon-06,Демо-склад
IEK,DEMO-003,2024-03-28,59.0,SYN-DEMO-003-87,anon-07,Демо-склад
IEK,DEMO-003,2024-03-29,54.0,SYN-DEMO-003-88,anon-08,Демо-склад
IEK,DEMO-003,2024-03-30,45.0,SYN-DEMO-003-89,anon-09,Демо-склад
IEK,DEMO-003,2024-03-31,44.0,SYN-DEMO-003-90,anon-10,Демо-склад
IEK,DEMO-003,2024-04-01,58.0,SYN-DEMO-003-91,anon-11,Демо-склад
IEK,DEMO-003,2024-04-02,44.0,SYN-DEMO-003-92,anon-12,Демо-склад
IEK,DEMO-003,2024-04-03,50.0,SYN-DEMO-003-93,anon-13,Демо-склад
IEK,DEMO-003,2024-04-04,48.0,SYN-DEMO-003-94,anon-14,Демо-склад
IEK,DEMO-003,2024-04-05,55.0,SYN-DEMO-003-95,anon-15,Демо-склад
IEK,DEMO-003,2024-04-06,60.0,SYN-DEMO-003-96,anon-16,Демо-склад
IEK,DEMO-003,2024-04-07,45.0,SYN-DEMO-003-97,anon-17,Демо-склад
IEK,DEMO-003,2024-04-08,57.0,SYN-DEMO-003-98,anon-18,Демо-склад
IEK,DEMO-003,2024-04-09,50.0,SYN-DEMO-003-99,anon-19,Демо-склад
IEK,DEMO-003,2024-04-10,54.0,SYN-DEMO-003-100,anon-00,Демо-склад
IEK,DEMO-003,2024-04-11,47.0,SYN-DEMO-003-101,anon-01,Демо-склад
IEK,DEMO-003,2024-04-12,52.0,SYN-DEMO-003-102,anon-02,Демо-склад
IEK,DEMO-003,2024-04-13,45.0,SYN-DEMO-003-103,anon-03,Демо-склад
IEK,DEMO-003,2024-04-14,47.0,SYN-DEMO-003-104,anon-04,Демо-склад
IEK,DEMO-003,2024-04-15,50.0,SYN-DEMO-003-105,anon-05,Демо-склад
IEK,DEMO-003,2024-04-16,52.0,SYN-DEMO-003-106,anon-06,Демо-склад
IEK,DEMO-003,2024-04-17,44.0,SYN-DEMO-003-107,anon-07,Демо-склад
IEK,DEMO-003,2024-04-18,42.0,SYN-DEMO-003-108,anon-08,Демо-склад
IEK,DEMO-003,2024-04-19,55.0,SYN-DEMO-003-109,anon-09,Демо-склад
IEK,DEMO-003,2024-04-20,55.0,SYN-DEMO-003-110,anon-10,Демо-склад
IEK,DEMO-003,2024-04-21,47.0,SYN-DEMO-003-111,anon-11,Демо-склад
IEK,DEMO-003,2024-04-22,56.0,SYN-DEMO-003-112,anon-12,Демо-склад
IEK,DEMO-003,2024-04-23,47.0,SYN-DEMO-003-113,anon-13,Демо-склад
IEK,DEMO-003,2024-04-24,46.0,SYN-DEMO-003-114,anon-14,Демо-склад
IEK,DEMO-003,2024-04-25,53.0,SYN-DEMO-003-115,anon-15,Демо-склад
IEK,DEMO-003,2024-04-26,46.0,SYN-DEMO-003-116,anon-16,Демо-склад
IEK,DEMO-003,2024-04-27,47.0,SYN-DEMO-003-117,anon-17,Демо-склад
IEK,DEMO-003,2024-04-28,56.0,SYN-DEMO-003-118,anon-18,Демо-склад
IEK,DEMO-003,2024-04-29,60.0,SYN-DEMO-003-119,anon-19,Демо-склад
IEK,DEMO-003,2024-04-30,51.0,SYN-DEMO-003-120,anon-00,Демо-склад
IEK,DEMO-003,2024-05-01,58.0,SYN-DEMO-003-121,anon-01,Демо-склад
IEK,DEMO-003,2024-05-02,46.0,SYN-DEMO-003-122,anon-02,Демо-склад
IEK,DEMO-003,2024-05-03,57.0,SYN-DEMO-003-123,anon-03,Демо-склад
IEK,DEMO-003,2024-05-04,33.0,SYN-DEMO-003-124,anon-04,Демо-склад
IEK,DEMO-003,2024-05-05,52.0,SYN-DEMO-003-125,anon-05,Демо-склад
IEK,DEMO-003,2024-05-06,51.0,SYN-DEMO-003-126,anon-06,Демо-склад
IEK,DEMO-003,2024-05-07,44.0,SYN-DEMO-003-127,anon-07,Демо-склад
IEK,DEMO-003,2024-05-08,56.0,SYN-DEMO-003-128,anon-08,Демо-склад
IEK,DEMO-003,2024-05-09,34.0,SYN-DEMO-003-129,anon-09,Демо-склад
IEK,DEMO-003,2024-05-10,40.0,SYN-DEMO-003-130,anon-10,Демо-склад
IEK,DEMO-003,2024-05-11,42.0,SYN-DEMO-003-131,anon-11,Демо-склад
IEK,DEMO-003,2024-05-12,68.0,SYN-DEMO-003-132,anon-12,Демо-склад
IEK,DEMO-003,2024-05-13,57.0,SYN-DEMO-003-133,anon-13,Демо-склад
IEK,DEMO-003,2024-05-14,49.0,SYN-DEMO-003-134,anon-14,Демо-склад
IEK,DEMO-003,2024-05-15,46.0,SYN-DEMO-003-135,anon-15,Демо-склад
IEK,DEMO-003,2024-05-16,56.0,SYN-DEMO-003-136,anon-16,Демо-склад
IEK,DEMO-003,2024-05-17,64.0,SYN-DEMO-003-137,anon-17,Демо-склад
IEK,DEMO-003,2024-05-18,44.0,SYN-DEMO-003-138,anon-18,Демо-склад
IEK,DEMO-003,2024-05-19,56.0,SYN-DEMO-003-139,anon-19,Демо-склад
IEK,DEMO-003,2024-05-20,48.0,SYN-DEMO-003-140,anon-00,Демо-склад
IEK,DEMO-003,2024-05-21,55.0,SYN-DEMO-003-141,anon-01,Демо-склад
IEK,DEMO-003,2024-05-22,45.0,SYN-DEMO-003-142,anon-02,Демо-склад
IEK,DEMO-003,2024-05-23,61.0,SYN-DEMO-003-143,anon-03,Демо-склад
IEK,DEMO-003,2024-05-24,44.0,SYN-DEMO-003-144,anon-04,Демо-склад
IEK,DEMO-003,2024-05-25,62.0,SYN-DEMO-003-145,anon-05,Демо-склад
IEK,DEMO-003,2024-05-26,51.0,SYN-DEMO-003-146,anon-06,Демо-склад
IEK,DEMO-003,2024-05-27,51.0,SYN-DEMO-003-147,anon-07,Демо-склад
IEK,DEMO-003,2024-05-28,55.0,SYN-DEMO-003-148,anon-08,Демо-склад
IEK,DEMO-003,2024-05-29,46.0,SYN-DEMO-003-149,anon-09,Демо-склад
IEK,DEMO-003,2024-05-30,52.0,SYN-DEMO-003-150,anon-10,Демо-склад
IEK,DEMO-003,2024-05-31,57.0,SYN-DEMO-003-151,anon-11,Демо-склад
IEK,DEMO-003,2024-06-01,54.0,SYN-DEMO-003-152,anon-12,Демо-склад
IEK,DEMO-003,2024-06-02,45.0,SYN-DEMO-003-153,anon-13,Демо-склад
IEK,DEMO-003,2024-06-03,49.0,SYN-DEMO-003-154,anon-14,Демо-склад
IEK,DEMO-003,2024-06-04,47.0,SYN-DEMO-003-155,anon-15,Демо-склад
IEK,DEMO-003,2024-06-05,56.0,SYN-DEMO-003-156,anon-16,Демо-склад
IEK,DEMO-003,2024-06-06,50.0,SYN-DEMO-003-157,anon-17,Демо-склад
IEK,DEMO-003,2024-06-07,54.0,SYN-DEMO-003-158,anon-18,Демо-склад
IEK,DEMO-003,2024-06-08,52.0,SYN-DEMO-003-159,anon-19,Демо-склад
IEK,DEMO-003,2024-06-09,65.0,SYN-DEMO-003-160,anon-00,Демо-склад
IEK,DEMO-003,2024-06-10,56.0,SYN-DEMO-003-161,anon-01,Демо-склад
IEK,DEMO-003,2024-06-11,58.0,SYN-DEMO-003-162,anon-02,Демо-склад
IEK,DEMO-003,2024-06-12,48.0,SYN-DEMO-003-163,anon-03,Демо-склад
IEK,DEMO-003,2024-06-13,69.0,SYN-DEMO-003-164,anon-04,Демо-склад
IEK,DEMO-003,2024-06-14,48.0,SYN-DEMO-003-165,anon-05,Демо-склад
IEK,DEMO-003,2024-06-15,59.0,SYN-DEMO-003-166,anon-06,Демо-склад
IEK,DEMO-003,2024-06-16,62.0,SYN-DEMO-003-167,anon-07,Демо-склад
IEK,DEMO-003,2024-06-17,63.0,SYN-DEMO-003-168,anon-08,Демо-склад
IEK,DEMO-003,2024-06-18,45.0,SYN-DEMO-003-169,anon-09,Демо-склад
IEK,DEMO-003,2024-06-19,65.0,SYN-DEMO-003-170,anon-10,Демо-склад
IEK,DEMO-003,2024-06-20,53.0,SYN-DEMO-003-171,anon-11,Демо-склад
IEK,DEMO-003,2024-06-21,70.0,SYN-DEMO-003-172,anon-12,Демо-склад
IEK,DEMO-003,2024-06-22,63.0,SYN-DEMO-003-173,anon-13,Демо-склад
IEK,DEMO-003,2024-06-23,70.0,SYN-DEMO-003-174,anon-14,Демо-склад
IEK,DEMO-003,2024-06-24,64.0,SYN-DEMO-003-175,anon-15,Демо-склад
IEK,DEMO-003,2024-06-25,51.0,SYN-DEMO-003-176,anon-16,Демо-склад
IEK,DEMO-003,2024-06-26,54.0,SYN-DEMO-003-177,anon-17,Демо-склад
IEK,DEMO-003,2024-06-27,72.0,SYN-DEMO-003-178,anon-18,Демо-склад
IEK,DEMO-003,2024-06-28,66.0,SYN-DEMO-003-179,anon-19,Демо-склад
IEK,DEMO-003,2024-06-29,59.0,SYN-DEMO-003-180,anon-00,Демо-склад
IEK,DEMO-003,2024-06-30,62.0,SYN-DEMO-003-181,anon-01,Демо-склад
IEK,DEMO-003,2024-07-01,60.0,SYN-DEMO-003-182,anon-02,Демо-склад
IEK,DEMO-003,2024-07-02,52.0,SYN-DEMO-003-183,anon-03,Демо-склад
IEK,DEMO-003,2024-07-03,49.0,SYN-DEMO-003-184,anon-04,Демо-склад
IEK,DEMO-003,2024-07-04,60.0,SYN-DEMO-003-185,anon-05,Демо-склад
IEK,DEMO-003,2024-07-05,58.0,SYN-DEMO-003-186,anon-06,Демо-склад
IEK,DEMO-003,2024-07-06,50.0,SYN-DEMO-003-187,anon-07,Демо-склад
IEK,DEMO-003,2024-07-07,53.0,SYN-DEMO-003-188,anon-08,Демо-склад
IEK,DEMO-003,2024-07-08,55.0,SYN-DEMO-003-189,anon-09,Демо-склад
IEK,DEMO-003,2024-07-09,57.0,SYN-DEMO-003-190,anon-10,Демо-склад
IEK,DEMO-003,2024-07-10,52.0,SYN-DEMO-003-191,anon-11,Демо-склад
IEK,DEMO-003,2024-07-11,51.0,SYN-DEMO-003-192,anon-12,Демо-склад
IEK,DEMO-003,2024-07-12,65.0,SYN-DEMO-003-193,anon-13,Демо-склад
IEK,DEMO-003,2024-07-13,55.0,SYN-DEMO-003-194,anon-14,Демо-склад
IEK,DEMO-003,2024-07-14,64.0,SYN-DEMO-003-195,anon-15,Демо-склад
IEK,DEMO-003,2024-07-15,54.0,SYN-DEMO-003-196,anon-16,Демо-склад
IEK,DEMO-003,2024-07-16,55.0,SYN-DEMO-003-197,anon-17,Демо-склад
IEK,DEMO-003,2024-07-17,49.0,SYN-DEMO-003-198,anon-18,Демо-склад
IEK,DEMO-003,2024-07-18,60.0,SYN-DEMO-003-199,anon-19,Демо-склад
IEK,DEMO-003,2024-07-19,58.0,SYN-DEMO-003-200,anon-00,Демо-склад
IEK,DEMO-003,2024-07-20,51.0,SYN-DEMO-003-201,anon-01,Демо-склад
IEK,DEMO-003,2024-07-21,66.0,SYN-DEMO-003-202,anon-02,Демо-склад
IEK,DEMO-003,2024-07-22,50.0,SYN-DEMO-003-203,anon-03,Демо-склад
IEK,DEMO-003,2024-07-23,47.0,SYN-DEMO-003-204,anon-04,Демо-склад
IEK,DEMO-003,2024-07-24,54.0,SYN-DEMO-003-205,anon-05,Демо-склад
IEK,DEMO-003,2024-07-25,57.0,SYN-DEMO-003-206,anon-06,Демо-склад
IEK,DEMO-003,2024-07-26,56.0,SYN-DEMO-003-207,anon-07,Демо-склад
IEK,DEMO-003,2024-07-27,59.0,SYN-DEMO-003-208,anon-08,Демо-склад
IEK,DEMO-003,2024-07-28,58.0,SYN-DEMO-003-209,anon-09,Демо-склад
IEK,DEMO-003,2024-07-29,48.0,SYN-DEMO-003-210,anon-10,Демо-склад
IEK,DEMO-003,2024-07-30,45.0,SYN-DEMO-003-211,anon-11,Демо-склад
IEK,DEMO-003,2024-07-31,42.0,SYN-DEMO-003-212,anon-12,Демо-склад
IEK,DEMO-003,2024-08-01,66.0,SYN-DEMO-003-213,anon-13,Демо-склад
IEK,DEMO-003,2024-08-02,57.0,SYN-DEMO-003-214,anon-14,Демо-склад
IEK,DEMO-003,2024-08-03,71.0,SYN-DEMO-003-215,anon-15,Демо-склад
IEK,DEMO-003,2024-08-04,49.0,SYN-DEMO-003-216,anon-16,Демо-склад
IEK,DEMO-003,2024-08-05,62.0,SYN-DEMO-003-217,anon-17,Демо-склад
IEK,DEMO-003,2024-08-06,65.0,SYN-DEMO-003-218,anon-18,Демо-склад
IEK,DEMO-003,2024-08-07,59.0,SYN-DEMO-003-219,anon-19,Демо-склад
IEK,DEMO-003,2024-08-08,62.0,SYN-DEMO-003-220,anon-00,Демо-склад
IEK,DEMO-003,2024-08-09,72.0,SYN-DEMO-003-221,anon-01,Демо-склад
IEK,DEMO-003,2024-08-10,53.0,SYN-DEMO-003-222,anon-02,Демо-склад
IEK,DEMO-003,2024-08-11,62.0,SYN-DEMO-003-223,anon-03,Демо-склад
IEK,DEMO-003,2024-08-12,59.0,SYN-DEMO-003-224,anon-04,Демо-склад
IEK,DEMO-003,2024-08-13,54.0,SYN-DEMO-003-225,anon-05,Демо-склад
IEK,DEMO-003,2024-08-14,62.0,SYN-DEMO-003-226,anon-06,Демо-склад
IEK,DEMO-003,2024-08-15,56.0,SYN-DEMO-003-227,anon-07,Демо-склад
IEK,DEMO-003,2024-08-16,69.0,SYN-DEMO-003-228,anon-08,Демо-склад
IEK,DEMO-003,2024-08-17,65.0,SYN-DEMO-003-229,anon-09,Демо-склад
IEK,DEMO-003,2024-08-18,56.0,SYN-DEMO-003-230,anon-10,Демо-склад
IEK,DEMO-003,2024-08-19,53.0,SYN-DEMO-003-231,anon-11,Демо-склад
IEK,DEMO-003,2024-08-20,52.0,SYN-DEMO-003-232,anon-12,Демо-склад
IEK,DEMO-003,2024-08-21,54.0,SYN-DEMO-003-233,anon-13,Демо-склад
IEK,DEMO-003,2024-08-22,59.0,SYN-DEMO-003-234,anon-14,Демо-склад
IEK,DEMO-003,2024-08-23,50.0,SYN-DEMO-003-235,anon-15,Демо-склад
IEK,DEMO-003,2024-08-24,46.0,SYN-DEMO-003-236,anon-16,Демо-склад
IEK,DEMO-003,2024-08-25,58.0,SYN-DEMO-003-237,anon-17,Демо-склад
IEK,DEMO-003,2024-08-26,69.0,SYN-DEMO-003-238,anon-18,Демо-склад
IEK,DEMO-003,2024-08-27,51.0,SYN-DEMO-003-239,anon-19,Демо-склад
IEK,DEMO-003,2024-08-28,54.0,SYN-DEMO-003-240,anon-00,Демо-склад
IEK,DEMO-003,2024-08-29,59.0,SYN-DEMO-003-241,anon-01,Демо-склад
IEK,DEMO-003,2024-08-30,51.0,SYN-DEMO-003-242,anon-02,Демо-склад
IEK,DEMO-003,2024-08-31,62.0,SYN-DEMO-003-243,anon-03,Демо-склад
IEK,DEMO-003,2024-09-01,56.0,SYN-DEMO-003-244,anon-04,Демо-склад
IEK,DEMO-003,2024-09-02,63.0,SYN-DEMO-003-245,anon-05,Демо-склад
IEK,DEMO-003,2024-09-03,59.0,SYN-DEMO-003-246,anon-06,Демо-склад
IEK,DEMO-003,2024-09-04,70.0,SYN-DEMO-003-247,anon-07,Демо-склад
IEK,DEMO-003,2024-09-05,60.0,SYN-DEMO-003-248,anon-08,Демо-склад
IEK,DEMO-003,2024-09-06,56.0,SYN-DEMO-003-249,anon-09,Демо-склад
IEK,DEMO-003,2024-09-07,65.0,SYN-DEMO-003-250,anon-10,Демо-склад
IEK,DEMO-003,2024-09-08,73.0,SYN-DEMO-003-251,anon-11,Демо-склад
IEK,DEMO-003,2024-09-09,57.0,SYN-DEMO-003-252,anon-12,Демо-склад
IEK,DEMO-003,2024-09-10,66.0,SYN-DEMO-003-253,anon-13,Демо-склад
IEK,DEMO-003,2024-09-11,68.0,SYN-DEMO-003-254,anon-14,Демо-склад
IEK,DEMO-003,2024-09-12,72.0,SYN-DEMO-003-255,anon-15,Демо-склад
IEK,DEMO-003,2024-09-13,59.0,SYN-DEMO-003-256,anon-16,Демо-склад
IEK,DEMO-003,2024-09-14,52.0,SYN-DEMO-003-257,anon-17,Демо-склад
IEK,DEMO-003,2024-09-15,52.0,SYN-DEMO-003-258,anon-18,Демо-склад
IEK,DEMO-003,2024-09-16,61.0,SYN-DEMO-003-259,anon-19,Демо-склад
IEK,DEMO-003,2024-09-17,56.0,SYN-DEMO-003-260,anon-00,Демо-склад
IEK,DEMO-003,2024-09-18,55.0,SYN-DEMO-003-261,anon-01,Демо-склад
IEK,DEMO-003,2024-09-19,79.0,SYN-DEMO-003-262,anon-02,Демо-склад
IEK,DEMO-003,2024-09-20,62.0,SYN-DEMO-003-263,anon-03,Демо-склад
IEK,DEMO-003,2024-09-21,61.0,SYN-DEMO-003-264,anon-04,Демо-склад
IEK,DEMO-003,2024-09-22,67.0,SYN-DEMO-003-265,anon-05,Демо-склад
IEK,DEMO-003,2024-09-23,66.0,SYN-DEMO-003-266,anon-06,Демо-склад
IEK,DEMO-003,2024-09-24,73.0,SYN-DEMO-003-267,anon-07,Демо-склад
IEK,DEMO-003,2024-09-25,50.0,SYN-DEMO-003-268,anon-08,Демо-склад
IEK,DEMO-003,2024-09-26,63.0,SYN-DEMO-003-269,anon-09,Демо-склад
IEK,DEMO-003,2024-09-27,62.0,SYN-DEMO-003-270,anon-10,Демо-склад
IEK,DEMO-003,2024-09-28,60.0,SYN-DEMO-003-271,anon-11,Демо-склад
IEK,DEMO-003,2024-09-29,57.0,SYN-DEMO-003-272,anon-12,Демо-склад
IEK,DEMO-003,2024-09-30,57.0,SYN-DEMO-003-273,anon-13,Демо-склад
IEK,DEMO-003,2024-10-01,51.0,SYN-DEMO-003-274,anon-14,Демо-склад
IEK,DEMO-003,2024-10-02,46.0,SYN-DEMO-003-275,anon-15,Демо-склад
IEK,DEMO-003,2024-10-03,43.0,SYN-DEMO-003-276,anon-16,Демо-склад
IEK,DEMO-003,2024-10-04,50.0,SYN-DEMO-003-277,anon-17,Демо-склад
IEK,DEMO-003,2024-10-05,69.0,SYN-DEMO-003-278,anon-18,Демо-склад
IEK,DEMO-003,2024-10-06,53.0,SYN-DEMO-003-279,anon-19,Демо-склад
IEK,DEMO-003,2024-10-07,54.0,SYN-DEMO-003-280,anon-00,Демо-склад
IEK,DEMO-003,2024-10-08,62.0,SYN-DEMO-003-281,anon-01,Демо-склад
IEK,DEMO-003,2024-10-09,47.0,SYN-DEMO-003-282,anon-02,Демо-склад
IEK,DEMO-003,2024-10-10,76.0,SYN-DEMO-003-283,anon-03,Демо-склад
IEK,DEMO-003,2024-10-11,53.0,SYN-DEMO-003-284,anon-04,Демо-склад
IEK,DEMO-003,2024-10-12,57.0,SYN-DEMO-003-285,anon-05,Демо-склад
IEK,DEMO-003,2024-10-13,66.0,SYN-DEMO-003-286,anon-06,Демо-склад
IEK,DEMO-003,2024-10-14,58.0,SYN-DEMO-003-287,anon-07,Демо-склад
IEK,DEMO-003,2024-10-15,56.0,SYN-DEMO-003-288,anon-08,Демо-склад
IEK,DEMO-003,2024-10-16,63.0,SYN-DEMO-003-289,anon-09,Демо-склад
IEK,DEMO-003,2024-10-17,61.0,SYN-DEMO-003-290,anon-10,Демо-склад
IEK,DEMO-003,2024-10-18,52.0,SYN-DEMO-003-291,anon-11,Демо-склад
IEK,DEMO-003,2024-10-19,74.0,SYN-DEMO-003-292,anon-12,Демо-склад
IEK,DEMO-003,2024-10-20,55.0,SYN-DEMO-003-293,anon-13,Демо-склад
IEK,DEMO-003,2024-10-21,78.0,SYN-DEMO-003-294,anon-14,Демо-склад
IEK,DEMO-003,2024-10-22,59.0,SYN-DEMO-003-295,anon-15,Демо-склад
IEK,DEMO-003,2024-10-23,56.0,SYN-DEMO-003-296,anon-16,Демо-склад
IEK,DEMO-003,2024-10-24,57.0,SYN-DEMO-003-297,anon-17,Демо-склад
IEK,DEMO-003,2024-10-25,59.0,SYN-DEMO-003-298,anon-18,Демо-склад
IEK,DEMO-003,2024-10-26,60.0,SYN-DEMO-003-299,anon-19,Демо-склад
IEK,DEMO-003,2024-10-27,50.0,SYN-DEMO-003-300,anon-00,Демо-склад
IEK,DEMO-003,2024-10-28,65.0,SYN-DEMO-003-301,anon-01,Демо-склад
IEK,DEMO-003,2024-10-29,57.0,SYN-DEMO-003-302,anon-02,Демо-склад
IEK,DEMO-003,2024-10-30,57.0,SYN-DEMO-003-303,anon-03,Демо-склад
IEK,DEMO-003,2024-10-31,62.0,SYN-DEMO-003-304,anon-04,Демо-склад
IEK,DEMO-003,2024-11-01,72.0,SYN-DEMO-003-305,anon-05,Демо-склад
IEK,DEMO-003,2024-11-02,60.0,SYN-DEMO-003-306,anon-06,Демо-склад
IEK,DEMO-003,2024-11-03,63.0,SYN-DEMO-003-307,anon-07,Демо-склад
IEK,DEMO-003,2024-11-04,77.0,SYN-DEMO-003-308,anon-08,Демо-склад
IEK,DEMO-003,2024-11-05,55.0,SYN-DEMO-003-309,anon-09,Демо-склад
IEK,DEMO-003,2024-11-06,63.0,SYN-DEMO-003-310,anon-10,Демо-склад
IEK,DEMO-003,2024-11-07,61.0,SYN-DEMO-003-311,anon-11,Демо-склад
IEK,DEMO-003,2024-11-08,65.0,SYN-DEMO-003-312,anon-12,Демо-склад
IEK,DEMO-003,2024-11-09,64.0,SYN-DEMO-003-313,anon-13,Демо-склад
IEK,DEMO-003,2024-11-10,66.0,SYN-DEMO-003-314,anon-14,Демо-склад
IEK,DEMO-003,2024-11-11,51.0,SYN-DEMO-003-315,anon-15,Демо-склад
IEK,DEMO-003,2024-11-12,68.0,SYN-DEMO-003-316,anon-16,Демо-склад
IEK,DEMO-003,2024-11-13,64.0,SYN-DEMO-003-317,anon-17,Демо-склад
IEK,DEMO-003,2024-11-14,59.0,SYN-DEMO-003-318,anon-18,Демо-склад
IEK,DEMO-003,2024-11-15,62.0,SYN-DEMO-003-319,anon-19,Демо-склад
IEK,DEMO-003,2024-11-16,52.0,SYN-DEMO-003-320,anon-00,Демо-склад
IEK,DEMO-003,2024-11-17,73.0,SYN-DEMO-003-321,anon-01,Демо-склад
IEK,DEMO-003,2024-11-18,55.0,SYN-DEMO-003-322,anon-02,Демо-склад
IEK,DEMO-003,2024-11-19,70.0,SYN-DEMO-003-323,anon-03,Демо-склад
IEK,DEMO-003,2024-11-20,53.0,SYN-DEMO-003-324,anon-04,Демо-склад
IEK,DEMO-003,2024-11-21,75.0,SYN-DEMO-003-325,anon-05,Демо-склад
IEK,DEMO-003,2024-11-22,60.0,SYN-DEMO-003-326,anon-06,Демо-склад
IEK,DEMO-003,2024-11-23,69.0,SYN-DEMO-003-327,anon-07,Демо-склад
IEK,DEMO-003,2024-11-24,52.0,SYN-DEMO-003-328,anon-08,Демо-склад
IEK,DEMO-003,2024-11-25,64.0,SYN-DEMO-003-329,anon-09,Демо-склад
IEK,DEMO-003,2024-11-26,61.0,SYN-DEMO-003-330,anon-10,Демо-склад
IEK,DEMO-003,2024-11-27,65.0,SYN-DEMO-003-331,anon-11,Демо-склад
IEK,DEMO-003,2024-11-28,72.0,SYN-DEMO-003-332,anon-12,Демо-склад
IEK,DEMO-003,2024-11-29,61.0,SYN-DEMO-003-333,anon-13,Демо-склад
IEK,DEMO-003,2024-11-30,65.0,SYN-DEMO-003-334,anon-14,Демо-склад
IEK,DEMO-003,2024-12-01,59.0,SYN-DEMO-003-335,anon-15,Демо-склад
IEK,DEMO-003,2024-12-02,65.0,SYN-DEMO-003-336,anon-16,Демо-склад
IEK,DEMO-003,2024-12-03,65.0,SYN-DEMO-003-337,anon-17,Демо-склад
IEK,DEMO-003,2024-12-04,62.0,SYN-DEMO-003-338,anon-18,Демо-склад
IEK,DEMO-003,2024-12-05,68.0,SYN-DEMO-003-339,anon-19,Демо-склад
IEK,DEMO-003,2024-12-06,64.0,SYN-DEMO-003-340,anon-00,Демо-склад
IEK,DEMO-003,2024-12-07,71.0,SYN-DEMO-003-341,anon-01,Демо-склад
IEK,DEMO-003,2024-12-08,55.0,SYN-DEMO-003-342,anon-02,Демо-склад
IEK,DEMO-003,2024-12-09,72.0,SYN-DEMO-003-343,anon-03,Демо-склад
IEK,DEMO-003,2024-12-10,68.0,SYN-DEMO-003-344,anon-04,Демо-склад
IEK,DEMO-003,2024-12-11,64.0,SYN-DEMO-003-345,anon-05,Демо-склад
IEK,DEMO-003,2024-12-12,59.0,SYN-DEMO-003-346,anon-06,Демо-склад
IEK,DEMO-003,2024-12-13,74.0,SYN-DEMO-003-347,anon-07,Демо-склад
IEK,DEMO-003,2024-12-14,51.0,SYN-DEMO-003-348,anon-08,Демо-склад
IEK,DEMO-003,2024-12-15,73.0,SYN-DEMO-003-349,anon-09,Демо-склад
IEK,DEMO-003,2024-12-16,87.0,SYN-DEMO-003-350,anon-10,Демо-склад
IEK,DEMO-003,2024-12-17,65.0,SYN-DEMO-003-351,anon-11,Демо-склад
IEK,DEMO-003,2024-12-18,66.0,SYN-DEMO-003-352,anon-12,Демо-склад
IEK,DEMO-003,2024-12-19,68.0,SYN-DEMO-003-353,anon-13,Демо-склад
IEK,DEMO-003,2024-12-20,71.0,SYN-DEMO-003-354,anon-14,Демо-склад
IEK,DEMO-003,2024-12-21,55.0,SYN-DEMO-003-355,anon-15,Демо-склад
IEK,DEMO-003,2024-12-22,60.0,SYN-DEMO-003-356,anon-16,Демо-склад
IEK,DEMO-003,2024-12-23,62.0,SYN-DEMO-003-357,anon-17,Демо-склад
IEK,DEMO-003,2024-12-24,69.0,SYN-DEMO-003-358,anon-18,Демо-склад
IEK,DEMO-003,2024-12-25,51.0,SYN-DEMO-003-359,anon-19,Демо-склад
IEK,DEMO-003,2024-12-26,76.0,SYN-DEMO-003-360,anon-00,Демо-склад
IEK,DEMO-003,2024-12-27,66.0,SYN-DEMO-003-361,anon-01,Демо-склад
IEK,DEMO-003,2024-12-28,68.0,SYN-DEMO-003-362,anon-02,Демо-склад
IEK,DEMO-003,2024-12-29,74.0,SYN-DEMO-003-363,anon-03,Демо-склад
IEK,DEMO-003,2024-12-30,65.0,SYN-DEMO-003-364,anon-04,Демо-склад
IEK,DEMO-003,2024-12-31,65.0,SYN-DEMO-003-365,anon-05,Демо-склад
IEK,DEMO-003,2025-01-01,61.0,SYN-DEMO-003-366,anon-06,Демо-склад
IEK,DEMO-003,2025-01-02,73.0,SYN-DEMO-003-367,anon-07,Демо-склад
IEK,DEMO-003,2025-01-03,58.0,SYN-DEMO-003-368,anon-08,Демо-склад
IEK,DEMO-003,2025-01-04,64.0,SYN-DEMO-003-369,anon-09,Демо-склад
IEK,DEMO-003,2025-01-05,73.0,SYN-DEMO-003-370,anon-10,Демо-склад
IEK,DEMO-003,2025-01-06,56.0,SYN-DEMO-003-371,anon-11,Демо-склад
IEK,DEMO-003,2025-01-07,66.0,SYN-DEMO-003-372,anon-12,Демо-склад
IEK,DEMO-003,2025-01-08,70.0,SYN-DEMO-003-373,anon-13,Демо-склад
IEK,DEMO-003,2025-01-09,80.0,SYN-DEMO-003-374,anon-14,Демо-склад
IEK,DEMO-003,2025-01-10,77.0,SYN-DEMO-003-375,anon-15,Демо-склад
IEK,DEMO-003,2025-01-11,66.0,SYN-DEMO-003-376,anon-16,Демо-склад
IEK,DEMO-003,2025-01-12,79.0,SYN-DEMO-003-377,anon-17,Демо-склад
IEK,DEMO-003,2025-01-13,73.0,SYN-DEMO-003-378,anon-18,Демо-склад
IEK,DEMO-003,2025-01-14,68.0,SYN-DEMO-003-379,anon-19,Демо-склад
IEK,DEMO-003,2025-01-15,60.0,SYN-DEMO-003-380,anon-00,Демо-склад
IEK,DEMO-003,2025-01-16,76.0,SYN-DEMO-003-381,anon-01,Демо-склад
IEK,DEMO-003,2025-01-17,66.0,SYN-DEMO-003-382,anon-02,Демо-склад
IEK,DEMO-003,2025-01-18,86.0,SYN-DEMO-003-383,anon-03,Демо-склад
IEK,DEMO-003,2025-01-19,67.0,SYN-DEMO-003-384,anon-04,Демо-склад
IEK,DEMO-003,2025-01-20,57.0,SYN-DEMO-003-385,anon-05,Демо-склад
IEK,DEMO-003,2025-01-21,54.0,SYN-DEMO-003-386,anon-06,Демо-склад
IEK,DEMO-003,2025-01-22,63.0,SYN-DEMO-003-387,anon-07,Демо-склад
IEK,DEMO-003,2025-01-23,64.0,SYN-DEMO-003-388,anon-08,Демо-склад
IEK,DEMO-003,2025-01-24,75.0,SYN-DEMO-003-389,anon-09,Демо-склад
IEK,DEMO-003,2025-01-25,71.0,SYN-DEMO-003-390,anon-10,Демо-склад
IEK,DEMO-003,2025-01-26,60.0,SYN-DEMO-003-391,anon-11,Демо-склад
IEK,DEMO-003,2025-01-27,45.0,SYN-DEMO-003-392,anon-12,Демо-склад
IEK,DEMO-003,2025-01-28,82.0,SYN-DEMO-003-393,anon-13,Демо-склад
IEK,DEMO-003,2025-01-29,59.0,SYN-DEMO-003-394,anon-14,Демо-склад
IEK,DEMO-003,2025-01-30,84.0,SYN-DEMO-003-395,anon-15,Демо-склад
IEK,DEMO-003,2025-01-31,60.0,SYN-DEMO-003-396,anon-16,Демо-склад
IEK,DEMO-003,2025-02-01,67.0,SYN-DEMO-003-397,anon-17,Демо-склад
IEK,DEMO-003,2025-02-02,68.0,SYN-DEMO-003-398,anon-18,Демо-склад
IEK,DEMO-003,2025-02-03,71.0,SYN-DEMO-003-399,anon-19,Демо-склад
IEK,DEMO-003,2025-02-04,70.0,SYN-DEMO-003-400,anon-00,Демо-склад
IEK,DEMO-003,2025-02-05,72.0,SYN-DEMO-003-401,anon-01,Демо-склад
IEK,DEMO-003,2025-02-06,57.0,SYN-DEMO-003-402,anon-02,Демо-склад
IEK,DEMO-003,2025-02-07,73.0,SYN-DEMO-003-403,anon-03,Демо-склад
IEK,DEMO-003,2025-02-08,78.0,SYN-DEMO-003-404,anon-04,Демо-склад
IEK,DEMO-003,2025-02-09,60.0,SYN-DEMO-003-405,anon-05,Демо-склад
IEK,DEMO-003,2025-02-10,60.0,SYN-DEMO-003-406,anon-06,Демо-склад
IEK,DEMO-003,2025-02-11,64.0,SYN-DEMO-003-407,anon-07,Демо-склад
IEK,DEMO-003,2025-02-12,66.0,SYN-DEMO-003-408,anon-08,Демо-склад
IEK,DEMO-003,2025-02-13,75.0,SYN-DEMO-003-409,anon-09,Демо-склад
IEK,DEMO-003,2025-02-14,84.0,SYN-DEMO-003-410,anon-10,Демо-склад
IEK,DEMO-003,2025-02-15,65.0,SYN-DEMO-003-411,anon-11,Демо-склад
IEK,DEMO-003,2025-02-16,68.0,SYN-DEMO-003-412,anon-12,Демо-склад
IEK,DEMO-003,2025-02-17,61.0,SYN-DEMO-003-413,anon-13,Демо-склад
IEK,DEMO-003,2025-02-18,58.0,SYN-DEMO-003-414,anon-14,Демо-склад
IEK,DEMO-003,2025-02-19,64.0,SYN-DEMO-003-415,anon-15,Демо-склад
IEK,DEMO-003,2025-02-20,64.0,SYN-DEMO-003-416,anon-16,Демо-склад
IEK,DEMO-003,2025-02-21,66.0,SYN-DEMO-003-417,anon-17,Демо-склад
IEK,DEMO-003,2025-02-22,71.0,SYN-DEMO-003-418,anon-18,Демо-склад
IEK,DEMO-003,2025-02-23,67.0,SYN-DEMO-003-419,anon-19,Демо-склад
IEK,DEMO-003,2025-02-24,75.0,SYN-DEMO-003-420,anon-00,Демо-склад
IEK,DEMO-003,2025-02-25,71.0,SYN-DEMO-003-421,anon-01,Демо-склад
IEK,DEMO-003,2025-02-26,66.0,SYN-DEMO-003-422,anon-02,Демо-склад
IEK,DEMO-003,2025-02-27,50.0,SYN-DEMO-003-423,anon-03,Демо-склад
IEK,DEMO-003,2025-02-28,66.0,SYN-DEMO-003-424,anon-04,Демо-склад
IEK,DEMO-003,2025-03-01,74.0,SYN-DEMO-003-425,anon-05,Демо-склад
IEK,DEMO-003,2025-03-02,59.0,SYN-DEMO-003-426,anon-06,Демо-склад
IEK,DEMO-003,2025-03-03,74.0,SYN-DEMO-003-427,anon-07,Демо-склад
IEK,DEMO-003,2025-03-04,53.0,SYN-DEMO-003-428,anon-08,Демо-склад
IEK,DEMO-003,2025-03-05,71.0,SYN-DEMO-003-429,anon-09,Демо-склад
IEK,DEMO-003,2025-03-06,73.0,SYN-DEMO-003-430,anon-10,Демо-склад
IEK,DEMO-003,2025-03-07,71.0,SYN-DEMO-003-431,anon-11,Демо-склад
IEK,DEMO-003,2025-03-08,73.0,SYN-DEMO-003-432,anon-12,Демо-склад
IEK,DEMO-003,2025-03-09,50.0,SYN-DEMO-003-433,anon-13,Демо-склад
IEK,DEMO-003,2025-03-10,81.0,SYN-DEMO-003-434,anon-14,Демо-склад
IEK,DEMO-003,2025-03-11,79.0,SYN-DEMO-003-435,anon-15,Демо-склад
IEK,DEMO-003,2025-03-12,69.0,SYN-DEMO-003-436,anon-16,Демо-склад
IEK,DEMO-003,2025-03-13,72.0,SYN-DEMO-003-437,anon-17,Демо-склад
IEK,DEMO-003,2025-03-14,68.0,SYN-DEMO-003-438,anon-18,Демо-склад
IEK,DEMO-003,2025-03-15,66.0,SYN-DEMO-003-439,anon-19,Демо-склад
IEK,DEMO-003,2025-03-16,64.0,SYN-DEMO-003-440,anon-00,Демо-склад
IEK,DEMO-003,2025-03-17,66.0,SYN-DEMO-003-441,anon-01,Демо-склад
IEK,DEMO-003,2025-03-18,62.0,SYN-DEMO-003-442,anon-02,Демо-склад
IEK,DEMO-003,2025-03-19,73.0,SYN-DEMO-003-443,anon-03,Демо-склад
IEK,DEMO-003,2025-03-20,58.0,SYN-DEMO-003-444,anon-04,Демо-склад
IEK,DEMO-003,2025-03-21,61.0,SYN-DEMO-003-445,anon-05,Демо-склад
IEK,DEMO-003,2025-03-22,69.0,SYN-DEMO-003-446,anon-06,Демо-склад
IEK,DEMO-003,2025-03-23,67.0,SYN-DEMO-003-447,anon-07,Демо-склад
IEK,DEMO-003,2025-03-24,84.0,SYN-DEMO-003-448,anon-08,Демо-склад
IEK,DEMO-003,2025-03-25,73.0,SYN-DEMO-003-449,anon-09,Демо-склад
IEK,DEMO-003,2025-03-26,74.0,SYN-DEMO-003-450,anon-10,Демо-склад
IEK,DEMO-003,2025-03-27,81.0,SYN-DEMO-003-451,anon-11,Демо-склад
IEK,DEMO-003,2025-03-28,61.0,SYN-DEMO-003-452,anon-12,Демо-склад
IEK,DEMO-003,2025-03-29,75.0,SYN-DEMO-003-453,anon-13,Демо-склад
IEK,DEMO-003,2025-03-30,74.0,SYN-DEMO-003-454,anon-14,Демо-склад
IEK,DEMO-003,2025-03-31,74.0,SYN-DEMO-003-455,anon-15,Демо-склад
IEK,DEMO-003,2025-04-01,72.0,SYN-DEMO-003-456,anon-16,Демо-склад
IEK,DEMO-003,2025-04-02,80.0,SYN-DEMO-003-457,anon-17,Демо-склад
IEK,DEMO-003,2025-04-03,59.0,SYN-DEMO-003-458,anon-18,Демо-склад
IEK,DEMO-003,2025-04-04,64.0,SYN-DEMO-003-459,anon-19,Демо-склад
IEK,DEMO-003,2025-04-05,79.0,SYN-DEMO-003-460,anon-00,Демо-склад
IEK,DEMO-003,2025-04-06,66.0,SYN-DEMO-003-461,anon-01,Демо-склад
IEK,DEMO-003,2025-04-07,70.0,SYN-DEMO-003-462,anon-02,Демо-склад
IEK,DEMO-003,2025-04-08,67.0,SYN-DEMO-003-463,anon-03,Демо-склад
IEK,DEMO-003,2025-04-09,58.0,SYN-DEMO-003-464,anon-04,Демо-склад
IEK,DEMO-003,2025-04-10,71.0,SYN-DEMO-003-465,anon-05,Демо-склад
IEK,DEMO-003,2025-04-11,66.0,SYN-DEMO-003-466,anon-06,Демо-склад
IEK,DEMO-003,2025-04-12,68.0,SYN-DEMO-003-467,anon-07,Демо-склад
IEK,DEMO-003,2025-04-13,48.0,SYN-DEMO-003-468,anon-08,Демо-склад
IEK,DEMO-003,2025-04-14,67.0,SYN-DEMO-003-469,anon-09,Демо-склад
IEK,DEMO-003,2025-04-15,59.0,SYN-DEMO-003-470,anon-10,Демо-склад
IEK,DEMO-003,2025-04-16,76.0,SYN-DEMO-003-471,anon-11,Демо-склад
IEK,DEMO-003,2025-04-17,53.0,SYN-DEMO-003-472,anon-12,Демо-склад
IEK,DEMO-003,2025-04-18,70.0,SYN-DEMO-003-473,anon-13,Демо-склад
IEK,DEMO-003,2025-04-19,77.0,SYN-DEMO-003-474,anon-14,Демо-склад
IEK,DEMO-003,2025-04-20,67.0,SYN-DEMO-003-475,anon-15,Демо-склад
IEK,DEMO-003,2025-04-21,67.0,SYN-DEMO-003-476,anon-16,Демо-склад
IEK,DEMO-003,2025-04-22,72.0,SYN-DEMO-003-477,anon-17,Демо-склад
IEK,DEMO-003,2025-04-23,70.0,SYN-DEMO-003-478,anon-18,Демо-склад
IEK,DEMO-003,2025-04-24,65.0,SYN-DEMO-003-479,anon-19,Демо-склад
IEK,DEMO-003,2025-04-25,67.0,SYN-DEMO-003-480,anon-00,Демо-склад
IEK,DEMO-003,2025-04-26,74.0,SYN-DEMO-003-481,anon-01,Демо-склад
IEK,DEMO-003,2025-04-27,75.0,SYN-DEMO-003-482,anon-02,Демо-склад
IEK,DEMO-003,2025-04-28,77.0,SYN-DEMO-003-483,anon-03,Демо-склад
IEK,DEMO-003,2025-04-29,69.0,SYN-DEMO-003-484,anon-04,Демо-склад
IEK,DEMO-003,2025-04-30,82.0,SYN-DEMO-003-485,anon-05,Демо-склад
IEK,DEMO-003,2025-05-01,72.0,SYN-DEMO-003-486,anon-06,Демо-склад
IEK,DEMO-003,2025-05-02,69.0,SYN-DEMO-003-487,anon-07,Демо-склад
IEK,DEMO-003,2025-05-03,81.0,SYN-DEMO-003-488,anon-08,Демо-склад
IEK,DEMO-003,2025-05-04,65.0,SYN-DEMO-003-489,anon-09,Демо-склад
IEK,DEMO-003,2025-05-05,62.0,SYN-DEMO-003-490,anon-10,Демо-склад
IEK,DEMO-003,2025-05-06,63.0,SYN-DEMO-003-491,anon-11,Демо-склад
IEK,DEMO-003,2025-05-07,59.0,SYN-DEMO-003-492,anon-12,Демо-склад
IEK,DEMO-003,2025-05-08,76.0,SYN-DEMO-003-493,anon-13,Демо-склад
IEK,DEMO-003,2025-05-09,70.0,SYN-DEMO-003-494,anon-14,Демо-склад
IEK,DEMO-003,2025-05-10,57.0,SYN-DEMO-003-495,anon-15,Демо-склад
IEK,DEMO-003,2025-05-11,78.0,SYN-DEMO-003-496,anon-16,Демо-склад
IEK,DEMO-003,2025-05-12,63.0,SYN-DEMO-003-497,anon-17,Демо-склад
IEK,DEMO-003,2025-05-13,65.0,SYN-DEMO-003-498,anon-18,Демо-склад
IEK,DEMO-003,2025-05-14,65.0,SYN-DEMO-003-499,anon-19,Демо-склад
IEK,DEMO-003,2025-05-15,65.0,SYN-DEMO-003-500,anon-00,Демо-склад
IEK,DEMO-003,2025-05-16,76.0,SYN-DEMO-003-501,anon-01,Демо-склад
IEK,DEMO-003,2025-05-17,83.0,SYN-DEMO-003-502,anon-02,Демо-склад
IEK,DEMO-003,2025-05-18,79.0,SYN-DEMO-003-503,anon-03,Демо-склад
IEK,DEMO-003,2025-05-19,75.0,SYN-DEMO-003-504,anon-04,Демо-склад
IEK,DEMO-003,2025-05-20,75.0,SYN-DEMO-003-505,anon-05,Демо-склад
IEK,DEMO-003,2025-05-21,70.0,SYN-DEMO-003-506,anon-06,Демо-склад
IEK,DEMO-003,2025-05-22,67.0,SYN-DEMO-003-507,anon-07,Демо-склад
IEK,DEMO-003,2025-05-23,65.0,SYN-DEMO-003-508,anon-08,Демо-склад
IEK,DEMO-003,2025-05-24,74.0,SYN-DEMO-003-509,anon-09,Демо-склад
IEK,DEMO-003,2025-05-25,84.0,SYN-DEMO-003-510,anon-10,Демо-склад
IEK,DEMO-003,2025-05-26,68.0,SYN-DEMO-003-511,anon-11,Демо-склад
IEK,DEMO-003,2025-05-27,81.0,SYN-DEMO-003-512,anon-12,Демо-склад
IEK,DEMO-003,2025-05-28,85.0,SYN-DEMO-003-513,anon-13,Демо-склад
IEK,DEMO-003,2025-05-29,70.0,SYN-DEMO-003-514,anon-14,Демо-склад
IEK,DEMO-003,2025-05-30,79.0,SYN-DEMO-003-515,anon-15,Демо-склад
IEK,DEMO-003,2025-05-31,84.0,SYN-DEMO-003-516,anon-16,Демо-склад
IEK,DEMO-003,2025-06-01,94.0,SYN-DEMO-003-517,anon-17,Демо-склад
IEK,DEMO-003,2025-06-02,92.0,SYN-DEMO-003-518,anon-18,Демо-склад
IEK,DEMO-003,2025-06-03,74.0,SYN-DEMO-003-519,anon-19,Демо-склад
IEK,DEMO-003,2025-06-04,75.0,SYN-DEMO-003-520,anon-00,Демо-склад
IEK,DEMO-003,2025-06-05,59.0,SYN-DEMO-003-521,anon-01,Демо-склад
IEK,DEMO-003,2025-06-06,79.0,SYN-DEMO-003-522,anon-02,Демо-склад
IEK,DEMO-003,2025-06-07,78.0,SYN-DEMO-003-523,anon-03,Демо-склад
IEK,DEMO-003,2025-06-08,62.0,SYN-DEMO-003-524,anon-04,Демо-склад
IEK,DEMO-003,2025-06-09,76.0,SYN-DEMO-003-525,anon-05,Демо-склад
IEK,DEMO-003,2025-06-10,76.0,SYN-DEMO-003-526,anon-06,Демо-склад
IEK,DEMO-003,2025-06-11,76.0,SYN-DEMO-003-527,anon-07,Демо-склад
IEK,DEMO-003,2025-06-12,63.0,SYN-DEMO-003-528,anon-08,Демо-склад
IEK,DEMO-003,2025-06-13,76.0,SYN-DEMO-003-529,anon-09,Демо-склад
IEK,DEMO-003,2025-06-14,65.0,SYN-DEMO-003-530,anon-10,Демо-склад
IEK,DEMO-003,2025-06-15,95.0,SYN-DEMO-003-531,anon-11,Демо-склад
IEK,DEMO-003,2025-06-16,66.0,SYN-DEMO-003-532,anon-12,Демо-склад
IEK,DEMO-003,2025-06-17,71.0,SYN-DEMO-003-533,anon-13,Демо-склад
IEK,DEMO-003,2025-06-18,76.0,SYN-DEMO-003-534,anon-14,Демо-склад
IEK,DEMO-003,2025-06-19,73.0,SYN-DEMO-003-535,anon-15,Демо-склад
IEK,DEMO-003,2025-06-20,72.0,SYN-DEMO-003-536,anon-16,Демо-склад
IEK,DEMO-003,2025-06-21,78.0,SYN-DEMO-003-537,anon-17,Демо-склад
IEK,DEMO-003,2025-06-22,86.0,SYN-DEMO-003-538,anon-18,Демо-склад
IEK,DEMO-003,2025-06-23,82.0,SYN-DEMO-003-539,anon-19,Демо-склад
IEK,DEMO-003,2025-06-24,69.0,SYN-DEMO-003-540,anon-00,Демо-склад
IEK,DEMO-003,2025-06-25,79.0,SYN-DEMO-003-541,anon-01,Демо-склад
IEK,DEMO-003,2025-06-26,74.0,SYN-DEMO-003-542,anon-02,Демо-склад
IEK,DEMO-003,2025-06-27,91.0,SYN-DEMO-003-543,anon-03,Демо-склад
IEK,DEMO-003,2025-06-28,64.0,SYN-DEMO-003-544,anon-04,Демо-склад
IEK,DEMO-003,2025-06-29,77.0,SYN-DEMO-003-545,anon-05,Демо-склад
IEK,DEMO-003,2025-06-30,80.0,SYN-DEMO-003-546,anon-06,Демо-склад
IEK,DEMO-003,2025-07-01,68.0,SYN-DEMO-003-547,anon-07,Демо-склад
IEK,DEMO-003,2025-07-02,63.0,SYN-DEMO-003-548,anon-08,Демо-склад
IEK,DEMO-003,2025-07-03,70.0,SYN-DEMO-003-549,anon-09,Демо-склад
IEK,DEMO-003,2025-07-04,65.0,SYN-DEMO-003-550,anon-10,Демо-склад
IEK,DEMO-003,2025-07-05,88.0,SYN-DEMO-003-551,anon-11,Демо-склад
IEK,DEMO-003,2025-07-06,71.0,SYN-DEMO-003-552,anon-12,Демо-склад
IEK,DEMO-003,2025-07-07,68.0,SYN-DEMO-003-553,anon-13,Демо-склад
IEK,DEMO-003,2025-07-08,84.0,SYN-DEMO-003-554,anon-14,Демо-склад
IEK,DEMO-003,2025-07-09,68.0,SYN-DEMO-003-555,anon-15,Демо-склад
IEK,DEMO-003,2025-07-10,75.0,SYN-DEMO-003-556,anon-16,Демо-склад
IEK,DEMO-003,2025-07-11,73.0,SYN-DEMO-003-557,anon-17,Демо-склад
IEK,DEMO-003,2025-07-12,69.0,SYN-DEMO-003-558,anon-18,Демо-склад
IEK,DEMO-003,2025-07-13,68.0,SYN-DEMO-003-559,anon-19,Демо-склад
IEK,DEMO-003,2025-07-14,82.0,SYN-DEMO-003-560,anon-00,Демо-склад
IEK,DEMO-003,2025-07-15,82.0,SYN-DEMO-003-561,anon-01,Демо-склад
IEK,DEMO-003,2025-07-16,71.0,SYN-DEMO-003-562,anon-02,Демо-склад
IEK,DEMO-003,2025-07-17,75.0,SYN-DEMO-003-563,anon-03,Демо-склад
IEK,DEMO-003,2025-07-18,99.0,SYN-DEMO-003-564,anon-04,Демо-склад
IEK,DEMO-003,2025-07-19,72.0,SYN-DEMO-003-565,anon-05,Демо-склад
IEK,DEMO-003,2025-07-20,70.0,SYN-DEMO-003-566,anon-06,Демо-склад
IEK,DEMO-003,2025-07-21,97.0,SYN-DEMO-003-567,anon-07,Демо-склад
IEK,DEMO-003,2025-07-22,92.0,SYN-DEMO-003-568,anon-08,Демо-склад
IEK,DEMO-003,2025-07-23,64.0,SYN-DEMO-003-569,anon-09,Демо-склад
IEK,DEMO-003,2025-07-24,83.0,SYN-DEMO-003-570,anon-10,Демо-склад
IEK,DEMO-003,2025-07-25,81.0,SYN-DEMO-003-571,anon-11,Демо-склад
IEK,DEMO-003,2025-07-26,82.0,SYN-DEMO-003-572,anon-12,Демо-склад
IEK,DEMO-003,2025-07-27,66.0,SYN-DEMO-003-573,anon-13,Демо-склад
IEK,DEMO-003,2025-07-28,76.0,SYN-DEMO-003-574,anon-14,Демо-склад
IEK,DEMO-003,2025-07-29,73.0,SYN-DEMO-003-575,anon-15,Демо-склад
IEK,DEMO-003,2025-07-30,80.0,SYN-DEMO-003-576,anon-16,Демо-склад
IEK,DEMO-003,2025-07-31,79.0,SYN-DEMO-003-577,anon-17,Демо-склад
IEK,DEMO-003,2025-08-01,73.0,SYN-DEMO-003-578,anon-18,Демо-склад
IEK,DEMO-003,2025-08-02,78.0,SYN-DEMO-003-579,anon-19,Демо-склад
IEK,DEMO-003,2025-08-03,67.0,SYN-DEMO-003-580,anon-00,Демо-склад
IEK,DEMO-003,2025-08-04,72.0,SYN-DEMO-003-581,anon-01,Демо-склад
IEK,DEMO-003,2025-08-05,77.0,SYN-DEMO-003-582,anon-02,Демо-склад
IEK,DEMO-003,2025-08-06,74.0,SYN-DEMO-003-583,anon-03,Демо-склад
IEK,DEMO-003,2025-08-07,58.0,SYN-DEMO-003-584,anon-04,Демо-склад
IEK,DEMO-003,2025-08-08,61.0,SYN-DEMO-003-585,anon-05,Демо-склад
IEK,DEMO-003,2025-08-09,92.0,SYN-DEMO-003-586,anon-06,Демо-склад
IEK,DEMO-003,2025-08-10,80.0,SYN-DEMO-003-587,anon-07,Демо-склад
IEK,DEMO-003,2025-08-11,79.0,SYN-DEMO-003-588,anon-08,Демо-склад
IEK,DEMO-003,2025-08-12,86.0,SYN-DEMO-003-589,anon-09,Демо-склад
IEK,DEMO-003,2025-08-13,84.0,SYN-DEMO-003-590,anon-10,Демо-склад
IEK,DEMO-003,2025-08-14,109.0,SYN-DEMO-003-591,anon-11,Демо-склад
IEK,DEMO-003,2025-08-15,74.0,SYN-DEMO-003-592,anon-12,Демо-склад
IEK,DEMO-003,2025-08-16,68.0,SYN-DEMO-003-593,anon-13,Демо-склад
IEK,DEMO-003,2025-08-17,74.0,SYN-DEMO-003-594,anon-14,Демо-склад
IEK,DEMO-003,2025-08-18,94.0,SYN-DEMO-003-595,anon-15,Демо-склад
IEK,DEMO-003,2025-08-19,76.0,SYN-DEMO-003-596,anon-16,Демо-склад
IEK,DEMO-003,2025-08-20,81.0,SYN-DEMO-003-597,anon-17,Демо-склад
IEK,DEMO-003,2025-08-21,70.0,SYN-DEMO-003-598,anon-18,Демо-склад
IEK,DEMO-003,2025-08-22,50.0,SYN-DEMO-003-599,anon-19,Демо-склад
IEK,DEMO-003,2025-08-23,83.0,SYN-DEMO-003-600,anon-00,Демо-склад
IEK,DEMO-003,2025-08-24,79.0,SYN-DEMO-003-601,anon-01,Демо-склад
IEK,DEMO-003,2025-08-25,82.0,SYN-DEMO-003-602,anon-02,Демо-склад
IEK,DEMO-003,2025-08-26,88.0,SYN-DEMO-003-603,anon-03,Демо-склад
IEK,DEMO-003,2025-08-27,75.0,SYN-DEMO-003-604,anon-04,Демо-склад
IEK,DEMO-003,2025-08-28,87.0,SYN-DEMO-003-605,anon-05,Демо-склад
IEK,DEMO-003,2025-08-29,77.0,SYN-DEMO-003-606,anon-06,Демо-склад
IEK,DEMO-003,2025-08-30,78.0,SYN-DEMO-003-607,anon-07,Демо-склад
IEK,DEMO-003,2025-08-31,87.0,SYN-DEMO-003-608,anon-08,Демо-склад
IEK,DEMO-003,2025-09-01,63.0,SYN-DEMO-003-609,anon-09,Демо-склад
IEK,DEMO-003,2025-09-02,93.0,SYN-DEMO-003-610,anon-10,Демо-склад
IEK,DEMO-003,2025-09-03,91.0,SYN-DEMO-003-611,anon-11,Демо-склад
IEK,DEMO-003,2025-09-04,72.0,SYN-DEMO-003-612,anon-12,Демо-склад
IEK,DEMO-003,2025-09-05,80.0,SYN-DEMO-003-613,anon-13,Демо-склад
IEK,DEMO-003,2025-09-06,57.0,SYN-DEMO-003-614,anon-14,Демо-склад
IEK,DEMO-003,2025-09-07,67.0,SYN-DEMO-003-615,anon-15,Демо-склад
IEK,DEMO-003,2025-09-08,81.0,SYN-DEMO-003-616,anon-16,Демо-склад
IEK,DEMO-003,2025-09-09,61.0,SYN-DEMO-003-617,anon-17,Демо-склад
IEK,DEMO-003,2025-09-10,76.0,SYN-DEMO-003-618,anon-18,Демо-склад
IEK,DEMO-003,2025-09-11,81.0,SYN-DEMO-003-619,anon-19,Демо-склад
IEK,DEMO-003,2025-09-12,95.0,SYN-DEMO-003-620,anon-00,Демо-склад
IEK,DEMO-003,2025-09-13,94.0,SYN-DEMO-003-621,anon-01,Демо-склад
IEK,DEMO-003,2025-09-14,87.0,SYN-DEMO-003-622,anon-02,Демо-склад
IEK,DEMO-003,2025-09-15,81.0,SYN-DEMO-003-623,anon-03,Демо-склад
IEK,DEMO-003,2025-09-16,81.0,SYN-DEMO-003-624,anon-04,Демо-склад
IEK,DEMO-003,2025-09-17,75.0,SYN-DEMO-003-625,anon-05,Демо-склад
IEK,DEMO-003,2025-09-18,74.0,SYN-DEMO-003-626,anon-06,Демо-склад
IEK,DEMO-003,2025-09-19,84.0,SYN-DEMO-003-627,anon-07,Демо-склад
IEK,DEMO-003,2025-09-20,67.0,SYN-DEMO-003-628,anon-08,Демо-склад
IEK,DEMO-003,2025-09-21,84.0,SYN-DEMO-003-629,anon-09,Демо-склад
IEK,DEMO-003,2025-09-22,75.0,SYN-DEMO-003-630,anon-10,Демо-склад
IEK,DEMO-003,2025-09-23,75.0,SYN-DEMO-003-631,anon-11,Демо-склад
IEK,DEMO-003,2025-09-24,71.0,SYN-DEMO-003-632,anon-12,Демо-склад
IEK,DEMO-003,2025-09-25,65.0,SYN-DEMO-003-633,anon-13,Демо-склад
IEK,DEMO-003,2025-09-26,89.0,SYN-DEMO-003-634,anon-14,Демо-склад
IEK,DEMO-003,2025-09-27,77.0,SYN-DEMO-003-635,anon-15,Демо-склад
IEK,DEMO-003,2025-09-28,80.0,SYN-DEMO-003-636,anon-16,Демо-склад
IEK,DEMO-003,2025-09-29,72.0,SYN-DEMO-003-637,anon-17,Демо-склад
IEK,DEMO-003,2025-09-30,82.0,SYN-DEMO-003-638,anon-18,Демо-склад
IEK,DEMO-003,2025-10-01,77.0,SYN-DEMO-003-639,anon-19,Демо-склад
IEK,DEMO-003,2025-10-02,80.0,SYN-DEMO-003-640,anon-00,Демо-склад
IEK,DEMO-003,2025-10-03,86.0,SYN-DEMO-003-641,anon-01,Демо-склад
IEK,DEMO-003,2025-10-04,86.0,SYN-DEMO-003-642,anon-02,Демо-склад
IEK,DEMO-003,2025-10-05,78.0,SYN-DEMO-003-643,anon-03,Демо-склад
IEK,DEMO-003,2025-10-06,77.0,SYN-DEMO-003-644,anon-04,Демо-склад
IEK,DEMO-003,2025-10-07,76.0,SYN-DEMO-003-645,anon-05,Демо-склад
IEK,DEMO-003,2025-10-08,79.0,SYN-DEMO-003-646,anon-06,Демо-склад
IEK,DEMO-003,2025-10-09,91.0,SYN-DEMO-003-647,anon-07,Демо-склад
IEK,DEMO-003,2025-10-10,82.0,SYN-DEMO-003-648,anon-08,Демо-склад
IEK,DEMO-003,2025-10-11,91.0,SYN-DEMO-003-649,anon-09,Демо-склад
IEK,DEMO-003,2025-10-12,76.0,SYN-DEMO-003-650,anon-10,Демо-склад
IEK,DEMO-003,2025-10-13,103.0,SYN-DEMO-003-651,anon-11,Демо-склад
IEK,DEMO-003,2025-10-14,83.0,SYN-DEMO-003-652,anon-12,Демо-склад
IEK,DEMO-003,2025-10-15,84.0,SYN-DEMO-003-653,anon-13,Демо-склад
IEK,DEMO-003,2025-10-16,87.0,SYN-DEMO-003-654,anon-14,Демо-склад
IEK,DEMO-003,2025-10-17,83.0,SYN-DEMO-003-655,anon-15,Демо-склад
IEK,DEMO-003,2025-10-18,86.0,SYN-DEMO-003-656,anon-16,Демо-склад
IEK,DEMO-003,2025-10-19,84.0,SYN-DEMO-003-657,anon-17,Демо-склад
IEK,DEMO-003,2025-10-20,70.0,SYN-DEMO-003-658,anon-18,Демо-склад
IEK,DEMO-003,2025-10-21,100.0,SYN-DEMO-003-659,anon-19,Демо-склад
IEK,DEMO-003,2025-10-22,85.0,SYN-DEMO-003-660,anon-00,Демо-склад
IEK,DEMO-003,2025-10-23,87.0,SYN-DEMO-003-661,anon-01,Демо-склад
IEK,DEMO-003,2025-10-24,80.0,SYN-DEMO-003-662,anon-02,Демо-склад
IEK,DEMO-003,2025-10-25,68.0,SYN-DEMO-003-663,anon-03,Демо-склад
IEK,DEMO-003,2025-10-26,77.0,SYN-DEMO-003-664,anon-04,Демо-склад
IEK,DEMO-003,2025-10-27,96.0,SYN-DEMO-003-665,anon-05,Демо-склад
IEK,DEMO-003,2025-10-28,68.0,SYN-DEMO-003-666,anon-06,Демо-склад
IEK,DEMO-003,2025-10-29,79.0,SYN-DEMO-003-667,anon-07,Демо-склад
IEK,DEMO-003,2025-10-30,93.0,SYN-DEMO-003-668,anon-08,Демо-склад
IEK,DEMO-003,2025-10-31,83.0,SYN-DEMO-003-669,anon-09,Демо-склад
IEK,DEMO-003,2025-11-01,79.0,SYN-DEMO-003-670,anon-10,Демо-склад
IEK,DEMO-003,2025-11-02,69.0,SYN-DEMO-003-671,anon-11,Демо-склад
IEK,DEMO-003,2025-11-03,76.0,SYN-DEMO-003-672,anon-12,Демо-склад
IEK,DEMO-003,2025-11-04,86.0,SYN-DEMO-003-673,anon-13,Демо-склад
IEK,DEMO-003,2025-11-05,81.0,SYN-DEMO-003-674,anon-14,Демо-склад
IEK,DEMO-003,2025-11-06,68.0,SYN-DEMO-003-675,anon-15,Демо-склад
IEK,DEMO-003,2025-11-07,84.0,SYN-DEMO-003-676,anon-16,Демо-склад
IEK,DEMO-003,2025-11-08,86.0,SYN-DEMO-003-677,anon-17,Демо-склад
IEK,DEMO-003,2025-11-09,76.0,SYN-DEMO-003-678,anon-18,Демо-склад
IEK,DEMO-003,2025-11-10,75.0,SYN-DEMO-003-679,anon-19,Демо-склад
IEK,DEMO-003,2025-11-11,71.0,SYN-DEMO-003-680,anon-00,Демо-склад
IEK,DEMO-003,2025-11-12,75.0,SYN-DEMO-003-681,anon-01,Демо-склад
IEK,DEMO-003,2025-11-13,82.0,SYN-DEMO-003-682,anon-02,Демо-склад
IEK,DEMO-003,2025-11-14,106.0,SYN-DEMO-003-683,anon-03,Демо-склад
IEK,DEMO-003,2025-11-15,78.0,SYN-DEMO-003-684,anon-04,Демо-склад
IEK,DEMO-003,2025-11-16,93.0,SYN-DEMO-003-685,anon-05,Демо-склад
IEK,DEMO-003,2025-11-17,80.0,SYN-DEMO-003-686,anon-06,Демо-склад
IEK,DEMO-003,2025-11-18,79.0,SYN-DEMO-003-687,anon-07,Демо-склад
IEK,DEMO-003,2025-11-19,69.0,SYN-DEMO-003-688,anon-08,Демо-склад
IEK,DEMO-003,2025-11-20,78.0,SYN-DEMO-003-689,anon-09,Демо-склад
IEK,DEMO-003,2025-11-21,87.0,SYN-DEMO-003-690,anon-10,Демо-склад
IEK,DEMO-003,2025-11-22,90.0,SYN-DEMO-003-691,anon-11,Демо-склад
IEK,DEMO-003,2025-11-23,80.0,SYN-DEMO-003-692,anon-12,Демо-склад
IEK,DEMO-003,2025-11-24,91.0,SYN-DEMO-003-693,anon-13,Демо-склад
IEK,DEMO-003,2025-11-25,97.0,SYN-DEMO-003-694,anon-14,Демо-склад
IEK,DEMO-003,2025-11-26,77.0,SYN-DEMO-003-695,anon-15,Демо-склад
IEK,DEMO-003,2025-11-27,88.0,SYN-DEMO-003-696,anon-16,Демо-склад
IEK,DEMO-003,2025-11-28,106.0,SYN-DEMO-003-697,anon-17,Демо-склад
IEK,DEMO-003,2025-11-29,83.0,SYN-DEMO-003-698,anon-18,Демо-склад
IEK,DEMO-003,2025-11-30,76.0,SYN-DEMO-003-699,anon-19,Демо-склад
IEK,DEMO-003,2025-12-01,85.0,SYN-DEMO-003-700,anon-00,Демо-склад
IEK,DEMO-003,2025-12-02,79.0,SYN-DEMO-003-701,anon-01,Демо-склад
IEK,DEMO-003,2025-12-03,93.0,SYN-DEMO-003-702,anon-02,Демо-склад
IEK,DEMO-003,2025-12-04,79.0,SYN-DEMO-003-703,anon-03,Демо-склад
IEK,DEMO-003,2025-12-05,91.0,SYN-DEMO-003-704,anon-04,Демо-склад
IEK,DEMO-003,2025-12-06,75.0,SYN-DEMO-003-705,anon-05,Демо-склад
IEK,DEMO-003,2025-12-07,97.0,SYN-DEMO-003-706,anon-06,Демо-склад
IEK,DEMO-003,2025-12-08,70.0,SYN-DEMO-003-707,anon-07,Демо-склад
IEK,DEMO-003,2025-12-09,94.0,SYN-DEMO-003-708,anon-08,Демо-склад
IEK,DEMO-003,2025-12-10,89.0,SYN-DEMO-003-709,anon-09,Демо-склад
IEK,DEMO-003,2025-12-11,96.0,SYN-DEMO-003-710,anon-10,Демо-склад
IEK,DEMO-003,2025-12-12,87.0,SYN-DEMO-003-711,anon-11,Демо-склад
IEK,DEMO-003,2025-12-13,62.0,SYN-DEMO-003-712,anon-12,Демо-склад
IEK,DEMO-003,2025-12-14,74.0,SYN-DEMO-003-713,anon-13,Демо-склад
IEK,DEMO-003,2025-12-15,70.0,SYN-DEMO-003-714,anon-14,Демо-склад
IEK,DEMO-003,2025-12-16,85.0,SYN-DEMO-003-715,anon-15,Демо-склад
IEK,DEMO-003,2025-12-17,68.0,SYN-DEMO-003-716,anon-16,Демо-склад
IEK,DEMO-003,2025-12-18,96.0,SYN-DEMO-003-717,anon-17,Демо-склад
IEK,DEMO-003,2025-12-19,68.0,SYN-DEMO-003-718,anon-18,Демо-склад
IEK,DEMO-003,2025-12-20,81.0,SYN-DEMO-003-719,anon-19,Демо-склад
IEK,DEMO-003,2025-12-21,102.0,SYN-DEMO-003-720,anon-00,Демо-склад
IEK,DEMO-003,2025-12-22,70.0,SYN-DEMO-003-721,anon-01,Демо-склад
IEK,DEMO-003,2025-12-23,81.0,SYN-DEMO-003-722,anon-02,Демо-склад
IEK,DEMO-003,2025-12-24,86.0,SYN-DEMO-003-723,anon-03,Демо-склад
IEK,DEMO-003,2025-12-25,83.0,SYN-DEMO-003-724,anon-04,Демо-склад
IEK,DEMO-003,2025-12-26,101.0,SYN-DEMO-003-725,anon-05,Демо-склад
IEK,DEMO-003,2025-12-27,88.0,SYN-DEMO-003-726,anon-06,Демо-склад
IEK,DEMO-003,2025-12-28,86.0,SYN-DEMO-003-727,anon-07,Демо-склад
IEK,DEMO-003,2025-12-29,86.0,SYN-DEMO-003-728,anon-08,Демо-склад
IEK,DEMO-003,2025-12-30,103.0,SYN-DEMO-003-729,anon-09,Демо-склад
IEK,DEMO-003,2025-12-31,80.0,SYN-DEMO-003-730,anon-10,Демо-склад
IEK,DEMO-003,2026-01-01,70.0,SYN-DEMO-003-731,anon-11,Демо-склад
IEK,DEMO-003,2026-01-02,79.0,SYN-DEMO-003-732,anon-12,Демо-склад
IEK,DEMO-003,2026-01-03,90.0,SYN-DEMO-003-733,anon-13,Демо-склад
IEK,DEMO-003,2026-01-04,86.0,SYN-DEMO-003-734,anon-14,Демо-склад
IEK,DEMO-003,2026-01-05,66.0,SYN-DEMO-003-735,anon-15,Демо-склад
IEK,DEMO-003,2026-01-06,88.0,SYN-DEMO-003-736,anon-16,Демо-склад
IEK,DEMO-003,2026-01-07,63.0,SYN-DEMO-003-737,anon-17,Демо-склад
IEK,DEMO-003,2026-01-08,88.0,SYN-DEMO-003-738,anon-18,Демо-склад
IEK,DEMO-003,2026-01-09,95.0,SYN-DEMO-003-739,anon-19,Демо-склад
IEK,DEMO-003,2026-01-10,86.0,SYN-DEMO-003-740,anon-00,Демо-склад
IEK,DEMO-003,2026-01-11,80.0,SYN-DEMO-003-741,anon-01,Демо-склад
IEK,DEMO-003,2026-01-12,76.0,SYN-DEMO-003-742,anon-02,Демо-склад
IEK,DEMO-003,2026-01-13,87.0,SYN-DEMO-003-743,anon-03,Демо-склад
IEK,DEMO-003,2026-01-14,96.0,SYN-DEMO-003-744,anon-04,Демо-склад
IEK,DEMO-003,2026-01-15,86.0,SYN-DEMO-003-745,anon-05,Демо-склад
IEK,DEMO-003,2026-01-16,92.0,SYN-DEMO-003-746,anon-06,Демо-склад
IEK,DEMO-003,2026-01-17,90.0,SYN-DEMO-003-747,anon-07,Демо-склад
IEK,DEMO-003,2026-01-18,68.0,SYN-DEMO-003-748,anon-08,Демо-склад
IEK,DEMO-003,2026-01-19,84.0,SYN-DEMO-003-749,anon-09,Демо-склад
IEK,DEMO-003,2026-01-20,86.0,SYN-DEMO-003-750,anon-10,Демо-склад
IEK,DEMO-003,2026-01-21,79.0,SYN-DEMO-003-751,anon-11,Демо-склад
IEK,DEMO-003,2026-01-22,95.0,SYN-DEMO-003-752,anon-12,Демо-склад
IEK,DEMO-003,2026-01-23,70.0,SYN-DEMO-003-753,anon-13,Демо-склад
IEK,DEMO-003,2026-01-24,76.0,SYN-DEMO-003-754,anon-14,Демо-склад
IEK,DEMO-003,2026-01-25,76.0,SYN-DEMO-003-755,anon-15,Демо-склад
IEK,DEMO-003,2026-01-26,84.0,SYN-DEMO-003-756,anon-16,Демо-склад
IEK,DEMO-003,2026-01-27,103.0,SYN-DEMO-003-757,anon-17,Демо-склад
IEK,DEMO-003,2026-01-28,86.0,SYN-DEMO-003-758,anon-18,Демо-склад
IEK,DEMO-003,2026-01-29,96.0,SYN-DEMO-003-759,anon-19,Демо-склад
IEK,DEMO-003,2026-01-30,97.0,SYN-DEMO-003-760,anon-00,Демо-склад
IEK,DEMO-003,2026-01-31,78.0,SYN-DEMO-003-761,anon-01,Демо-склад
IEK,DEMO-003,2026-02-01,91.0,SYN-DEMO-003-762,anon-02,Демо-склад
IEK,DEMO-003,2026-02-02,98.0,SYN-DEMO-003-763,anon-03,Демо-склад
IEK,DEMO-003,2026-02-03,91.0,SYN-DEMO-003-764,anon-04,Демо-склад
IEK,DEMO-003,2026-02-04,91.0,SYN-DEMO-003-765,anon-05,Демо-склад
IEK,DEMO-003,2026-02-05,85.0,SYN-DEMO-003-766,anon-06,Демо-склад
IEK,DEMO-003,2026-02-06,90.0,SYN-DEMO-003-767,anon-07,Демо-склад
IEK,DEMO-003,2026-02-07,74.0,SYN-DEMO-003-768,anon-08,Демо-склад
IEK,DEMO-003,2026-02-08,91.0,SYN-DEMO-003-769,anon-09,Демо-склад
IEK,DEMO-003,2026-02-09,83.0,SYN-DEMO-003-770,anon-10,Демо-склад
IEK,DEMO-003,2026-02-10,88.0,SYN-DEMO-003-771,anon-11,Демо-склад
IEK,DEMO-003,2026-02-11,94.0,SYN-DEMO-003-772,anon-12,Демо-склад
IEK,DEMO-003,2026-02-12,120.0,SYN-DEMO-003-773,anon-13,Демо-склад
IEK,DEMO-003,2026-02-13,78.0,SYN-DEMO-003-774,anon-14,Демо-склад
IEK,DEMO-003,2026-02-14,95.0,SYN-DEMO-003-775,anon-15,Демо-склад
IEK,DEMO-003,2026-02-15,85.0,SYN-DEMO-003-776,anon-16,Демо-склад
IEK,DEMO-003,2026-02-16,97.0,SYN-DEMO-003-777,anon-17,Демо-склад
IEK,DEMO-003,2026-02-17,78.0,SYN-DEMO-003-778,anon-18,Демо-склад
IEK,DEMO-003,2026-02-18,86.0,SYN-DEMO-003-779,anon-19,Демо-склад
IEK,DEMO-003,2026-02-19,89.0,SYN-DEMO-003-780,anon-00,Демо-склад
IEK,DEMO-003,2026-02-20,95.0,SYN-DEMO-003-781,anon-01,Демо-склад
IEK,DEMO-003,2026-02-21,77.0,SYN-DEMO-003-782,anon-02,Демо-склад
IEK,DEMO-003,2026-02-22,108.0,SYN-DEMO-003-783,anon-03,Демо-склад
IEK,DEMO-003,2026-02-23,82.0,SYN-DEMO-003-784,anon-04,Демо-склад
IEK,DEMO-003,2026-02-24,81.0,SYN-DEMO-003-785,anon-05,Демо-склад
IEK,DEMO-003,2026-02-25,88.0,SYN-DEMO-003-786,anon-06,Демо-склад
IEK,DEMO-003,2026-02-26,83.0,SYN-DEMO-003-787,anon-07,Демо-склад
IEK,DEMO-003,2026-02-27,80.0,SYN-DEMO-003-788,anon-08,Демо-склад
IEK,DEMO-003,2026-02-28,92.0,SYN-DEMO-003-789,anon-09,Демо-склад
IEK,DEMO-003,2026-03-01,76.0,SYN-DEMO-003-790,anon-10,Демо-склад
IEK,DEMO-003,2026-03-02,78.0,SYN-DEMO-003-791,anon-11,Демо-склад
IEK,DEMO-003,2026-03-03,80.0,SYN-DEMO-003-792,anon-12,Демо-склад
IEK,DEMO-003,2026-03-04,91.0,SYN-DEMO-003-793,anon-13,Демо-склад
IEK,DEMO-003,2026-03-05,80.0,SYN-DEMO-003-794,anon-14,Демо-склад
IEK,DEMO-003,2026-03-06,73.0,SYN-DEMO-003-795,anon-15,Демо-склад
IEK,DEMO-003,2026-03-07,72.0,SYN-DEMO-003-796,anon-16,Демо-склад
IEK,DEMO-003,2026-03-08,96.0,SYN-DEMO-003-797,anon-17,Демо-склад
IEK,DEMO-003,2026-03-09,92.0,SYN-DEMO-003-798,anon-18,Демо-склад
IEK,DEMO-003,2026-03-10,81.0,SYN-DEMO-003-799,anon-19,Демо-склад
IEK,DEMO-003,2026-03-11,89.0,SYN-DEMO-003-800,anon-00,Демо-склад
IEK,DEMO-003,2026-03-12,103.0,SYN-DEMO-003-801,anon-01,Демо-склад
IEK,DEMO-003,2026-03-13,91.0,SYN-DEMO-003-802,anon-02,Демо-склад
IEK,DEMO-003,2026-03-14,78.0,SYN-DEMO-003-803,anon-03,Демо-склад
IEK,DEMO-003,2026-03-15,80.0,SYN-DEMO-003-804,anon-04,Демо-склад
IEK,DEMO-003,2026-03-16,92.0,SYN-DEMO-003-805,anon-05,Демо-склад
IEK,DEMO-003,2026-03-17,80.0,SYN-DEMO-003-806,anon-06,Демо-склад
IEK,DEMO-003,2026-03-18,92.0,SYN-DEMO-003-807,anon-07,Демо-склад
IEK,DEMO-003,2026-03-19,79.0,SYN-DEMO-003-808,anon-08,Демо-склад
IEK,DEMO-003,2026-03-20,72.0,SYN-DEMO-003-809,anon-09,Демо-склад
IEK,DEMO-003,2026-03-21,87.0,SYN-DEMO-003-810,anon-10,Демо-склад
IEK,DEMO-003,2026-03-22,98.0,SYN-DEMO-003-811,anon-11,Демо-склад
IEK,DEMO-003,2026-03-23,107.0,SYN-DEMO-003-812,anon-12,Демо-склад
IEK,DEMO-003,2026-03-24,85.0,SYN-DEMO-003-813,anon-13,Демо-склад
IEK,DEMO-003,2026-03-25,93.0,SYN-DEMO-003-814,anon-14,Демо-склад
IEK,DEMO-003,2026-03-26,89.0,SYN-DEMO-003-815,anon-15,Демо-склад
IEK,DEMO-003,2026-03-27,91.0,SYN-DEMO-003-816,anon-16,Демо-склад
IEK,DEMO-003,2026-03-28,73.0,SYN-DEMO-003-817,anon-17,Демо-склад
IEK,DEMO-003,2026-03-29,82.0,SYN-DEMO-003-818,anon-18,Демо-склад
IEK,DEMO-003,2026-03-30,89.0,SYN-DEMO-003-819,anon-19,Демо-склад
IEK,DEMO-003,2026-03-31,85.0,SYN-DEMO-003-820,anon-00,Демо-склад
IEK,DEMO-003,2026-04-01,82.0,SYN-DEMO-003-821,anon-01,Демо-склад
IEK,DEMO-003,2026-04-02,112.0,SYN-DEMO-003-822,anon-02,Демо-склад
IEK,DEMO-003,2026-04-03,90.0,SYN-DEMO-003-823,anon-03,Демо-склад
IEK,DEMO-003,2026-04-04,83.0,SYN-DEMO-003-824,anon-04,Демо-склад
IEK,DEMO-003,2026-04-05,95.0,SYN-DEMO-003-825,anon-05,Демо-склад
IEK,DEMO-003,2026-04-06,76.0,SYN-DEMO-003-826,anon-06,Демо-склад
IEK,DEMO-003,2026-04-07,76.0,SYN-DEMO-003-827,anon-07,Демо-склад
IEK,DEMO-003,2026-04-08,94.0,SYN-DEMO-003-828,anon-08,Демо-склад
IEK,DEMO-003,2026-04-09,95.0,SYN-DEMO-003-829,anon-09,Демо-склад
IEK,DEMO-003,2026-04-10,78.0,SYN-DEMO-003-830,anon-10,Демо-склад
IEK,DEMO-003,2026-04-11,93.0,SYN-DEMO-003-831,anon-11,Демо-склад
IEK,DEMO-003,2026-04-12,92.0,SYN-DEMO-003-832,anon-12,Демо-склад
IEK,DEMO-003,2026-04-13,100.0,SYN-DEMO-003-833,anon-13,Демо-склад
IEK,DEMO-003,2026-04-14,94.0,SYN-DEMO-003-834,anon-14,Демо-склад
IEK,DEMO-003,2026-04-15,95.0,SYN-DEMO-003-835,anon-15,Демо-склад
IEK,DEMO-003,2026-04-16,97.0,SYN-DEMO-003-836,anon-16,Демо-склад
IEK,DEMO-003,2026-04-17,92.0,SYN-DEMO-003-837,anon-17,Демо-склад
IEK,DEMO-003,2026-04-18,96.0,SYN-DEMO-003-838,anon-18,Демо-склад
IEK,DEMO-003,2026-04-19,73.0,SYN-DEMO-003-839,anon-19,Демо-склад
IEK,DEMO-003,2026-04-20,72.0,SYN-DEMO-003-840,anon-00,Демо-склад
IEK,DEMO-003,2026-04-21,101.0,SYN-DEMO-003-841,anon-01,Демо-склад
IEK,DEMO-003,2026-04-22,102.0,SYN-DEMO-003-842,anon-02,Демо-склад
IEK,DEMO-003,2026-04-23,91.0,SYN-DEMO-003-843,anon-03,Демо-склад
IEK,DEMO-003,2026-04-24,79.0,SYN-DEMO-003-844,anon-04,Демо-склад
IEK,DEMO-003,2026-04-25,95.0,SYN-DEMO-003-845,anon-05,Демо-склад
IEK,DEMO-003,2026-04-26,90.0,SYN-DEMO-003-846,anon-06,Демо-склад
IEK,DEMO-003,2026-04-27,86.0,SYN-DEMO-003-847,anon-07,Демо-склад
IEK,DEMO-003,2026-04-28,92.0,SYN-DEMO-003-848,anon-08,Демо-склад
IEK,DEMO-003,2026-04-29,82.0,SYN-DEMO-003-849,anon-09,Демо-склад
IEK,DEMO-003,2026-04-30,88.0,SYN-DEMO-003-850,anon-10,Демо-склад
IEK,DEMO-003,2026-05-01,111.0,SYN-DEMO-003-851,anon-11,Демо-склад
IEK,DEMO-003,2026-05-02,87.0,SYN-DEMO-003-852,anon-12,Демо-склад
IEK,DEMO-003,2026-05-03,97.0,SYN-DEMO-003-853,anon-13,Демо-склад
IEK,DEMO-003,2026-05-04,83.0,SYN-DEMO-003-854,anon-14,Демо-склад
IEK,DEMO-003,2026-05-05,90.0,SYN-DEMO-003-855,anon-15,Демо-склад
IEK,DEMO-003,2026-05-06,74.0,SYN-DEMO-003-856,anon-16,Демо-склад
IEK,DEMO-003,2026-05-07,98.0,SYN-DEMO-003-857,anon-17,Демо-склад
IEK,DEMO-003,2026-05-08,99.0,SYN-DEMO-003-858,anon-18,Демо-склад
IEK,DEMO-003,2026-05-09,97.0,SYN-DEMO-003-859,anon-19,Демо-склад
IEK,DEMO-003,2026-05-10,88.0,SYN-DEMO-003-860,anon-00,Демо-склад
IEK,DEMO-003,2026-05-11,96.0,SYN-DEMO-003-861,anon-01,Демо-склад
IEK,DEMO-003,2026-05-12,120.0,SYN-DEMO-003-862,anon-02,Демо-склад
IEK,DEMO-003,2026-05-13,87.0,SYN-DEMO-003-863,anon-03,Демо-склад
IEK,DEMO-003,2026-05-14,101.0,SYN-DEMO-003-864,anon-04,Демо-склад
IEK,DEMO-003,2026-05-15,86.0,SYN-DEMO-003-865,anon-05,Демо-склад
IEK,DEMO-003,2026-05-16,92.0,SYN-DEMO-003-866,anon-06,Демо-склад
IEK,DEMO-003,2026-05-17,92.0,SYN-DEMO-003-867,anon-07,Демо-склад
IEK,DEMO-003,2026-05-18,91.0,SYN-DEMO-003-868,anon-08,Демо-склад
IEK,DEMO-003,2026-05-19,101.0,SYN-DEMO-003-869,anon-09,Демо-склад
IEK,DEMO-003,2026-05-20,97.0,SYN-DEMO-003-870,anon-10,Демо-склад
IEK,DEMO-003,2026-05-21,102.0,SYN-DEMO-003-871,anon-11,Демо-склад
IEK,DEMO-003,2026-05-22,89.0,SYN-DEMO-003-872,anon-12,Демо-склад
IEK,DEMO-003,2026-05-23,100.0,SYN-DEMO-003-873,anon-13,Демо-склад
IEK,DEMO-003,2026-05-24,103.0,SYN-DEMO-003-874,anon-14,Демо-склад
IEK,DEMO-003,2026-05-25,105.0,SYN-DEMO-003-875,anon-15,Демо-склад
IEK,DEMO-003,2026-05-26,93.0,SYN-DEMO-003-876,anon-16,Демо-склад
IEK,DEMO-003,2026-05-27,79.0,SYN-DEMO-003-877,anon-17,Демо-склад
IEK,DEMO-003,2026-05-28,98.0,SYN-DEMO-003-878,anon-18,Демо-склад
IEK,DEMO-003,2026-05-29,90.0,SYN-DEMO-003-879,anon-19,Демо-склад
IEK,DEMO-003,2026-05-30,87.0,SYN-DEMO-003-880,anon-00,Демо-склад
IEK,DEMO-003,2026-05-31,105.0,SYN-DEMO-003-881,anon-01,Демо-склад
IEK,DEMO-003,2026-06-01,81.0,SYN-DEMO-003-882,anon-02,Демо-склад
IEK,DEMO-003,2026-06-02,83.0,SYN-DEMO-003-883,anon-03,Демо-склад
IEK,DEMO-003,2026-06-03,73.0,SYN-DEMO-003-884,anon-04,Демо-склад
IEK,DEMO-003,2026-06-04,90.0,SYN-DEMO-003-885,anon-05,Демо-склад
IEK,DEMO-003,2026-06-05,91.0,SYN-DEMO-003-886,anon-06,Демо-склад
IEK,DEMO-003,2026-06-06,84.0,SYN-DEMO-003-887,anon-07,Демо-склад
IEK,DEMO-003,2026-06-07,87.0,SYN-DEMO-003-888,anon-08,Демо-склад
IEK,DEMO-003,2026-06-08,80.0,SYN-DEMO-003-889,anon-09,Демо-склад
IEK,DEMO-003,2026-06-09,110.0,SYN-DEMO-003-890,anon-10,Демо-склад
IEK,DEMO-003,2026-06-10,96.0,SYN-DEMO-003-891,anon-11,Демо-склад
IEK,DEMO-003,2026-06-11,91.0,SYN-DEMO-003-892,anon-12,Демо-склад
IEK,DEMO-003,2026-06-12,103.0,SYN-DEMO-003-893,anon-13,Демо-склад
IEK,DEMO-003,2026-06-13,93.0,SYN-DEMO-003-894,anon-14,Демо-склад
IEK,DEMO-003,2026-06-14,90.0,SYN-DEMO-003-895,anon-15,Демо-склад
IEK,DEMO-003,2026-06-15,103.0,SYN-DEMO-003-896,anon-16,Демо-склад
IEK,DEMO-003,2026-06-16,86.0,SYN-DEMO-003-897,anon-17,Демо-склад
IEK,DEMO-003,2026-06-17,113.0,SYN-DEMO-003-898,anon-18,Демо-склад
IEK,DEMO-003,2026-06-18,83.0,SYN-DEMO-003-899,anon-19,Демо-склад
IEK,DEMO-003,2026-06-19,96.0,SYN-DEMO-003-900,anon-00,Демо-склад
IEK,DEMO-003,2026-06-20,84.0,SYN-DEMO-003-901,anon-01,Демо-склад
IEK,DEMO-003,2026-06-21,98.0,SYN-DEMO-003-902,anon-02,Демо-склад
IEK,DEMO-003,2026-06-22,91.0,SYN-DEMO-003-903,anon-03,Демо-склад
IEK,DEMO-003,2026-06-23,98.0,SYN-DEMO-003-904,anon-04,Демо-склад
IEK,DEMO-003,2026-06-24,103.0,SYN-DEMO-003-905,anon-05,Демо-склад
IEK,DEMO-003,2026-06-25,108.0,SYN-DEMO-003-906,anon-06,Демо-склад
IEK,DEMO-003,2026-06-26,108.0,SYN-DEMO-003-907,anon-07,Демо-склад
IEK,DEMO-003,2026-06-27,92.0,SYN-DEMO-003-908,anon-08,Демо-склад
IEK,DEMO-003,2026-06-28,95.0,SYN-DEMO-003-909,anon-09,Демо-склад
IEK,DEMO-003,2026-06-29,87.0,SYN-DEMO-003-910,anon-10,Демо-склад
IEK,DEMO-003,2026-06-30,88.0,SYN-DEMO-003-911,anon-11,Демо-склад
IEK,DEMO-003,2026-07-01,95.0,SYN-DEMO-003-912,anon-12,Демо-склад
IEK,DEMO-003,2026-07-02,99.0,SYN-DEMO-003-913,anon-13,Демо-склад
IEK,DEMO-003,2026-07-03,78.0,SYN-DEMO-003-914,anon-14,Демо-склад
IEK,DEMO-003,2026-07-04,102.0,SYN-DEMO-003-915,anon-15,Демо-склад
IEK,DEMO-003,2026-07-05,96.0,SYN-DEMO-003-916,anon-16,Демо-склад
IEK,DEMO-003,2026-07-06,80.0,SYN-DEMO-003-917,anon-17,Демо-склад
IEK,DEMO-003,2026-07-07,99.0,SYN-DEMO-003-918,anon-18,Демо-склад
IEK,DEMO-003,2026-07-08,105.0,SYN-DEMO-003-919,anon-19,Демо-склад
IEK,DEMO-003,2026-07-09,95.0,SYN-DEMO-003-920,anon-00,Демо-склад
IEK,DEMO-003,2026-07-10,86.0,SYN-DEMO-003-921,anon-01,Демо-склад
IEK,DEMO-003,2026-07-11,99.0,SYN-DEMO-003-922,anon-02,Демо-склад
IEK,DEMO-003,2026-07-12,91.0,SYN-DEMO-003-923,anon-03,Демо-склад
IEK,DEMO-003,2026-07-13,110.0,SYN-DEMO-003-924,anon-04,Демо-склад
IEK,DEMO-003,2026-07-14,82.0,SYN-DEMO-003-925,anon-05,Демо-склад
IEK,DEMO-003,2026-07-15,72.0,SYN-DEMO-003-926,anon-06,Демо-склад
IEK,DEMO-003,2026-07-16,98.0,SYN-DEMO-003-927,anon-07,Демо-склад
IEK,DEMO-003,2026-07-17,89.0,SYN-DEMO-003-928,anon-08,Демо-склад
IEK,DEMO-003,2026-07-18,93.0,SYN-DEMO-003-929,anon-09,Демо-склад
IEK,DEMO-003,2026-07-19,98.0,SYN-DEMO-003-930,anon-10,Демо-склад
IEK,DEMO-003,2026-07-20,102.0,SYN-DEMO-003-931,anon-11,Демо-склад
IEK,DEMO-003,2026-07-21,108.0,SYN-DEMO-003-932,anon-12,Демо-склад
IEK,DEMO-003,2026-07-22,75.0,SYN-DEMO-003-933,anon-13,Демо-склад
IEK,DEMO-003,2026-07-23,104.0,SYN-DEMO-003-934,anon-14,Демо-склад
IEK,DEMO-003,2026-07-24,92.0,SYN-DEMO-003-935,anon-15,Демо-склад
IEK,DEMO-003,2026-07-25,85.0,SYN-DEMO-003-936,anon-16,Демо-склад
IEK,DEMO-003,2026-07-26,109.0,SYN-DEMO-003-937,anon-17,Демо-склад
IEK,DEMO-003,2026-07-27,112.0,SYN-DEMO-003-938,anon-18,Демо-склад
IEK,DEMO-003,2026-07-28,94.0,SYN-DEMO-003-939,anon-19,Демо-склад
IEK,DEMO-003,2026-07-29,96.0,SYN-DEMO-003-940,anon-00,Демо-склад
IEK,DEMO-003,2026-07-30,96.0,SYN-DEMO-003-941,anon-01,Демо-склад
IEK,DEMO-003,2026-07-31,87.0,SYN-DEMO-003-942,anon-02,Демо-склад
IEK,DEMO-003,2026-08-01,102.0,SYN-DEMO-003-943,anon-03,Демо-склад
IEK,DEMO-003,2026-08-02,95.0,SYN-DEMO-003-944,anon-04,Демо-склад
IEK,DEMO-003,2026-08-03,87.0,SYN-DEMO-003-945,anon-05,Демо-склад
IEK,DEMO-003,2026-08-04,100.0,SYN-DEMO-003-946,anon-06,Демо-склад
IEK,DEMO-003,2026-08-05,98.0,SYN-DEMO-003-947,anon-07,Демо-склад
IEK,DEMO-003,2026-08-06,93.0,SYN-DEMO-003-948,anon-08,Демо-склад
IEK,DEMO-003,2026-08-07,70.0,SYN-DEMO-003-949,anon-09,Демо-склад
IEK,DEMO-003,2026-08-08,102.0,SYN-DEMO-003-950,anon-10,Демо-склад
IEK,DEMO-003,2026-08-09,85.0,SYN-DEMO-003-951,anon-11,Демо-склад
IEK,DEMO-003,2026-08-10,81.0,SYN-DEMO-003-952,anon-12,Демо-склад
IEK,DEMO-003,2026-08-11,100.0,SYN-DEMO-003-953,anon-13,Демо-склад
IEK,DEMO-003,2026-08-12,97.0,SYN-DEMO-003-954,anon-14,Демо-склад
IEK,DEMO-003,2026-08-13,97.0,SYN-DEMO-003-955,anon-15,Демо-склад
IEK,DEMO-003,2026-08-14,114.0,SYN-DEMO-003-956,anon-16,Демо-склад
IEK,DEMO-003,2026-08-15,95.0,SYN-DEMO-003-957,anon-17,Демо-склад
IEK,DEMO-003,2026-08-16,106.0,SYN-DEMO-003-958,anon-18,Демо-склад
IEK,DEMO-003,2026-08-17,115.0,SYN-DEMO-003-959,anon-19,Демо-склад
IEK,DEMO-003,2026-08-18,107.0,SYN-DEMO-003-960,anon-00,Демо-склад
IEK,DEMO-003,2026-08-19,89.0,SYN-DEMO-003-961,anon-01,Демо-склад
IEK,DEMO-003,2026-08-20,93.0,SYN-DEMO-003-962,anon-02,Демо-склад
IEK,DEMO-003,2026-08-21,110.0,SYN-DEMO-003-963,anon-03,Демо-склад
IEK,DEMO-003,2026-08-22,93.0,SYN-DEMO-003-964,anon-04,Демо-склад
IEK,DEMO-003,2026-08-23,84.0,SYN-DEMO-003-965,anon-05,Демо-склад
IEK,DEMO-003,2026-08-24,93.0,SYN-DEMO-003-966,anon-06,Демо-склад
IEK,DEMO-003,2026-08-25,110.0,SYN-DEMO-003-967,anon-07,Демо-склад
IEK,DEMO-003,2026-08-26,106.0,SYN-DEMO-003-968,anon-08,Демо-склад
IEK,DEMO-003,2026-08-27,114.0,SYN-DEMO-003-969,anon-09,Демо-склад
IEK,DEMO-003,2026-08-28,98.0,SYN-DEMO-003-970,anon-10,Демо-склад
IEK,DEMO-003,2026-08-29,112.0,SYN-DEMO-003-971,anon-11,Демо-склад
IEK,DEMO-003,2026-08-30,108.0,SYN-DEMO-003-972,anon-12,Демо-склад
IEK,DEMO-003,2026-08-31,107.0,SYN-DEMO-003-973,anon-13,Демо-склад
IEK,DEMO-003,2026-09-01,115.0,SYN-DEMO-003-974,anon-14,Демо-склад
IEK,DEMO-003,2026-09-02,88.0,SYN-DEMO-003-975,anon-15,Демо-склад
IEK,DEMO-003,2026-09-03,98.0,SYN-DEMO-003-976,anon-16,Демо-склад
IEK,DEMO-003,2026-09-04,104.0,SYN-DEMO-003-977,anon-17,Демо-склад
IEK,DEMO-003,2026-09-05,107.0,SYN-DEMO-003-978,anon-18,Демо-склад
IEK,DEMO-003,2026-09-06,110.0,SYN-DEMO-003-979,anon-19,Демо-склад
IEK,DEMO-003,2026-09-07,102.0,SYN-DEMO-003-980,anon-00,Демо-склад
IEK,DEMO-003,2026-09-08,91.0,SYN-DEMO-003-981,anon-01,Демо-склад
IEK,DEMO-003,2026-09-09,92.0,SYN-DEMO-003-982,anon-02,Демо-склад
IEK,DEMO-003,2026-09-10,96.0,SYN-DEMO-003-983,anon-03,Демо-склад
IEK,DEMO-003,2026-09-11,113.0,SYN-DEMO-003-984,anon-04,Демо-склад
IEK,DEMO-003,2026-09-12,99.0,SYN-DEMO-003-985,anon-05,Демо-склад
IEK,DEMO-003,2026-09-13,73.0,SYN-DEMO-003-986,anon-06,Демо-склад
IEK,DEMO-003,2026-09-14,99.0,SYN-DEMO-003-987,anon-07,Демо-склад
IEK,DEMO-003,2026-09-15,104.0,SYN-DEMO-003-988,anon-08,Демо-склад
IEK,DEMO-003,2026-09-16,89.0,SYN-DEMO-003-989,anon-09,Демо-склад
IEK,DEMO-003,2026-09-17,92.0,SYN-DEMO-003-990,anon-10,Демо-склад
IEK,DEMO-003,2026-09-18,92.0,SYN-DEMO-003-991,anon-11,Демо-склад
IEK,DEMO-003,2026-09-19,90.0,SYN-DEMO-003-992,anon-12,Демо-склад
IEK,DEMO-003,2026-09-20,101.0,SYN-DEMO-003-993,anon-13,Демо-склад
IEK,DEMO-003,2026-09-21,91.0,SYN-DEMO-003-994,anon-14,Демо-склад
IEK,DEMO-003,2026-09-22,100.0,SYN-DEMO-003-995,anon-15,Демо-склад
Systeme Electric,DEMO-004,2024-01-01,11.0,SYN-DEMO-004-0,anon-00,Демо-склад
Systeme Electric,DEMO-004,2024-01-02,3.0,SYN-DEMO-004-1,anon-01,Демо-склад
Systeme Electric,DEMO-004,2024-01-03,8.0,SYN-DEMO-004-2,anon-02,Демо-склад
Systeme Electric,DEMO-004,2024-01-04,5.0,SYN-DEMO-004-3,anon-03,Демо-склад
Systeme Electric,DEMO-004,2024-01-05,12.0,SYN-DEMO-004-4,anon-04,Демо-склад
Systeme Electric,DEMO-004,2024-01-06,8.0,SYN-DEMO-004-5,anon-05,Демо-склад
Systeme Electric,DEMO-004,2024-01-07,8.0,SYN-DEMO-004-6,anon-06,Демо-склад
Systeme Electric,DEMO-004,2024-01-08,8.0,SYN-DEMO-004-7,anon-07,Демо-склад
Systeme Electric,DEMO-004,2024-01-09,11.0,SYN-DEMO-004-8,anon-08,Демо-склад
Systeme Electric,DEMO-004,2024-01-10,11.0,SYN-DEMO-004-9,anon-09,Демо-склад
Systeme Electric,DEMO-004,2024-01-11,5.0,SYN-DEMO-004-10,anon-10,Демо-склад
Systeme Electric,DEMO-004,2024-01-12,9.0,SYN-DEMO-004-11,anon-11,Демо-склад
Systeme Electric,DEMO-004,2024-01-13,10.0,SYN-DEMO-004-12,anon-12,Демо-склад
Systeme Electric,DEMO-004,2024-01-14,9.0,SYN-DEMO-004-13,anon-13,Демо-склад
Systeme Electric,DEMO-004,2024-01-15,12.0,SYN-DEMO-004-14,anon-14,Демо-склад
Systeme Electric,DEMO-004,2024-01-16,9.0,SYN-DEMO-004-15,anon-15,Демо-склад
Systeme Electric,DEMO-004,2024-01-17,8.0,SYN-DEMO-004-16,anon-16,Демо-склад
Systeme Electric,DEMO-004,2024-01-18,7.0,SYN-DEMO-004-17,anon-17,Демо-склад
Systeme Electric,DEMO-004,2024-01-19,3.0,SYN-DEMO-004-18,anon-18,Демо-склад
Systeme Electric,DEMO-004,2024-01-20,10.0,SYN-DEMO-004-19,anon-19,Демо-склад
Systeme Electric,DEMO-004,2024-01-21,3.0,SYN-DEMO-004-20,anon-00,Демо-склад
Systeme Electric,DEMO-004,2024-01-22,5.0,SYN-DEMO-004-21,anon-01,Демо-склад
Systeme Electric,DEMO-004,2024-01-23,8.0,SYN-DEMO-004-22,anon-02,Демо-склад
Systeme Electric,DEMO-004,2024-01-24,12.0,SYN-DEMO-004-23,anon-03,Демо-склад
Systeme Electric,DEMO-004,2024-01-25,8.0,SYN-DEMO-004-24,anon-04,Демо-склад
Systeme Electric,DEMO-004,2024-01-26,6.0,SYN-DEMO-004-25,anon-05,Демо-склад
Systeme Electric,DEMO-004,2024-01-27,8.0,SYN-DEMO-004-26,anon-06,Демо-склад
Systeme Electric,DEMO-004,2024-01-28,13.0,SYN-DEMO-004-27,anon-07,Демо-склад
Systeme Electric,DEMO-004,2024-01-29,3.0,SYN-DEMO-004-28,anon-08,Демо-склад
Systeme Electric,DEMO-004,2024-01-30,4.0,SYN-DEMO-004-29,anon-09,Демо-склад
Systeme Electric,DEMO-004,2024-01-31,10.0,SYN-DEMO-004-30,anon-10,Демо-склад
Systeme Electric,DEMO-004,2024-02-01,10.0,SYN-DEMO-004-31,anon-11,Демо-склад
Systeme Electric,DEMO-004,2024-02-02,3.0,SYN-DEMO-004-32,anon-12,Демо-склад
Systeme Electric,DEMO-004,2024-02-03,7.0,SYN-DEMO-004-33,anon-13,Демо-склад
Systeme Electric,DEMO-004,2024-02-04,11.0,SYN-DEMO-004-34,anon-14,Демо-склад
Systeme Electric,DEMO-004,2024-02-05,10.0,SYN-DEMO-004-35,anon-15,Демо-склад
Systeme Electric,DEMO-004,2024-02-06,9.0,SYN-DEMO-004-36,anon-16,Демо-склад
Systeme Electric,DEMO-004,2024-02-07,9.0,SYN-DEMO-004-37,anon-17,Демо-склад
Systeme Electric,DEMO-004,2024-02-08,14.0,SYN-DEMO-004-38,anon-18,Демо-склад
Systeme Electric,DEMO-004,2024-02-09,12.0,SYN-DEMO-004-39,anon-19,Демо-склад
Systeme Electric,DEMO-004,2024-02-10,3.0,SYN-DEMO-004-40,anon-00,Демо-склад
Systeme Electric,DEMO-004,2024-02-11,6.0,SYN-DEMO-004-41,anon-01,Демо-склад
Systeme Electric,DEMO-004,2024-02-12,10.0,SYN-DEMO-004-42,anon-02,Демо-склад
Systeme Electric,DEMO-004,2024-02-13,16.0,SYN-DEMO-004-43,anon-03,Демо-склад
Systeme Electric,DEMO-004,2024-02-14,8.0,SYN-DEMO-004-44,anon-04,Демо-склад
Systeme Electric,DEMO-004,2024-02-15,6.0,SYN-DEMO-004-45,anon-05,Демо-склад
Systeme Electric,DEMO-004,2024-02-16,4.0,SYN-DEMO-004-46,anon-06,Демо-склад
Systeme Electric,DEMO-004,2024-02-17,12.0,SYN-DEMO-004-47,anon-07,Демо-склад
Systeme Electric,DEMO-004,2024-02-18,9.0,SYN-DEMO-004-48,anon-08,Демо-склад
Systeme Electric,DEMO-004,2024-02-19,7.0,SYN-DEMO-004-49,anon-09,Демо-склад
Systeme Electric,DEMO-004,2024-02-20,6.0,SYN-DEMO-004-50,anon-10,Демо-склад
Systeme Electric,DEMO-004,2024-02-21,9.0,SYN-DEMO-004-51,anon-11,Демо-склад
Systeme Electric,DEMO-004,2024-02-22,13.0,SYN-DEMO-004-52,anon-12,Демо-склад
Systeme Electric,DEMO-004,2024-02-23,3.0,SYN-DEMO-004-53,anon-13,Демо-склад
Systeme Electric,DEMO-004,2024-02-24,10.0,SYN-DEMO-004-54,anon-14,Демо-склад
Systeme Electric,DEMO-004,2024-02-25,7.0,SYN-DEMO-004-55,anon-15,Демо-склад
Systeme Electric,DEMO-004,2024-02-26,9.0,SYN-DEMO-004-56,anon-16,Демо-склад
Systeme Electric,DEMO-004,2024-02-27,8.0,SYN-DEMO-004-57,anon-17,Демо-склад
Systeme Electric,DEMO-004,2024-02-28,13.0,SYN-DEMO-004-58,anon-18,Демо-склад
Systeme Electric,DEMO-004,2024-02-29,7.0,SYN-DEMO-004-59,anon-19,Демо-склад
Systeme Electric,DEMO-004,2024-03-01,9.0,SYN-DEMO-004-60,anon-00,Демо-склад
Systeme Electric,DEMO-004,2024-03-02,10.0,SYN-DEMO-004-61,anon-01,Демо-склад
Systeme Electric,DEMO-004,2024-03-03,11.0,SYN-DEMO-004-62,anon-02,Демо-склад
Systeme Electric,DEMO-004,2024-03-04,11.0,SYN-DEMO-004-63,anon-03,Демо-склад
Systeme Electric,DEMO-004,2024-03-05,11.0,SYN-DEMO-004-64,anon-04,Демо-склад
Systeme Electric,DEMO-004,2024-03-06,12.0,SYN-DEMO-004-65,anon-05,Демо-склад
Systeme Electric,DEMO-004,2024-03-07,10.0,SYN-DEMO-004-66,anon-06,Демо-склад
Systeme Electric,DEMO-004,2024-03-08,8.0,SYN-DEMO-004-67,anon-07,Демо-склад
Systeme Electric,DEMO-004,2024-03-09,14.0,SYN-DEMO-004-68,anon-08,Демо-склад
Systeme Electric,DEMO-004,2024-03-10,13.0,SYN-DEMO-004-69,anon-09,Демо-склад
Systeme Electric,DEMO-004,2024-03-11,11.0,SYN-DEMO-004-70,anon-10,Демо-склад
Systeme Electric,DEMO-004,2024-03-12,13.0,SYN-DEMO-004-71,anon-11,Демо-склад
Systeme Electric,DEMO-004,2024-03-13,11.0,SYN-DEMO-004-72,anon-12,Демо-склад
Systeme Electric,DEMO-004,2024-03-14,4.0,SYN-DEMO-004-73,anon-13,Демо-склад
Systeme Electric,DEMO-004,2024-03-15,16.0,SYN-DEMO-004-74,anon-14,Демо-склад
Systeme Electric,DEMO-004,2024-03-16,9.0,SYN-DEMO-004-75,anon-15,Демо-склад
Systeme Electric,DEMO-004,2024-03-17,14.0,SYN-DEMO-004-76,anon-16,Демо-склад
Systeme Electric,DEMO-004,2024-03-18,6.0,SYN-DEMO-004-77,anon-17,Демо-склад
Systeme Electric,DEMO-004,2024-03-19,8.0,SYN-DEMO-004-78,anon-18,Демо-склад
Systeme Electric,DEMO-004,2024-03-20,10.0,SYN-DEMO-004-79,anon-19,Демо-склад
Systeme Electric,DEMO-004,2024-03-21,10.0,SYN-DEMO-004-80,anon-00,Демо-склад
Systeme Electric,DEMO-004,2024-03-22,11.0,SYN-DEMO-004-81,anon-01,Демо-склад
Systeme Electric,DEMO-004,2024-03-23,8.0,SYN-DEMO-004-82,anon-02,Демо-склад
Systeme Electric,DEMO-004,2024-03-24,11.0,SYN-DEMO-004-83,anon-03,Демо-склад
Systeme Electric,DEMO-004,2024-03-25,10.0,SYN-DEMO-004-84,anon-04,Демо-склад
Systeme Electric,DEMO-004,2024-03-26,8.0,SYN-DEMO-004-85,anon-05,Демо-склад
Systeme Electric,DEMO-004,2024-03-27,10.0,SYN-DEMO-004-86,anon-06,Демо-склад
Systeme Electric,DEMO-004,2024-03-28,7.0,SYN-DEMO-004-87,anon-07,Демо-склад
Systeme Electric,DEMO-004,2024-03-29,9.0,SYN-DEMO-004-88,anon-08,Демо-склад
Systeme Electric,DEMO-004,2024-03-30,9.0,SYN-DEMO-004-89,anon-09,Демо-склад
Systeme Electric,DEMO-004,2024-03-31,12.0,SYN-DEMO-004-90,anon-10,Демо-склад
Systeme Electric,DEMO-004,2024-04-01,10.0,SYN-DEMO-004-91,anon-11,Демо-склад
Systeme Electric,DEMO-004,2024-04-02,9.0,SYN-DEMO-004-92,anon-12,Демо-склад
Systeme Electric,DEMO-004,2024-04-03,12.0,SYN-DEMO-004-93,anon-13,Демо-склад
Systeme Electric,DEMO-004,2024-04-04,8.0,SYN-DEMO-004-94,anon-14,Демо-склад
Systeme Electric,DEMO-004,2024-04-05,6.0,SYN-DEMO-004-95,anon-15,Демо-склад
Systeme Electric,DEMO-004,2024-04-06,13.0,SYN-DEMO-004-96,anon-16,Демо-склад
Systeme Electric,DEMO-004,2024-04-07,12.0,SYN-DEMO-004-97,anon-17,Демо-склад
Systeme Electric,DEMO-004,2024-04-08,16.0,SYN-DEMO-004-98,anon-18,Демо-склад
Systeme Electric,DEMO-004,2024-04-09,15.0,SYN-DEMO-004-99,anon-19,Демо-склад
Systeme Electric,DEMO-004,2024-04-10,13.0,SYN-DEMO-004-100,anon-00,Демо-склад
Systeme Electric,DEMO-004,2024-04-11,6.0,SYN-DEMO-004-101,anon-01,Демо-склад
Systeme Electric,DEMO-004,2024-04-12,14.0,SYN-DEMO-004-102,anon-02,Демо-склад
Systeme Electric,DEMO-004,2024-04-13,16.0,SYN-DEMO-004-103,anon-03,Демо-склад
Systeme Electric,DEMO-004,2024-04-14,11.0,SYN-DEMO-004-104,anon-04,Демо-склад
Systeme Electric,DEMO-004,2024-04-15,17.0,SYN-DEMO-004-105,anon-05,Демо-склад
Systeme Electric,DEMO-004,2024-04-16,8.0,SYN-DEMO-004-106,anon-06,Демо-склад
Systeme Electric,DEMO-004,2024-04-17,7.0,SYN-DEMO-004-107,anon-07,Демо-склад
Systeme Electric,DEMO-004,2024-04-18,10.0,SYN-DEMO-004-108,anon-08,Демо-склад
Systeme Electric,DEMO-004,2024-04-19,14.0,SYN-DEMO-004-109,anon-09,Демо-склад
Systeme Electric,DEMO-004,2024-04-20,6.0,SYN-DEMO-004-110,anon-10,Демо-склад
Systeme Electric,DEMO-004,2024-04-21,10.0,SYN-DEMO-004-111,anon-11,Демо-склад
Systeme Electric,DEMO-004,2024-04-22,8.0,SYN-DEMO-004-112,anon-12,Демо-склад
Systeme Electric,DEMO-004,2024-04-23,9.0,SYN-DEMO-004-113,anon-13,Демо-склад
Systeme Electric,DEMO-004,2024-04-24,12.0,SYN-DEMO-004-114,anon-14,Демо-склад
Systeme Electric,DEMO-004,2024-04-25,5.0,SYN-DEMO-004-115,anon-15,Демо-склад
Systeme Electric,DEMO-004,2024-04-26,6.0,SYN-DEMO-004-116,anon-16,Демо-склад
Systeme Electric,DEMO-004,2024-04-27,7.0,SYN-DEMO-004-117,anon-17,Демо-склад
Systeme Electric,DEMO-004,2024-04-28,8.0,SYN-DEMO-004-118,anon-18,Демо-склад
Systeme Electric,DEMO-004,2024-04-29,10.0,SYN-DEMO-004-119,anon-19,Демо-склад
Systeme Electric,DEMO-004,2024-04-30,8.0,SYN-DEMO-004-120,anon-00,Демо-склад
Systeme Electric,DEMO-004,2024-05-01,6.0,SYN-DEMO-004-121,anon-01,Демо-склад
Systeme Electric,DEMO-004,2024-05-02,5.0,SYN-DEMO-004-122,anon-02,Демо-склад
Systeme Electric,DEMO-004,2024-05-03,8.0,SYN-DEMO-004-123,anon-03,Демо-склад
Systeme Electric,DEMO-004,2024-05-04,8.0,SYN-DEMO-004-124,anon-04,Демо-склад
Systeme Electric,DEMO-004,2024-05-05,7.0,SYN-DEMO-004-125,anon-05,Демо-склад
Systeme Electric,DEMO-004,2024-05-06,10.0,SYN-DEMO-004-126,anon-06,Демо-склад
Systeme Electric,DEMO-004,2024-05-07,11.0,SYN-DEMO-004-127,anon-07,Демо-склад
Systeme Electric,DEMO-004,2024-05-08,8.0,SYN-DEMO-004-128,anon-08,Демо-склад
Systeme Electric,DEMO-004,2024-05-09,5.0,SYN-DEMO-004-129,anon-09,Демо-склад
Systeme Electric,DEMO-004,2024-05-10,6.0,SYN-DEMO-004-130,anon-10,Демо-склад
Systeme Electric,DEMO-004,2024-05-11,5.0,SYN-DEMO-004-131,anon-11,Демо-склад
Systeme Electric,DEMO-004,2024-05-12,10.0,SYN-DEMO-004-132,anon-12,Демо-склад
Systeme Electric,DEMO-004,2024-05-13,15.0,SYN-DEMO-004-133,anon-13,Демо-склад
Systeme Electric,DEMO-004,2024-05-14,7.0,SYN-DEMO-004-134,anon-14,Демо-склад
Systeme Electric,DEMO-004,2024-05-15,7.0,SYN-DEMO-004-135,anon-15,Демо-склад
Systeme Electric,DEMO-004,2024-05-16,9.0,SYN-DEMO-004-136,anon-16,Демо-склад
Systeme Electric,DEMO-004,2024-05-17,6.0,SYN-DEMO-004-137,anon-17,Демо-склад
Systeme Electric,DEMO-004,2024-05-18,8.0,SYN-DEMO-004-138,anon-18,Демо-склад
Systeme Electric,DEMO-004,2024-05-19,5.0,SYN-DEMO-004-139,anon-19,Демо-склад
Systeme Electric,DEMO-004,2024-05-20,11.0,SYN-DEMO-004-140,anon-00,Демо-склад
Systeme Electric,DEMO-004,2024-05-21,6.0,SYN-DEMO-004-141,anon-01,Демо-склад
Systeme Electric,DEMO-004,2024-05-22,9.0,SYN-DEMO-004-142,anon-02,Демо-склад
Systeme Electric,DEMO-004,2024-05-23,10.0,SYN-DEMO-004-143,anon-03,Демо-склад
Systeme Electric,DEMO-004,2024-05-24,10.0,SYN-DEMO-004-144,anon-04,Демо-склад
Systeme Electric,DEMO-004,2024-05-25,10.0,SYN-DEMO-004-145,anon-05,Демо-склад
Systeme Electric,DEMO-004,2024-05-26,8.0,SYN-DEMO-004-146,anon-06,Демо-склад
Systeme Electric,DEMO-004,2024-05-27,6.0,SYN-DEMO-004-147,anon-07,Демо-склад
Systeme Electric,DEMO-004,2024-05-28,8.0,SYN-DEMO-004-148,anon-08,Демо-склад
Systeme Electric,DEMO-004,2024-05-29,9.0,SYN-DEMO-004-149,anon-09,Демо-склад
Systeme Electric,DEMO-004,2024-05-30,5.0,SYN-DEMO-004-150,anon-10,Демо-склад
Systeme Electric,DEMO-004,2024-05-31,12.0,SYN-DEMO-004-151,anon-11,Демо-склад
Systeme Electric,DEMO-004,2024-06-01,2.0,SYN-DEMO-004-152,anon-12,Демо-склад
Systeme Electric,DEMO-004,2024-06-02,12.0,SYN-DEMO-004-153,anon-13,Демо-склад
Systeme Electric,DEMO-004,2024-06-03,3.0,SYN-DEMO-004-154,anon-14,Демо-склад
Systeme Electric,DEMO-004,2024-06-04,7.0,SYN-DEMO-004-155,anon-15,Демо-склад
Systeme Electric,DEMO-004,2024-06-05,6.0,SYN-DEMO-004-156,anon-16,Демо-склад
Systeme Electric,DEMO-004,2024-06-06,10.0,SYN-DEMO-004-157,anon-17,Демо-склад
Systeme Electric,DEMO-004,2024-06-07,6.0,SYN-DEMO-004-158,anon-18,Демо-склад
Systeme Electric,DEMO-004,2024-06-08,6.0,SYN-DEMO-004-159,anon-19,Демо-склад
Systeme Electric,DEMO-004,2024-06-09,8.0,SYN-DEMO-004-160,anon-00,Демо-склад
Systeme Electric,DEMO-004,2024-06-10,11.0,SYN-DEMO-004-161,anon-01,Демо-склад
Systeme Electric,DEMO-004,2024-06-11,11.0,SYN-DEMO-004-162,anon-02,Демо-склад
Systeme Electric,DEMO-004,2024-06-12,11.0,SYN-DEMO-004-163,anon-03,Демо-склад
Systeme Electric,DEMO-004,2024-06-13,11.0,SYN-DEMO-004-164,anon-04,Демо-склад
Systeme Electric,DEMO-004,2024-06-14,9.0,SYN-DEMO-004-165,anon-05,Демо-склад
Systeme Electric,DEMO-004,2024-06-15,8.0,SYN-DEMO-004-166,anon-06,Демо-склад
Systeme Electric,DEMO-004,2024-06-16,3.0,SYN-DEMO-004-167,anon-07,Демо-склад
Systeme Electric,DEMO-004,2024-06-17,8.0,SYN-DEMO-004-168,anon-08,Демо-склад
Systeme Electric,DEMO-004,2024-06-18,11.0,SYN-DEMO-004-169,anon-09,Демо-склад
Systeme Electric,DEMO-004,2024-06-19,12.0,SYN-DEMO-004-170,anon-10,Демо-склад
Systeme Electric,DEMO-004,2024-06-20,11.0,SYN-DEMO-004-171,anon-11,Демо-склад
Systeme Electric,DEMO-004,2024-06-21,15.0,SYN-DEMO-004-172,anon-12,Демо-склад
Systeme Electric,DEMO-004,2024-06-22,12.0,SYN-DEMO-004-173,anon-13,Демо-склад
Systeme Electric,DEMO-004,2024-06-23,12.0,SYN-DEMO-004-174,anon-14,Демо-склад
Systeme Electric,DEMO-004,2024-06-24,7.0,SYN-DEMO-004-175,anon-15,Демо-склад
Systeme Electric,DEMO-004,2024-06-25,8.0,SYN-DEMO-004-176,anon-16,Демо-склад
Systeme Electric,DEMO-004,2024-06-26,7.0,SYN-DEMO-004-177,anon-17,Демо-склад
Systeme Electric,DEMO-004,2024-06-27,14.0,SYN-DEMO-004-178,anon-18,Демо-склад
Systeme Electric,DEMO-004,2024-06-28,10.0,SYN-DEMO-004-179,anon-19,Демо-склад
Systeme Electric,DEMO-004,2024-06-29,11.0,SYN-DEMO-004-180,anon-00,Демо-склад
Systeme Electric,DEMO-004,2024-06-30,5.0,SYN-DEMO-004-181,anon-01,Демо-склад
Systeme Electric,DEMO-004,2024-07-01,6.0,SYN-DEMO-004-182,anon-02,Демо-склад
Systeme Electric,DEMO-004,2024-07-02,8.0,SYN-DEMO-004-183,anon-03,Демо-склад
Systeme Electric,DEMO-004,2024-07-03,12.0,SYN-DEMO-004-184,anon-04,Демо-склад
Systeme Electric,DEMO-004,2024-07-04,17.0,SYN-DEMO-004-185,anon-05,Демо-склад
Systeme Electric,DEMO-004,2024-07-05,9.0,SYN-DEMO-004-186,anon-06,Демо-склад
Systeme Electric,DEMO-004,2024-07-06,4.0,SYN-DEMO-004-187,anon-07,Демо-склад
Systeme Electric,DEMO-004,2024-07-07,11.0,SYN-DEMO-004-188,anon-08,Демо-склад
Systeme Electric,DEMO-004,2024-07-08,6.0,SYN-DEMO-004-189,anon-09,Демо-склад
Systeme Electric,DEMO-004,2024-07-09,13.0,SYN-DEMO-004-190,anon-10,Демо-склад
Systeme Electric,DEMO-004,2024-07-10,7.0,SYN-DEMO-004-191,anon-11,Демо-склад
Systeme Electric,DEMO-004,2024-07-11,4.0,SYN-DEMO-004-192,anon-12,Демо-склад
Systeme Electric,DEMO-004,2024-07-12,9.0,SYN-DEMO-004-193,anon-13,Демо-склад
Systeme Electric,DEMO-004,2024-07-13,6.0,SYN-DEMO-004-194,anon-14,Демо-склад
Systeme Electric,DEMO-004,2024-07-14,7.0,SYN-DEMO-004-195,anon-15,Демо-склад
Systeme Electric,DEMO-004,2024-07-15,19.0,SYN-DEMO-004-196,anon-16,Демо-склад
Systeme Electric,DEMO-004,2024-07-16,15.0,SYN-DEMO-004-197,anon-17,Демо-склад
Systeme Electric,DEMO-004,2024-07-17,8.0,SYN-DEMO-004-198,anon-18,Демо-склад
Systeme Electric,DEMO-004,2024-07-18,11.0,SYN-DEMO-004-199,anon-19,Демо-склад
Systeme Electric,DEMO-004,2024-07-19,7.0,SYN-DEMO-004-200,anon-00,Демо-склад
Systeme Electric,DEMO-004,2024-07-20,8.0,SYN-DEMO-004-201,anon-01,Демо-склад
Systeme Electric,DEMO-004,2024-07-21,8.0,SYN-DEMO-004-202,anon-02,Демо-склад
Systeme Electric,DEMO-004,2024-07-22,9.0,SYN-DEMO-004-203,anon-03,Демо-склад
Systeme Electric,DEMO-004,2024-07-23,8.0,SYN-DEMO-004-204,anon-04,Демо-склад
Systeme Electric,DEMO-004,2024-07-24,8.0,SYN-DEMO-004-205,anon-05,Демо-склад
Systeme Electric,DEMO-004,2024-07-25,8.0,SYN-DEMO-004-206,anon-06,Демо-склад
Systeme Electric,DEMO-004,2024-07-26,8.0,SYN-DEMO-004-207,anon-07,Демо-склад
Systeme Electric,DEMO-004,2024-07-27,11.0,SYN-DEMO-004-208,anon-08,Демо-склад
Systeme Electric,DEMO-004,2024-07-28,8.0,SYN-DEMO-004-209,anon-09,Демо-склад
Systeme Electric,DEMO-004,2024-07-29,12.0,SYN-DEMO-004-210,anon-10,Демо-склад
Systeme Electric,DEMO-004,2024-07-30,7.0,SYN-DEMO-004-211,anon-11,Демо-склад
Systeme Electric,DEMO-004,2024-07-31,14.0,SYN-DEMO-004-212,anon-12,Демо-склад
Systeme Electric,DEMO-004,2024-08-01,8.0,SYN-DEMO-004-213,anon-13,Демо-склад
Systeme Electric,DEMO-004,2024-08-02,10.0,SYN-DEMO-004-214,anon-14,Демо-склад
Systeme Electric,DEMO-004,2024-08-03,6.0,SYN-DEMO-004-215,anon-15,Демо-склад
Systeme Electric,DEMO-004,2024-08-04,10.0,SYN-DEMO-004-216,anon-16,Демо-склад
Systeme Electric,DEMO-004,2024-08-05,12.0,SYN-DEMO-004-217,anon-17,Демо-склад
Systeme Electric,DEMO-004,2024-08-06,8.0,SYN-DEMO-004-218,anon-18,Демо-склад
Systeme Electric,DEMO-004,2024-08-07,9.0,SYN-DEMO-004-219,anon-19,Демо-склад
Systeme Electric,DEMO-004,2024-08-08,5.0,SYN-DEMO-004-220,anon-00,Демо-склад
Systeme Electric,DEMO-004,2024-08-09,11.0,SYN-DEMO-004-221,anon-01,Демо-склад
Systeme Electric,DEMO-004,2024-08-10,9.0,SYN-DEMO-004-222,anon-02,Демо-склад
Systeme Electric,DEMO-004,2024-08-11,5.0,SYN-DEMO-004-223,anon-03,Демо-склад
Systeme Electric,DEMO-004,2024-08-12,9.0,SYN-DEMO-004-224,anon-04,Демо-склад
Systeme Electric,DEMO-004,2024-08-13,8.0,SYN-DEMO-004-225,anon-05,Демо-склад
Systeme Electric,DEMO-004,2024-08-14,12.0,SYN-DEMO-004-226,anon-06,Демо-склад
Systeme Electric,DEMO-004,2024-08-15,7.0,SYN-DEMO-004-227,anon-07,Демо-склад
Systeme Electric,DEMO-004,2024-08-16,13.0,SYN-DEMO-004-228,anon-08,Демо-склад
Systeme Electric,DEMO-004,2024-08-17,6.0,SYN-DEMO-004-229,anon-09,Демо-склад
Systeme Electric,DEMO-004,2024-08-18,4.0,SYN-DEMO-004-230,anon-10,Демо-склад
Systeme Electric,DEMO-004,2024-08-19,8.0,SYN-DEMO-004-231,anon-11,Демо-склад
Systeme Electric,DEMO-004,2024-08-20,5.0,SYN-DEMO-004-232,anon-12,Демо-склад
Systeme Electric,DEMO-004,2024-08-21,11.0,SYN-DEMO-004-233,anon-13,Демо-склад
Systeme Electric,DEMO-004,2024-08-22,12.0,SYN-DEMO-004-234,anon-14,Демо-склад
Systeme Electric,DEMO-004,2024-08-23,10.0,SYN-DEMO-004-235,anon-15,Демо-склад
Systeme Electric,DEMO-004,2024-08-24,12.0,SYN-DEMO-004-236,anon-16,Демо-склад
Systeme Electric,DEMO-004,2024-08-25,7.0,SYN-DEMO-004-237,anon-17,Демо-склад
Systeme Electric,DEMO-004,2024-08-26,8.0,SYN-DEMO-004-238,anon-18,Демо-склад
Systeme Electric,DEMO-004,2024-08-27,9.0,SYN-DEMO-004-239,anon-19,Демо-склад
Systeme Electric,DEMO-004,2024-08-28,10.0,SYN-DEMO-004-240,anon-00,Демо-склад
Systeme Electric,DEMO-004,2024-08-29,11.0,SYN-DEMO-004-241,anon-01,Демо-склад
Systeme Electric,DEMO-004,2024-08-30,3.0,SYN-DEMO-004-242,anon-02,Демо-склад
Systeme Electric,DEMO-004,2024-08-31,13.0,SYN-DEMO-004-243,anon-03,Демо-склад
Systeme Electric,DEMO-004,2024-09-01,6.0,SYN-DEMO-004-244,anon-04,Демо-склад
Systeme Electric,DEMO-004,2024-09-02,13.0,SYN-DEMO-004-245,anon-05,Демо-склад
Systeme Electric,DEMO-004,2024-09-03,8.0,SYN-DEMO-004-246,anon-06,Демо-склад
Systeme Electric,DEMO-004,2024-09-04,4.0,SYN-DEMO-004-247,anon-07,Демо-склад
Systeme Electric,DEMO-004,2024-09-05,11.0,SYN-DEMO-004-248,anon-08,Демо-склад
Systeme Electric,DEMO-004,2024-09-06,12.0,SYN-DEMO-004-249,anon-09,Демо-склад
Systeme Electric,DEMO-004,2024-09-07,11.0,SYN-DEMO-004-250,anon-10,Демо-склад
Systeme Electric,DEMO-004,2024-09-08,6.0,SYN-DEMO-004-251,anon-11,Демо-склад
Systeme Electric,DEMO-004,2024-09-09,9.0,SYN-DEMO-004-252,anon-12,Демо-склад
Systeme Electric,DEMO-004,2024-09-10,10.0,SYN-DEMO-004-253,anon-13,Демо-склад
Systeme Electric,DEMO-004,2024-09-11,10.0,SYN-DEMO-004-254,anon-14,Демо-склад
Systeme Electric,DEMO-004,2024-09-12,8.0,SYN-DEMO-004-255,anon-15,Демо-склад
Systeme Electric,DEMO-004,2024-09-13,8.0,SYN-DEMO-004-256,anon-16,Демо-склад
Systeme Electric,DEMO-004,2024-09-14,7.0,SYN-DEMO-004-257,anon-17,Демо-склад
Systeme Electric,DEMO-004,2024-09-15,9.0,SYN-DEMO-004-258,anon-18,Демо-склад
Systeme Electric,DEMO-004,2024-09-16,10.0,SYN-DEMO-004-259,anon-19,Демо-склад
Systeme Electric,DEMO-004,2024-09-17,10.0,SYN-DEMO-004-260,anon-00,Демо-склад
Systeme Electric,DEMO-004,2024-09-18,12.0,SYN-DEMO-004-261,anon-01,Демо-склад
Systeme Electric,DEMO-004,2024-09-19,8.0,SYN-DEMO-004-262,anon-02,Демо-склад
Systeme Electric,DEMO-004,2024-09-20,12.0,SYN-DEMO-004-263,anon-03,Демо-склад
Systeme Electric,DEMO-004,2024-09-21,15.0,SYN-DEMO-004-264,anon-04,Демо-склад
Systeme Electric,DEMO-004,2024-09-22,9.0,SYN-DEMO-004-265,anon-05,Демо-склад
Systeme Electric,DEMO-004,2024-09-23,13.0,SYN-DEMO-004-266,anon-06,Демо-склад
Systeme Electric,DEMO-004,2024-09-24,7.0,SYN-DEMO-004-267,anon-07,Демо-склад
Systeme Electric,DEMO-004,2024-09-25,7.0,SYN-DEMO-004-268,anon-08,Демо-склад
Systeme Electric,DEMO-004,2024-09-26,10.0,SYN-DEMO-004-269,anon-09,Демо-склад
Systeme Electric,DEMO-004,2024-09-27,10.0,SYN-DEMO-004-270,anon-10,Демо-склад
Systeme Electric,DEMO-004,2024-09-28,8.0,SYN-DEMO-004-271,anon-11,Демо-склад
Systeme Electric,DEMO-004,2024-09-29,5.0,SYN-DEMO-004-272,anon-12,Демо-склад
Systeme Electric,DEMO-004,2024-09-30,14.0,SYN-DEMO-004-273,anon-13,Демо-склад
Systeme Electric,DEMO-004,2024-10-01,8.0,SYN-DEMO-004-274,anon-14,Демо-склад
Systeme Electric,DEMO-004,2024-10-02,9.0,SYN-DEMO-004-275,anon-15,Демо-склад
Systeme Electric,DEMO-004,2024-10-03,6.0,SYN-DEMO-004-276,anon-16,Демо-склад
Systeme Electric,DEMO-004,2024-10-04,12.0,SYN-DEMO-004-277,anon-17,Демо-склад
Systeme Electric,DEMO-004,2024-10-05,9.0,SYN-DEMO-004-278,anon-18,Демо-склад
Systeme Electric,DEMO-004,2024-10-06,11.0,SYN-DEMO-004-279,anon-19,Демо-склад
Systeme Electric,DEMO-004,2024-10-07,6.0,SYN-DEMO-004-280,anon-00,Демо-склад
Systeme Electric,DEMO-004,2024-10-08,5.0,SYN-DEMO-004-281,anon-01,Демо-склад
Systeme Electric,DEMO-004,2024-10-09,6.0,SYN-DEMO-004-282,anon-02,Демо-склад
Systeme Electric,DEMO-004,2024-10-10,9.0,SYN-DEMO-004-283,anon-03,Демо-склад
Systeme Electric,DEMO-004,2024-10-11,8.0,SYN-DEMO-004-284,anon-04,Демо-склад
Systeme Electric,DEMO-004,2024-10-12,9.0,SYN-DEMO-004-285,anon-05,Демо-склад
Systeme Electric,DEMO-004,2024-10-13,9.0,SYN-DEMO-004-286,anon-06,Демо-склад
Systeme Electric,DEMO-004,2024-10-14,9.0,SYN-DEMO-004-287,anon-07,Демо-склад
Systeme Electric,DEMO-004,2024-10-15,10.0,SYN-DEMO-004-288,anon-08,Демо-склад
Systeme Electric,DEMO-004,2024-10-16,8.0,SYN-DEMO-004-289,anon-09,Демо-склад
Systeme Electric,DEMO-004,2024-10-17,7.0,SYN-DEMO-004-290,anon-10,Демо-склад
Systeme Electric,DEMO-004,2024-10-18,8.0,SYN-DEMO-004-291,anon-11,Демо-склад
Systeme Electric,DEMO-004,2024-10-19,7.0,SYN-DEMO-004-292,anon-12,Демо-склад
Systeme Electric,DEMO-004,2024-10-20,11.0,SYN-DEMO-004-293,anon-13,Демо-склад
Systeme Electric,DEMO-004,2024-10-21,10.0,SYN-DEMO-004-294,anon-14,Демо-склад
Systeme Electric,DEMO-004,2024-10-22,10.0,SYN-DEMO-004-295,anon-15,Демо-склад
Systeme Electric,DEMO-004,2024-10-23,11.0,SYN-DEMO-004-296,anon-16,Демо-склад
Systeme Electric,DEMO-004,2024-10-24,6.0,SYN-DEMO-004-297,anon-17,Демо-склад
Systeme Electric,DEMO-004,2024-10-25,13.0,SYN-DEMO-004-298,anon-18,Демо-склад
Systeme Electric,DEMO-004,2024-10-26,8.0,SYN-DEMO-004-299,anon-19,Демо-склад
Systeme Electric,DEMO-004,2024-10-27,13.0,SYN-DEMO-004-300,anon-00,Демо-склад
Systeme Electric,DEMO-004,2024-10-28,6.0,SYN-DEMO-004-301,anon-01,Демо-склад
Systeme Electric,DEMO-004,2024-10-29,6.0,SYN-DEMO-004-302,anon-02,Демо-склад
Systeme Electric,DEMO-004,2024-10-30,9.0,SYN-DEMO-004-303,anon-03,Демо-склад
Systeme Electric,DEMO-004,2024-10-31,13.0,SYN-DEMO-004-304,anon-04,Демо-склад
Systeme Electric,DEMO-004,2024-11-01,11.0,SYN-DEMO-004-305,anon-05,Демо-склад
Systeme Electric,DEMO-004,2024-11-02,7.0,SYN-DEMO-004-306,anon-06,Демо-склад
Systeme Electric,DEMO-004,2024-11-03,4.0,SYN-DEMO-004-307,anon-07,Демо-склад
Systeme Electric,DEMO-004,2024-11-04,3.0,SYN-DEMO-004-308,anon-08,Демо-склад
Systeme Electric,DEMO-004,2024-11-05,14.0,SYN-DEMO-004-309,anon-09,Демо-склад
Systeme Electric,DEMO-004,2024-11-06,6.0,SYN-DEMO-004-310,anon-10,Демо-склад
Systeme Electric,DEMO-004,2024-11-07,8.0,SYN-DEMO-004-311,anon-11,Демо-склад
Systeme Electric,DEMO-004,2024-11-08,8.0,SYN-DEMO-004-312,anon-12,Демо-склад
Systeme Electric,DEMO-004,2024-11-09,13.0,SYN-DEMO-004-313,anon-13,Демо-склад
Systeme Electric,DEMO-004,2024-11-10,10.0,SYN-DEMO-004-314,anon-14,Демо-склад
Systeme Electric,DEMO-004,2024-11-11,8.0,SYN-DEMO-004-315,anon-15,Демо-склад
Systeme Electric,DEMO-004,2024-11-12,4.0,SYN-DEMO-004-316,anon-16,Демо-склад
Systeme Electric,DEMO-004,2024-11-13,11.0,SYN-DEMO-004-317,anon-17,Демо-склад
Systeme Electric,DEMO-004,2024-11-14,10.0,SYN-DEMO-004-318,anon-18,Демо-склад
Systeme Electric,DEMO-004,2024-11-15,5.0,SYN-DEMO-004-319,anon-19,Демо-склад
Systeme Electric,DEMO-004,2024-11-16,7.0,SYN-DEMO-004-320,anon-00,Демо-склад
Systeme Electric,DEMO-004,2024-11-17,9.0,SYN-DEMO-004-321,anon-01,Демо-склад
Systeme Electric,DEMO-004,2024-11-18,7.0,SYN-DEMO-004-322,anon-02,Демо-склад
Systeme Electric,DEMO-004,2024-11-19,7.0,SYN-DEMO-004-323,anon-03,Демо-склад
Systeme Electric,DEMO-004,2024-11-20,9.0,SYN-DEMO-004-324,anon-04,Демо-склад
Systeme Electric,DEMO-004,2024-11-21,6.0,SYN-DEMO-004-325,anon-05,Демо-склад
Systeme Electric,DEMO-004,2024-11-22,7.0,SYN-DEMO-004-326,anon-06,Демо-склад
Systeme Electric,DEMO-004,2024-11-23,13.0,SYN-DEMO-004-327,anon-07,Демо-склад
Systeme Electric,DEMO-004,2024-11-24,12.0,SYN-DEMO-004-328,anon-08,Демо-склад
Systeme Electric,DEMO-004,2024-11-25,10.0,SYN-DEMO-004-329,anon-09,Демо-склад
Systeme Electric,DEMO-004,2024-11-26,9.0,SYN-DEMO-004-330,anon-10,Демо-склад
Systeme Electric,DEMO-004,2024-11-27,5.0,SYN-DEMO-004-331,anon-11,Демо-склад
Systeme Electric,DEMO-004,2024-11-28,7.0,SYN-DEMO-004-332,anon-12,Демо-склад
Systeme Electric,DEMO-004,2024-11-29,12.0,SYN-DEMO-004-333,anon-13,Демо-склад
Systeme Electric,DEMO-004,2024-11-30,6.0,SYN-DEMO-004-334,anon-14,Демо-склад
Systeme Electric,DEMO-004,2024-12-01,11.0,SYN-DEMO-004-335,anon-15,Демо-склад
Systeme Electric,DEMO-004,2024-12-02,12.0,SYN-DEMO-004-336,anon-16,Демо-склад
Systeme Electric,DEMO-004,2024-12-03,6.0,SYN-DEMO-004-337,anon-17,Демо-склад
Systeme Electric,DEMO-004,2024-12-04,5.0,SYN-DEMO-004-338,anon-18,Демо-склад
Systeme Electric,DEMO-004,2024-12-05,11.0,SYN-DEMO-004-339,anon-19,Демо-склад
Systeme Electric,DEMO-004,2024-12-06,6.0,SYN-DEMO-004-340,anon-00,Демо-склад
Systeme Electric,DEMO-004,2024-12-07,3.0,SYN-DEMO-004-341,anon-01,Демо-склад
Systeme Electric,DEMO-004,2024-12-08,14.0,SYN-DEMO-004-342,anon-02,Демо-склад
Systeme Electric,DEMO-004,2024-12-09,5.0,SYN-DEMO-004-343,anon-03,Демо-склад
Systeme Electric,DEMO-004,2024-12-10,6.0,SYN-DEMO-004-344,anon-04,Демо-склад
Systeme Electric,DEMO-004,2024-12-11,10.0,SYN-DEMO-004-345,anon-05,Демо-склад
Systeme Electric,DEMO-004,2024-12-12,10.0,SYN-DEMO-004-346,anon-06,Демо-склад
Systeme Electric,DEMO-004,2024-12-13,9.0,SYN-DEMO-004-347,anon-07,Демо-склад
Systeme Electric,DEMO-004,2024-12-14,8.0,SYN-DEMO-004-348,anon-08,Демо-склад
Systeme Electric,DEMO-004,2024-12-15,11.0,SYN-DEMO-004-349,anon-09,Демо-склад
Systeme Electric,DEMO-004,2024-12-16,12.0,SYN-DEMO-004-350,anon-10,Демо-склад
Systeme Electric,DEMO-004,2024-12-17,8.0,SYN-DEMO-004-351,anon-11,Демо-склад
Systeme Electric,DEMO-004,2024-12-18,8.0,SYN-DEMO-004-352,anon-12,Демо-склад
Systeme Electric,DEMO-004,2024-12-19,8.0,SYN-DEMO-004-353,anon-13,Демо-склад
Systeme Electric,DEMO-004,2024-12-20,7.0,SYN-DEMO-004-354,anon-14,Демо-склад
Systeme Electric,DEMO-004,2024-12-21,10.0,SYN-DEMO-004-355,anon-15,Демо-склад
Systeme Electric,DEMO-004,2024-12-22,11.0,SYN-DEMO-004-356,anon-16,Демо-склад
Systeme Electric,DEMO-004,2024-12-23,7.0,SYN-DEMO-004-357,anon-17,Демо-склад
Systeme Electric,DEMO-004,2024-12-24,11.0,SYN-DEMO-004-358,anon-18,Демо-склад
Systeme Electric,DEMO-004,2024-12-25,8.0,SYN-DEMO-004-359,anon-19,Демо-склад
Systeme Electric,DEMO-004,2024-12-26,9.0,SYN-DEMO-004-360,anon-00,Демо-склад
Systeme Electric,DEMO-004,2024-12-27,8.0,SYN-DEMO-004-361,anon-01,Демо-склад
Systeme Electric,DEMO-004,2024-12-28,10.0,SYN-DEMO-004-362,anon-02,Демо-склад
Systeme Electric,DEMO-004,2024-12-29,8.0,SYN-DEMO-004-363,anon-03,Демо-склад
Systeme Electric,DEMO-004,2024-12-30,9.0,SYN-DEMO-004-364,anon-04,Демо-склад
Systeme Electric,DEMO-004,2024-12-31,15.0,SYN-DEMO-004-365,anon-05,Демо-склад
Systeme Electric,DEMO-004,2025-01-01,10.0,SYN-DEMO-004-366,anon-06,Демо-склад
Systeme Electric,DEMO-004,2025-01-02,6.0,SYN-DEMO-004-367,anon-07,Демо-склад
Systeme Electric,DEMO-004,2025-01-03,9.0,SYN-DEMO-004-368,anon-08,Демо-склад
Systeme Electric,DEMO-004,2025-01-04,11.0,SYN-DEMO-004-369,anon-09,Демо-склад
Systeme Electric,DEMO-004,2025-01-05,5.0,SYN-DEMO-004-370,anon-10,Демо-склад
Systeme Electric,DEMO-004,2025-01-06,7.0,SYN-DEMO-004-371,anon-11,Демо-склад
Systeme Electric,DEMO-004,2025-01-07,9.0,SYN-DEMO-004-372,anon-12,Демо-склад
Systeme Electric,DEMO-004,2025-01-08,11.0,SYN-DEMO-004-373,anon-13,Демо-склад
Systeme Electric,DEMO-004,2025-01-09,12.0,SYN-DEMO-004-374,anon-14,Демо-склад
Systeme Electric,DEMO-004,2025-01-10,5.0,SYN-DEMO-004-375,anon-15,Демо-склад
Systeme Electric,DEMO-004,2025-01-11,4.0,SYN-DEMO-004-376,anon-16,Демо-склад
Systeme Electric,DEMO-004,2025-01-12,6.0,SYN-DEMO-004-377,anon-17,Демо-склад
Systeme Electric,DEMO-004,2025-01-13,6.0,SYN-DEMO-004-378,anon-18,Демо-склад
Systeme Electric,DEMO-004,2025-01-14,9.0,SYN-DEMO-004-379,anon-19,Демо-склад
Systeme Electric,DEMO-004,2025-01-15,7.0,SYN-DEMO-004-380,anon-00,Демо-склад
Systeme Electric,DEMO-004,2025-01-16,13.0,SYN-DEMO-004-381,anon-01,Демо-склад
Systeme Electric,DEMO-004,2025-01-17,16.0,SYN-DEMO-004-382,anon-02,Демо-склад
Systeme Electric,DEMO-004,2025-01-18,10.0,SYN-DEMO-004-383,anon-03,Демо-склад
Systeme Electric,DEMO-004,2025-01-19,13.0,SYN-DEMO-004-384,anon-04,Демо-склад
Systeme Electric,DEMO-004,2025-01-20,9.0,SYN-DEMO-004-385,anon-05,Демо-склад
Systeme Electric,DEMO-004,2025-01-21,8.0,SYN-DEMO-004-386,anon-06,Демо-склад
Systeme Electric,DEMO-004,2025-01-22,7.0,SYN-DEMO-004-387,anon-07,Демо-склад
Systeme Electric,DEMO-004,2025-01-23,8.0,SYN-DEMO-004-388,anon-08,Демо-склад
Systeme Electric,DEMO-004,2025-01-24,13.0,SYN-DEMO-004-389,anon-09,Демо-склад
Systeme Electric,DEMO-004,2025-01-25,2.0,SYN-DEMO-004-390,anon-10,Демо-склад
Systeme Electric,DEMO-004,2025-01-26,13.0,SYN-DEMO-004-391,anon-11,Демо-склад
Systeme Electric,DEMO-004,2025-01-27,9.0,SYN-DEMO-004-392,anon-12,Демо-склад
Systeme Electric,DEMO-004,2025-01-28,10.0,SYN-DEMO-004-393,anon-13,Демо-склад
Systeme Electric,DEMO-004,2025-01-29,10.0,SYN-DEMO-004-394,anon-14,Демо-склад
Systeme Electric,DEMO-004,2025-01-30,14.0,SYN-DEMO-004-395,anon-15,Демо-склад
Systeme Electric,DEMO-004,2025-01-31,11.0,SYN-DEMO-004-396,anon-16,Демо-склад
Systeme Electric,DEMO-004,2025-02-01,8.0,SYN-DEMO-004-397,anon-17,Демо-склад
Systeme Electric,DEMO-004,2025-02-02,13.0,SYN-DEMO-004-398,anon-18,Демо-склад
Systeme Electric,DEMO-004,2025-02-03,15.0,SYN-DEMO-004-399,anon-19,Демо-склад
Systeme Electric,DEMO-004,2025-02-04,11.0,SYN-DEMO-004-400,anon-00,Демо-склад
Systeme Electric,DEMO-004,2025-02-05,12.0,SYN-DEMO-004-401,anon-01,Демо-склад
Systeme Electric,DEMO-004,2025-02-06,7.0,SYN-DEMO-004-402,anon-02,Демо-склад
Systeme Electric,DEMO-004,2025-02-07,14.0,SYN-DEMO-004-403,anon-03,Демо-склад
Systeme Electric,DEMO-004,2025-02-08,9.0,SYN-DEMO-004-404,anon-04,Демо-склад
Systeme Electric,DEMO-004,2025-02-09,14.0,SYN-DEMO-004-405,anon-05,Демо-склад
Systeme Electric,DEMO-004,2025-02-10,13.0,SYN-DEMO-004-406,anon-06,Демо-склад
Systeme Electric,DEMO-004,2025-02-11,17.0,SYN-DEMO-004-407,anon-07,Демо-склад
Systeme Electric,DEMO-004,2025-02-12,7.0,SYN-DEMO-004-408,anon-08,Демо-склад
Systeme Electric,DEMO-004,2025-02-13,5.0,SYN-DEMO-004-409,anon-09,Демо-склад
Systeme Electric,DEMO-004,2025-02-14,14.0,SYN-DEMO-004-410,anon-10,Демо-склад
Systeme Electric,DEMO-004,2025-02-15,8.0,SYN-DEMO-004-411,anon-11,Демо-склад
Systeme Electric,DEMO-004,2025-02-16,7.0,SYN-DEMO-004-412,anon-12,Демо-склад
Systeme Electric,DEMO-004,2025-02-17,12.0,SYN-DEMO-004-413,anon-13,Демо-склад
Systeme Electric,DEMO-004,2025-02-18,9.0,SYN-DEMO-004-414,anon-14,Демо-склад
Systeme Electric,DEMO-004,2025-02-19,14.0,SYN-DEMO-004-415,anon-15,Демо-склад
Systeme Electric,DEMO-004,2025-02-20,15.0,SYN-DEMO-004-416,anon-16,Демо-склад
Systeme Electric,DEMO-004,2025-02-21,14.0,SYN-DEMO-004-417,anon-17,Демо-склад
Systeme Electric,DEMO-004,2025-02-22,10.0,SYN-DEMO-004-418,anon-18,Демо-склад
Systeme Electric,DEMO-004,2025-02-23,10.0,SYN-DEMO-004-419,anon-19,Демо-склад
Systeme Electric,DEMO-004,2025-02-24,11.0,SYN-DEMO-004-420,anon-00,Демо-склад
Systeme Electric,DEMO-004,2025-02-25,12.0,SYN-DEMO-004-421,anon-01,Демо-склад
Systeme Electric,DEMO-004,2025-02-26,8.0,SYN-DEMO-004-422,anon-02,Демо-склад
Systeme Electric,DEMO-004,2025-02-27,9.0,SYN-DEMO-004-423,anon-03,Демо-склад
Systeme Electric,DEMO-004,2025-02-28,9.0,SYN-DEMO-004-424,anon-04,Демо-склад
Systeme Electric,DEMO-004,2025-03-01,6.0,SYN-DEMO-004-425,anon-05,Демо-склад
Systeme Electric,DEMO-004,2025-03-02,5.0,SYN-DEMO-004-426,anon-06,Демо-склад
Systeme Electric,DEMO-004,2025-03-03,3.0,SYN-DEMO-004-427,anon-07,Демо-склад
Systeme Electric,DEMO-004,2025-03-04,12.0,SYN-DEMO-004-428,anon-08,Демо-склад
Systeme Electric,DEMO-004,2025-03-05,15.0,SYN-DEMO-004-429,anon-09,Демо-склад
Systeme Electric,DEMO-004,2025-03-06,10.0,SYN-DEMO-004-430,anon-10,Демо-склад
Systeme Electric,DEMO-004,2025-03-07,11.0,SYN-DEMO-004-431,anon-11,Демо-склад
Systeme Electric,DEMO-004,2025-03-08,6.0,SYN-DEMO-004-432,anon-12,Демо-склад
Systeme Electric,DEMO-004,2025-03-09,13.0,SYN-DEMO-004-433,anon-13,Демо-склад
Systeme Electric,DEMO-004,2025-03-10,4.0,SYN-DEMO-004-434,anon-14,Демо-склад
Systeme Electric,DEMO-004,2025-03-11,9.0,SYN-DEMO-004-435,anon-15,Демо-склад
Systeme Electric,DEMO-004,2025-03-12,5.0,SYN-DEMO-004-436,anon-16,Демо-склад
Systeme Electric,DEMO-004,2025-03-13,9.0,SYN-DEMO-004-437,anon-17,Демо-склад
Systeme Electric,DEMO-004,2025-03-14,13.0,SYN-DEMO-004-438,anon-18,Демо-склад
Systeme Electric,DEMO-004,2025-03-15,9.0,SYN-DEMO-004-439,anon-19,Демо-склад
Systeme Electric,DEMO-004,2025-03-16,10.0,SYN-DEMO-004-440,anon-00,Демо-склад
Systeme Electric,DEMO-004,2025-03-17,10.0,SYN-DEMO-004-441,anon-01,Демо-склад
Systeme Electric,DEMO-004,2025-03-18,4.0,SYN-DEMO-004-442,anon-02,Демо-склад
Systeme Electric,DEMO-004,2025-03-19,9.0,SYN-DEMO-004-443,anon-03,Демо-склад
Systeme Electric,DEMO-004,2025-03-20,8.0,SYN-DEMO-004-444,anon-04,Демо-склад
Systeme Electric,DEMO-004,2025-03-21,9.0,SYN-DEMO-004-445,anon-05,Демо-склад
Systeme Electric,DEMO-004,2025-03-22,11.0,SYN-DEMO-004-446,anon-06,Демо-склад
Systeme Electric,DEMO-004,2025-03-23,10.0,SYN-DEMO-004-447,anon-07,Демо-склад
Systeme Electric,DEMO-004,2025-03-24,7.0,SYN-DEMO-004-448,anon-08,Демо-склад
Systeme Electric,DEMO-004,2025-03-25,6.0,SYN-DEMO-004-449,anon-09,Демо-склад
Systeme Electric,DEMO-004,2025-03-26,10.0,SYN-DEMO-004-450,anon-10,Демо-склад
Systeme Electric,DEMO-004,2025-03-27,16.0,SYN-DEMO-004-451,anon-11,Демо-склад
Systeme Electric,DEMO-004,2025-03-28,11.0,SYN-DEMO-004-452,anon-12,Демо-склад
Systeme Electric,DEMO-004,2025-03-29,11.0,SYN-DEMO-004-453,anon-13,Демо-склад
Systeme Electric,DEMO-004,2025-03-30,13.0,SYN-DEMO-004-454,anon-14,Демо-склад
Systeme Electric,DEMO-004,2025-03-31,4.0,SYN-DEMO-004-455,anon-15,Демо-склад
Systeme Electric,DEMO-004,2025-04-01,6.0,SYN-DEMO-004-456,anon-16,Демо-склад
Systeme Electric,DEMO-004,2025-04-02,14.0,SYN-DEMO-004-457,anon-17,Демо-склад
Systeme Electric,DEMO-004,2025-04-03,6.0,SYN-DEMO-004-458,anon-18,Демо-склад
Systeme Electric,DEMO-004,2025-04-04,15.0,SYN-DEMO-004-459,anon-19,Демо-склад
Systeme Electric,DEMO-004,2025-04-05,15.0,SYN-DEMO-004-460,anon-00,Демо-склад
Systeme Electric,DEMO-004,2025-04-06,8.0,SYN-DEMO-004-461,anon-01,Демо-склад
Systeme Electric,DEMO-004,2025-04-07,11.0,SYN-DEMO-004-462,anon-02,Демо-склад
Systeme Electric,DEMO-004,2025-04-08,14.0,SYN-DEMO-004-463,anon-03,Демо-склад
Systeme Electric,DEMO-004,2025-04-09,8.0,SYN-DEMO-004-464,anon-04,Демо-склад
Systeme Electric,DEMO-004,2025-04-10,8.0,SYN-DEMO-004-465,anon-05,Демо-склад
Systeme Electric,DEMO-004,2025-04-11,6.0,SYN-DEMO-004-466,anon-06,Демо-склад
Systeme Electric,DEMO-004,2025-04-12,13.0,SYN-DEMO-004-467,anon-07,Демо-склад
Systeme Electric,DEMO-004,2025-04-13,10.0,SYN-DEMO-004-468,anon-08,Демо-склад
Systeme Electric,DEMO-004,2025-04-14,8.0,SYN-DEMO-004-469,anon-09,Демо-склад
Systeme Electric,DEMO-004,2025-04-15,9.0,SYN-DEMO-004-470,anon-10,Демо-склад
Systeme Electric,DEMO-004,2025-04-16,8.0,SYN-DEMO-004-471,anon-11,Демо-склад
Systeme Electric,DEMO-004,2025-04-17,10.0,SYN-DEMO-004-472,anon-12,Демо-склад
Systeme Electric,DEMO-004,2025-04-18,15.0,SYN-DEMO-004-473,anon-13,Демо-склад
Systeme Electric,DEMO-004,2025-04-19,10.0,SYN-DEMO-004-474,anon-14,Демо-склад
Systeme Electric,DEMO-004,2025-04-20,6.0,SYN-DEMO-004-475,anon-15,Демо-склад
Systeme Electric,DEMO-004,2025-04-21,9.0,SYN-DEMO-004-476,anon-16,Демо-склад
Systeme Electric,DEMO-004,2025-04-22,16.0,SYN-DEMO-004-477,anon-17,Демо-склад
Systeme Electric,DEMO-004,2025-04-23,6.0,SYN-DEMO-004-478,anon-18,Демо-склад
Systeme Electric,DEMO-004,2025-04-24,5.0,SYN-DEMO-004-479,anon-19,Демо-склад
Systeme Electric,DEMO-004,2025-04-25,5.0,SYN-DEMO-004-480,anon-00,Демо-склад
Systeme Electric,DEMO-004,2025-04-26,11.0,SYN-DEMO-004-481,anon-01,Демо-склад
Systeme Electric,DEMO-004,2025-04-27,11.0,SYN-DEMO-004-482,anon-02,Демо-склад
Systeme Electric,DEMO-004,2025-04-28,5.0,SYN-DEMO-004-483,anon-03,Демо-склад
Systeme Electric,DEMO-004,2025-04-29,10.0,SYN-DEMO-004-484,anon-04,Демо-склад
Systeme Electric,DEMO-004,2025-04-30,7.0,SYN-DEMO-004-485,anon-05,Демо-склад
Systeme Electric,DEMO-004,2025-05-01,3.0,SYN-DEMO-004-486,anon-06,Демо-склад
Systeme Electric,DEMO-004,2025-05-02,11.0,SYN-DEMO-004-487,anon-07,Демо-склад
Systeme Electric,DEMO-004,2025-05-03,11.0,SYN-DEMO-004-488,anon-08,Демо-склад
Systeme Electric,DEMO-004,2025-05-04,5.0,SYN-DEMO-004-489,anon-09,Демо-склад
Systeme Electric,DEMO-004,2025-05-05,8.0,SYN-DEMO-004-490,anon-10,Демо-склад
Systeme Electric,DEMO-004,2025-05-06,7.0,SYN-DEMO-004-491,anon-11,Демо-склад
Systeme Electric,DEMO-004,2025-05-07,10.0,SYN-DEMO-004-492,anon-12,Демо-склад
Systeme Electric,DEMO-004,2025-05-08,8.0,SYN-DEMO-004-493,anon-13,Демо-склад
Systeme Electric,DEMO-004,2025-05-09,9.0,SYN-DEMO-004-494,anon-14,Демо-склад
Systeme Electric,DEMO-004,2025-05-10,9.0,SYN-DEMO-004-495,anon-15,Демо-склад
Systeme Electric,DEMO-004,2025-05-11,6.0,SYN-DEMO-004-496,anon-16,Демо-склад
Systeme Electric,DEMO-004,2025-05-12,16.0,SYN-DEMO-004-497,anon-17,Демо-склад
Systeme Electric,DEMO-004,2025-05-13,12.0,SYN-DEMO-004-498,anon-18,Демо-склад
Systeme Electric,DEMO-004,2025-05-14,9.0,SYN-DEMO-004-499,anon-19,Демо-склад
Systeme Electric,DEMO-004,2025-05-15,10.0,SYN-DEMO-004-500,anon-00,Демо-склад
Systeme Electric,DEMO-004,2025-05-16,12.0,SYN-DEMO-004-501,anon-01,Демо-склад
Systeme Electric,DEMO-004,2025-05-17,8.0,SYN-DEMO-004-502,anon-02,Демо-склад
Systeme Electric,DEMO-004,2025-05-18,10.0,SYN-DEMO-004-503,anon-03,Демо-склад
Systeme Electric,DEMO-004,2025-05-19,16.0,SYN-DEMO-004-504,anon-04,Демо-склад
Systeme Electric,DEMO-004,2025-05-20,6.0,SYN-DEMO-004-505,anon-05,Демо-склад
Systeme Electric,DEMO-004,2025-05-21,11.0,SYN-DEMO-004-506,anon-06,Демо-склад
Systeme Electric,DEMO-004,2025-05-22,9.0,SYN-DEMO-004-507,anon-07,Демо-склад
Systeme Electric,DEMO-004,2025-05-23,11.0,SYN-DEMO-004-508,anon-08,Демо-склад
Systeme Electric,DEMO-004,2025-05-24,9.0,SYN-DEMO-004-509,anon-09,Демо-склад
Systeme Electric,DEMO-004,2025-05-25,8.0,SYN-DEMO-004-510,anon-10,Демо-склад
Systeme Electric,DEMO-004,2025-05-26,8.0,SYN-DEMO-004-511,anon-11,Демо-склад
Systeme Electric,DEMO-004,2025-05-27,9.0,SYN-DEMO-004-512,anon-12,Демо-склад
Systeme Electric,DEMO-004,2025-05-28,10.0,SYN-DEMO-004-513,anon-13,Демо-склад
Systeme Electric,DEMO-004,2025-05-29,8.0,SYN-DEMO-004-514,anon-14,Демо-склад
Systeme Electric,DEMO-004,2025-05-30,8.0,SYN-DEMO-004-515,anon-15,Демо-склад
Systeme Electric,DEMO-004,2025-05-31,6.0,SYN-DEMO-004-516,anon-16,Демо-склад
Systeme Electric,DEMO-004,2025-06-01,10.0,SYN-DEMO-004-517,anon-17,Демо-склад
Systeme Electric,DEMO-004,2025-06-02,7.0,SYN-DEMO-004-518,anon-18,Демо-склад
Systeme Electric,DEMO-004,2025-06-03,10.0,SYN-DEMO-004-519,anon-19,Демо-склад
Systeme Electric,DEMO-004,2025-06-04,9.0,SYN-DEMO-004-520,anon-00,Демо-склад
Systeme Electric,DEMO-004,2025-06-05,9.0,SYN-DEMO-004-521,anon-01,Демо-склад
Systeme Electric,DEMO-004,2025-06-06,11.0,SYN-DEMO-004-522,anon-02,Демо-склад
Systeme Electric,DEMO-004,2025-06-07,10.0,SYN-DEMO-004-523,anon-03,Демо-склад
Systeme Electric,DEMO-004,2025-06-08,6.0,SYN-DEMO-004-524,anon-04,Демо-склад
Systeme Electric,DEMO-004,2025-06-09,6.0,SYN-DEMO-004-525,anon-05,Демо-склад
Systeme Electric,DEMO-004,2025-06-10,3.0,SYN-DEMO-004-526,anon-06,Демо-склад
Systeme Electric,DEMO-004,2025-06-11,11.0,SYN-DEMO-004-527,anon-07,Демо-склад
Systeme Electric,DEMO-004,2025-06-12,9.0,SYN-DEMO-004-528,anon-08,Демо-склад
Systeme Electric,DEMO-004,2025-06-13,6.0,SYN-DEMO-004-529,anon-09,Демо-склад
Systeme Electric,DEMO-004,2025-06-14,10.0,SYN-DEMO-004-530,anon-10,Демо-склад
Systeme Electric,DEMO-004,2025-06-15,9.0,SYN-DEMO-004-531,anon-11,Демо-склад
Systeme Electric,DEMO-004,2025-06-16,7.0,SYN-DEMO-004-532,anon-12,Демо-склад
Systeme Electric,DEMO-004,2025-06-17,6.0,SYN-DEMO-004-533,anon-13,Демо-склад
Systeme Electric,DEMO-004,2025-06-18,7.0,SYN-DEMO-004-534,anon-14,Демо-склад
Systeme Electric,DEMO-004,2025-06-19,10.0,SYN-DEMO-004-535,anon-15,Демо-склад
Systeme Electric,DEMO-004,2025-06-20,3.0,SYN-DEMO-004-536,anon-16,Демо-склад
Systeme Electric,DEMO-004,2025-06-21,13.0,SYN-DEMO-004-537,anon-17,Демо-склад
Systeme Electric,DEMO-004,2025-06-22,9.0,SYN-DEMO-004-538,anon-18,Демо-склад
Systeme Electric,DEMO-004,2025-06-23,8.0,SYN-DEMO-004-539,anon-19,Демо-склад
Systeme Electric,DEMO-004,2025-06-24,11.0,SYN-DEMO-004-540,anon-00,Демо-склад
Systeme Electric,DEMO-004,2025-06-25,11.0,SYN-DEMO-004-541,anon-01,Демо-склад
Systeme Electric,DEMO-004,2025-06-26,5.0,SYN-DEMO-004-542,anon-02,Демо-склад
Systeme Electric,DEMO-004,2025-06-27,7.0,SYN-DEMO-004-543,anon-03,Демо-склад
Systeme Electric,DEMO-004,2025-06-28,16.0,SYN-DEMO-004-544,anon-04,Демо-склад
Systeme Electric,DEMO-004,2025-06-29,11.0,SYN-DEMO-004-545,anon-05,Демо-склад
Systeme Electric,DEMO-004,2025-06-30,8.0,SYN-DEMO-004-546,anon-06,Демо-склад
Systeme Electric,DEMO-004,2025-07-01,4.0,SYN-DEMO-004-547,anon-07,Демо-склад
Systeme Electric,DEMO-004,2025-07-02,9.0,SYN-DEMO-004-548,anon-08,Демо-склад
Systeme Electric,DEMO-004,2025-07-03,8.0,SYN-DEMO-004-549,anon-09,Демо-склад
Systeme Electric,DEMO-004,2025-07-04,8.0,SYN-DEMO-004-550,anon-10,Демо-склад
Systeme Electric,DEMO-004,2025-07-05,10.0,SYN-DEMO-004-551,anon-11,Демо-склад
Systeme Electric,DEMO-004,2025-07-06,9.0,SYN-DEMO-004-552,anon-12,Демо-склад
Systeme Electric,DEMO-004,2025-07-07,11.0,SYN-DEMO-004-553,anon-13,Демо-склад
Systeme Electric,DEMO-004,2025-07-08,9.0,SYN-DEMO-004-554,anon-14,Демо-склад
Systeme Electric,DEMO-004,2025-07-09,14.0,SYN-DEMO-004-555,anon-15,Демо-склад
Systeme Electric,DEMO-004,2025-07-10,10.0,SYN-DEMO-004-556,anon-16,Демо-склад
Systeme Electric,DEMO-004,2025-07-11,5.0,SYN-DEMO-004-557,anon-17,Демо-склад
Systeme Electric,DEMO-004,2025-07-12,6.0,SYN-DEMO-004-558,anon-18,Демо-склад
Systeme Electric,DEMO-004,2025-07-13,7.0,SYN-DEMO-004-559,anon-19,Демо-склад
Systeme Electric,DEMO-004,2025-07-14,5.0,SYN-DEMO-004-560,anon-00,Демо-склад
Systeme Electric,DEMO-004,2025-07-15,7.0,SYN-DEMO-004-561,anon-01,Демо-склад
Systeme Electric,DEMO-004,2025-07-16,8.0,SYN-DEMO-004-562,anon-02,Демо-склад
Systeme Electric,DEMO-004,2025-07-17,8.0,SYN-DEMO-004-563,anon-03,Демо-склад
Systeme Electric,DEMO-004,2025-07-18,9.0,SYN-DEMO-004-564,anon-04,Демо-склад
Systeme Electric,DEMO-004,2025-07-19,8.0,SYN-DEMO-004-565,anon-05,Демо-склад
Systeme Electric,DEMO-004,2025-07-20,4.0,SYN-DEMO-004-566,anon-06,Демо-склад
Systeme Electric,DEMO-004,2025-07-21,9.0,SYN-DEMO-004-567,anon-07,Демо-склад
Systeme Electric,DEMO-004,2025-07-22,15.0,SYN-DEMO-004-568,anon-08,Демо-склад
Systeme Electric,DEMO-004,2025-07-23,5.0,SYN-DEMO-004-569,anon-09,Демо-склад
Systeme Electric,DEMO-004,2025-07-24,7.0,SYN-DEMO-004-570,anon-10,Демо-склад
Systeme Electric,DEMO-004,2025-07-25,11.0,SYN-DEMO-004-571,anon-11,Демо-склад
Systeme Electric,DEMO-004,2025-07-26,11.0,SYN-DEMO-004-572,anon-12,Демо-склад
Systeme Electric,DEMO-004,2025-07-27,11.0,SYN-DEMO-004-573,anon-13,Демо-склад
Systeme Electric,DEMO-004,2025-07-28,16.0,SYN-DEMO-004-574,anon-14,Демо-склад
Systeme Electric,DEMO-004,2025-07-29,10.0,SYN-DEMO-004-575,anon-15,Демо-склад
Systeme Electric,DEMO-004,2025-07-30,7.0,SYN-DEMO-004-576,anon-16,Демо-склад
Systeme Electric,DEMO-004,2025-07-31,8.0,SYN-DEMO-004-577,anon-17,Демо-склад
Systeme Electric,DEMO-004,2025-08-01,6.0,SYN-DEMO-004-578,anon-18,Демо-склад
Systeme Electric,DEMO-004,2025-08-02,6.0,SYN-DEMO-004-579,anon-19,Демо-склад
Systeme Electric,DEMO-004,2025-08-03,7.0,SYN-DEMO-004-580,anon-00,Демо-склад
Systeme Electric,DEMO-004,2025-08-04,9.0,SYN-DEMO-004-581,anon-01,Демо-склад
Systeme Electric,DEMO-004,2025-08-05,9.0,SYN-DEMO-004-582,anon-02,Демо-склад
Systeme Electric,DEMO-004,2025-08-06,9.0,SYN-DEMO-004-583,anon-03,Демо-склад
Systeme Electric,DEMO-004,2025-08-07,12.0,SYN-DEMO-004-584,anon-04,Демо-склад
Systeme Electric,DEMO-004,2025-08-08,10.0,SYN-DEMO-004-585,anon-05,Демо-склад
Systeme Electric,DEMO-004,2025-08-09,9.0,SYN-DEMO-004-586,anon-06,Демо-склад
Systeme Electric,DEMO-004,2025-08-10,13.0,SYN-DEMO-004-587,anon-07,Демо-склад
Systeme Electric,DEMO-004,2025-08-11,11.0,SYN-DEMO-004-588,anon-08,Демо-склад
Systeme Electric,DEMO-004,2025-08-12,8.0,SYN-DEMO-004-589,anon-09,Демо-склад
Systeme Electric,DEMO-004,2025-08-13,9.0,SYN-DEMO-004-590,anon-10,Демо-склад
Systeme Electric,DEMO-004,2025-08-14,7.0,SYN-DEMO-004-591,anon-11,Демо-склад
Systeme Electric,DEMO-004,2025-08-15,9.0,SYN-DEMO-004-592,anon-12,Демо-склад
Systeme Electric,DEMO-004,2025-08-16,4.0,SYN-DEMO-004-593,anon-13,Демо-склад
Systeme Electric,DEMO-004,2025-08-17,11.0,SYN-DEMO-004-594,anon-14,Демо-склад
Systeme Electric,DEMO-004,2025-08-18,6.0,SYN-DEMO-004-595,anon-15,Демо-склад
Systeme Electric,DEMO-004,2025-08-19,6.0,SYN-DEMO-004-596,anon-16,Демо-склад
Systeme Electric,DEMO-004,2025-08-20,10.0,SYN-DEMO-004-597,anon-17,Демо-склад
Systeme Electric,DEMO-004,2025-08-21,10.0,SYN-DEMO-004-598,anon-18,Демо-склад
Systeme Electric,DEMO-004,2025-08-22,11.0,SYN-DEMO-004-599,anon-19,Демо-склад
Systeme Electric,DEMO-004,2025-08-23,7.0,SYN-DEMO-004-600,anon-00,Демо-склад
Systeme Electric,DEMO-004,2025-08-24,11.0,SYN-DEMO-004-601,anon-01,Демо-склад
Systeme Electric,DEMO-004,2025-08-25,7.0,SYN-DEMO-004-602,anon-02,Демо-склад
Systeme Electric,DEMO-004,2025-08-26,7.0,SYN-DEMO-004-603,anon-03,Демо-склад
Systeme Electric,DEMO-004,2025-08-27,17.0,SYN-DEMO-004-604,anon-04,Демо-склад
Systeme Electric,DEMO-004,2025-08-28,8.0,SYN-DEMO-004-605,anon-05,Демо-склад
Systeme Electric,DEMO-004,2025-08-29,17.0,SYN-DEMO-004-606,anon-06,Демо-склад
Systeme Electric,DEMO-004,2025-08-30,7.0,SYN-DEMO-004-607,anon-07,Демо-склад
Systeme Electric,DEMO-004,2025-08-31,6.0,SYN-DEMO-004-608,anon-08,Демо-склад
Systeme Electric,DEMO-004,2025-09-01,8.0,SYN-DEMO-004-609,anon-09,Демо-склад
Systeme Electric,DEMO-004,2025-09-02,4.0,SYN-DEMO-004-610,anon-10,Демо-склад
Systeme Electric,DEMO-004,2025-09-03,6.0,SYN-DEMO-004-611,anon-11,Демо-склад
Systeme Electric,DEMO-004,2025-09-04,13.0,SYN-DEMO-004-612,anon-12,Демо-склад
Systeme Electric,DEMO-004,2025-09-05,10.0,SYN-DEMO-004-613,anon-13,Демо-склад
Systeme Electric,DEMO-004,2025-09-06,7.0,SYN-DEMO-004-614,anon-14,Демо-склад
Systeme Electric,DEMO-004,2025-09-07,10.0,SYN-DEMO-004-615,anon-15,Демо-склад
Systeme Electric,DEMO-004,2025-09-08,7.0,SYN-DEMO-004-616,anon-16,Демо-склад
Systeme Electric,DEMO-004,2025-09-09,10.0,SYN-DEMO-004-617,anon-17,Демо-склад
Systeme Electric,DEMO-004,2025-09-10,5.0,SYN-DEMO-004-618,anon-18,Демо-склад
Systeme Electric,DEMO-004,2025-09-11,10.0,SYN-DEMO-004-619,anon-19,Демо-склад
Systeme Electric,DEMO-004,2025-09-12,6.0,SYN-DEMO-004-620,anon-00,Демо-склад
Systeme Electric,DEMO-004,2025-09-13,9.0,SYN-DEMO-004-621,anon-01,Демо-склад
Systeme Electric,DEMO-004,2025-09-14,9.0,SYN-DEMO-004-622,anon-02,Демо-склад
Systeme Electric,DEMO-004,2025-09-15,4.0,SYN-DEMO-004-623,anon-03,Демо-склад
Systeme Electric,DEMO-004,2025-09-16,3.0,SYN-DEMO-004-624,anon-04,Демо-склад
Systeme Electric,DEMO-004,2025-09-17,14.0,SYN-DEMO-004-625,anon-05,Демо-склад
Systeme Electric,DEMO-004,2025-09-18,9.0,SYN-DEMO-004-626,anon-06,Демо-склад
Systeme Electric,DEMO-004,2025-09-19,8.0,SYN-DEMO-004-627,anon-07,Демо-склад
Systeme Electric,DEMO-004,2025-09-20,7.0,SYN-DEMO-004-628,anon-08,Демо-склад
Systeme Electric,DEMO-004,2025-09-21,7.0,SYN-DEMO-004-629,anon-09,Демо-склад
Systeme Electric,DEMO-004,2025-09-22,11.0,SYN-DEMO-004-630,anon-10,Демо-склад
Systeme Electric,DEMO-004,2025-09-23,11.0,SYN-DEMO-004-631,anon-11,Демо-склад
Systeme Electric,DEMO-004,2025-09-24,7.0,SYN-DEMO-004-632,anon-12,Демо-склад
Systeme Electric,DEMO-004,2025-09-25,10.0,SYN-DEMO-004-633,anon-13,Демо-склад
Systeme Electric,DEMO-004,2025-09-26,15.0,SYN-DEMO-004-634,anon-14,Демо-склад
Systeme Electric,DEMO-004,2025-09-27,7.0,SYN-DEMO-004-635,anon-15,Демо-склад
Systeme Electric,DEMO-004,2025-09-28,11.0,SYN-DEMO-004-636,anon-16,Демо-склад
Systeme Electric,DEMO-004,2025-09-29,3.0,SYN-DEMO-004-637,anon-17,Демо-склад
Systeme Electric,DEMO-004,2025-09-30,10.0,SYN-DEMO-004-638,anon-18,Демо-склад
Systeme Electric,DEMO-004,2025-10-01,8.0,SYN-DEMO-004-639,anon-19,Демо-склад
Systeme Electric,DEMO-004,2025-10-02,11.0,SYN-DEMO-004-640,anon-00,Демо-склад
Systeme Electric,DEMO-004,2025-10-03,8.0,SYN-DEMO-004-641,anon-01,Демо-склад
Systeme Electric,DEMO-004,2025-10-04,13.0,SYN-DEMO-004-642,anon-02,Демо-склад
Systeme Electric,DEMO-004,2025-10-05,12.0,SYN-DEMO-004-643,anon-03,Демо-склад
Systeme Electric,DEMO-004,2025-10-06,11.0,SYN-DEMO-004-644,anon-04,Демо-склад
Systeme Electric,DEMO-004,2025-10-07,4.0,SYN-DEMO-004-645,anon-05,Демо-склад
Systeme Electric,DEMO-004,2025-10-08,12.0,SYN-DEMO-004-646,anon-06,Демо-склад
Systeme Electric,DEMO-004,2025-10-09,7.0,SYN-DEMO-004-647,anon-07,Демо-склад
Systeme Electric,DEMO-004,2025-10-10,10.0,SYN-DEMO-004-648,anon-08,Демо-склад
Systeme Electric,DEMO-004,2025-10-11,14.0,SYN-DEMO-004-649,anon-09,Демо-склад
Systeme Electric,DEMO-004,2025-10-12,12.0,SYN-DEMO-004-650,anon-10,Демо-склад
Systeme Electric,DEMO-004,2025-10-13,10.0,SYN-DEMO-004-651,anon-11,Демо-склад
Systeme Electric,DEMO-004,2025-10-14,8.0,SYN-DEMO-004-652,anon-12,Демо-склад
Systeme Electric,DEMO-004,2025-10-15,11.0,SYN-DEMO-004-653,anon-13,Демо-склад
Systeme Electric,DEMO-004,2025-10-16,5.0,SYN-DEMO-004-654,anon-14,Демо-склад
Systeme Electric,DEMO-004,2025-10-17,9.0,SYN-DEMO-004-655,anon-15,Демо-склад
Systeme Electric,DEMO-004,2025-10-18,12.0,SYN-DEMO-004-656,anon-16,Демо-склад
Systeme Electric,DEMO-004,2025-10-19,6.0,SYN-DEMO-004-657,anon-17,Демо-склад
Systeme Electric,DEMO-004,2025-10-20,9.0,SYN-DEMO-004-658,anon-18,Демо-склад
Systeme Electric,DEMO-004,2025-10-21,7.0,SYN-DEMO-004-659,anon-19,Демо-склад
Systeme Electric,DEMO-004,2025-10-22,7.0,SYN-DEMO-004-660,anon-00,Демо-склад
Systeme Electric,DEMO-004,2025-10-23,12.0,SYN-DEMO-004-661,anon-01,Демо-склад
Systeme Electric,DEMO-004,2025-10-24,6.0,SYN-DEMO-004-662,anon-02,Демо-склад
Systeme Electric,DEMO-004,2025-10-25,6.0,SYN-DEMO-004-663,anon-03,Демо-склад
Systeme Electric,DEMO-004,2025-10-26,11.0,SYN-DEMO-004-664,anon-04,Демо-склад
Systeme Electric,DEMO-004,2025-10-27,5.0,SYN-DEMO-004-665,anon-05,Демо-склад
Systeme Electric,DEMO-004,2025-10-28,4.0,SYN-DEMO-004-666,anon-06,Демо-склад
Systeme Electric,DEMO-004,2025-10-29,11.0,SYN-DEMO-004-667,anon-07,Демо-склад
Systeme Electric,DEMO-004,2025-10-30,11.0,SYN-DEMO-004-668,anon-08,Демо-склад
Systeme Electric,DEMO-004,2025-10-31,9.0,SYN-DEMO-004-669,anon-09,Демо-склад
Systeme Electric,DEMO-004,2025-11-01,12.0,SYN-DEMO-004-670,anon-10,Демо-склад
Systeme Electric,DEMO-004,2025-11-02,12.0,SYN-DEMO-004-671,anon-11,Демо-склад
Systeme Electric,DEMO-004,2025-11-03,6.0,SYN-DEMO-004-672,anon-12,Демо-склад
Systeme Electric,DEMO-004,2025-11-04,10.0,SYN-DEMO-004-673,anon-13,Демо-склад
Systeme Electric,DEMO-004,2025-11-05,7.0,SYN-DEMO-004-674,anon-14,Демо-склад
Systeme Electric,DEMO-004,2025-11-06,10.0,SYN-DEMO-004-675,anon-15,Демо-склад
Systeme Electric,DEMO-004,2025-11-07,13.0,SYN-DEMO-004-676,anon-16,Демо-склад
Systeme Electric,DEMO-004,2025-11-08,13.0,SYN-DEMO-004-677,anon-17,Демо-склад
Systeme Electric,DEMO-004,2025-11-09,8.0,SYN-DEMO-004-678,anon-18,Демо-склад
Systeme Electric,DEMO-004,2025-11-10,12.0,SYN-DEMO-004-679,anon-19,Демо-склад
Systeme Electric,DEMO-004,2025-11-11,6.0,SYN-DEMO-004-680,anon-00,Демо-склад
Systeme Electric,DEMO-004,2025-11-12,12.0,SYN-DEMO-004-681,anon-01,Демо-склад
Systeme Electric,DEMO-004,2025-11-13,14.0,SYN-DEMO-004-682,anon-02,Демо-склад
Systeme Electric,DEMO-004,2025-11-14,9.0,SYN-DEMO-004-683,anon-03,Демо-склад
Systeme Electric,DEMO-004,2025-11-15,12.0,SYN-DEMO-004-684,anon-04,Демо-склад
Systeme Electric,DEMO-004,2025-11-16,7.0,SYN-DEMO-004-685,anon-05,Демо-склад
Systeme Electric,DEMO-004,2025-11-17,9.0,SYN-DEMO-004-686,anon-06,Демо-склад
Systeme Electric,DEMO-004,2025-11-18,9.0,SYN-DEMO-004-687,anon-07,Демо-склад
Systeme Electric,DEMO-004,2025-11-19,9.0,SYN-DEMO-004-688,anon-08,Демо-склад
Systeme Electric,DEMO-004,2025-11-20,7.0,SYN-DEMO-004-689,anon-09,Демо-склад
Systeme Electric,DEMO-004,2025-11-21,7.0,SYN-DEMO-004-690,anon-10,Демо-склад
Systeme Electric,DEMO-004,2025-11-22,9.0,SYN-DEMO-004-691,anon-11,Демо-склад
Systeme Electric,DEMO-004,2025-11-23,12.0,SYN-DEMO-004-692,anon-12,Демо-склад
Systeme Electric,DEMO-004,2025-11-24,2.0,SYN-DEMO-004-693,anon-13,Демо-склад
Systeme Electric,DEMO-004,2025-11-25,11.0,SYN-DEMO-004-694,anon-14,Демо-склад
Systeme Electric,DEMO-004,2025-11-26,15.0,SYN-DEMO-004-695,anon-15,Демо-склад
Systeme Electric,DEMO-004,2025-11-27,10.0,SYN-DEMO-004-696,anon-16,Демо-склад
Systeme Electric,DEMO-004,2025-11-28,9.0,SYN-DEMO-004-697,anon-17,Демо-склад
Systeme Electric,DEMO-004,2025-11-29,11.0,SYN-DEMO-004-698,anon-18,Демо-склад
Systeme Electric,DEMO-004,2025-11-30,6.0,SYN-DEMO-004-699,anon-19,Демо-склад
Systeme Electric,DEMO-004,2025-12-01,9.0,SYN-DEMO-004-700,anon-00,Демо-склад
Systeme Electric,DEMO-004,2025-12-02,10.0,SYN-DEMO-004-701,anon-01,Демо-склад
Systeme Electric,DEMO-004,2025-12-03,5.0,SYN-DEMO-004-702,anon-02,Демо-склад
Systeme Electric,DEMO-004,2025-12-04,6.0,SYN-DEMO-004-703,anon-03,Демо-склад
Systeme Electric,DEMO-004,2025-12-05,7.0,SYN-DEMO-004-704,anon-04,Демо-склад
Systeme Electric,DEMO-004,2025-12-06,7.0,SYN-DEMO-004-705,anon-05,Демо-склад
Systeme Electric,DEMO-004,2025-12-07,7.0,SYN-DEMO-004-706,anon-06,Демо-склад
Systeme Electric,DEMO-004,2025-12-08,7.0,SYN-DEMO-004-707,anon-07,Демо-склад
Systeme Electric,DEMO-004,2025-12-09,12.0,SYN-DEMO-004-708,anon-08,Демо-склад
Systeme Electric,DEMO-004,2025-12-10,4.0,SYN-DEMO-004-709,anon-09,Демо-склад
Systeme Electric,DEMO-004,2025-12-11,9.0,SYN-DEMO-004-710,anon-10,Демо-склад
Systeme Electric,DEMO-004,2025-12-12,10.0,SYN-DEMO-004-711,anon-11,Демо-склад
Systeme Electric,DEMO-004,2025-12-13,13.0,SYN-DEMO-004-712,anon-12,Демо-склад
Systeme Electric,DEMO-004,2025-12-14,9.0,SYN-DEMO-004-713,anon-13,Демо-склад
Systeme Electric,DEMO-004,2025-12-15,11.0,SYN-DEMO-004-714,anon-14,Демо-склад
Systeme Electric,DEMO-004,2025-12-16,9.0,SYN-DEMO-004-715,anon-15,Демо-склад
Systeme Electric,DEMO-004,2025-12-17,8.0,SYN-DEMO-004-716,anon-16,Демо-склад
Systeme Electric,DEMO-004,2025-12-18,13.0,SYN-DEMO-004-717,anon-17,Демо-склад
Systeme Electric,DEMO-004,2025-12-19,6.0,SYN-DEMO-004-718,anon-18,Демо-склад
Systeme Electric,DEMO-004,2025-12-20,9.0,SYN-DEMO-004-719,anon-19,Демо-склад
Systeme Electric,DEMO-004,2025-12-21,9.0,SYN-DEMO-004-720,anon-00,Демо-склад
Systeme Electric,DEMO-004,2025-12-22,11.0,SYN-DEMO-004-721,anon-01,Демо-склад
Systeme Electric,DEMO-004,2025-12-23,12.0,SYN-DEMO-004-722,anon-02,Демо-склад
Systeme Electric,DEMO-004,2025-12-24,8.0,SYN-DEMO-004-723,anon-03,Демо-склад
Systeme Electric,DEMO-004,2025-12-25,12.0,SYN-DEMO-004-724,anon-04,Демо-склад
Systeme Electric,DEMO-004,2025-12-26,5.0,SYN-DEMO-004-725,anon-05,Демо-склад
Systeme Electric,DEMO-004,2025-12-27,10.0,SYN-DEMO-004-726,anon-06,Демо-склад
Systeme Electric,DEMO-004,2025-12-28,10.0,SYN-DEMO-004-727,anon-07,Демо-склад
Systeme Electric,DEMO-004,2025-12-29,5.0,SYN-DEMO-004-728,anon-08,Демо-склад
Systeme Electric,DEMO-004,2025-12-30,8.0,SYN-DEMO-004-729,anon-09,Демо-склад
Systeme Electric,DEMO-004,2025-12-31,5.0,SYN-DEMO-004-730,anon-10,Демо-склад
Systeme Electric,DEMO-004,2026-01-01,8.0,SYN-DEMO-004-731,anon-11,Демо-склад
Systeme Electric,DEMO-004,2026-01-02,6.0,SYN-DEMO-004-732,anon-12,Демо-склад
Systeme Electric,DEMO-004,2026-01-03,15.0,SYN-DEMO-004-733,anon-13,Демо-склад
Systeme Electric,DEMO-004,2026-01-04,7.0,SYN-DEMO-004-734,anon-14,Демо-склад
Systeme Electric,DEMO-004,2026-01-05,6.0,SYN-DEMO-004-735,anon-15,Демо-склад
Systeme Electric,DEMO-004,2026-01-06,9.0,SYN-DEMO-004-736,anon-16,Демо-склад
Systeme Electric,DEMO-004,2026-01-07,4.0,SYN-DEMO-004-737,anon-17,Демо-склад
Systeme Electric,DEMO-004,2026-01-08,2.0,SYN-DEMO-004-738,anon-18,Демо-склад
Systeme Electric,DEMO-004,2026-01-09,11.0,SYN-DEMO-004-739,anon-19,Демо-склад
Systeme Electric,DEMO-004,2026-01-10,4.0,SYN-DEMO-004-740,anon-00,Демо-склад
Systeme Electric,DEMO-004,2026-01-11,16.0,SYN-DEMO-004-741,anon-01,Демо-склад
Systeme Electric,DEMO-004,2026-01-12,8.0,SYN-DEMO-004-742,anon-02,Демо-склад
Systeme Electric,DEMO-004,2026-01-13,7.0,SYN-DEMO-004-743,anon-03,Демо-склад
Systeme Electric,DEMO-004,2026-01-14,10.0,SYN-DEMO-004-744,anon-04,Демо-склад
Systeme Electric,DEMO-004,2026-01-15,7.0,SYN-DEMO-004-745,anon-05,Демо-склад
Systeme Electric,DEMO-004,2026-01-16,6.0,SYN-DEMO-004-746,anon-06,Демо-склад
Systeme Electric,DEMO-004,2026-01-17,6.0,SYN-DEMO-004-747,anon-07,Демо-склад
Systeme Electric,DEMO-004,2026-01-18,9.0,SYN-DEMO-004-748,anon-08,Демо-склад
Systeme Electric,DEMO-004,2026-01-19,6.0,SYN-DEMO-004-749,anon-09,Демо-склад
Systeme Electric,DEMO-004,2026-01-20,9.0,SYN-DEMO-004-750,anon-10,Демо-склад
Systeme Electric,DEMO-004,2026-01-21,10.0,SYN-DEMO-004-751,anon-11,Демо-склад
Systeme Electric,DEMO-004,2026-01-22,10.0,SYN-DEMO-004-752,anon-12,Демо-склад
Systeme Electric,DEMO-004,2026-01-23,9.0,SYN-DEMO-004-753,anon-13,Демо-склад
Systeme Electric,DEMO-004,2026-01-24,8.0,SYN-DEMO-004-754,anon-14,Демо-склад
Systeme Electric,DEMO-004,2026-01-25,10.0,SYN-DEMO-004-755,anon-15,Демо-склад
Systeme Electric,DEMO-004,2026-01-26,6.0,SYN-DEMO-004-756,anon-16,Демо-склад
Systeme Electric,DEMO-004,2026-01-27,13.0,SYN-DEMO-004-757,anon-17,Демо-склад
Systeme Electric,DEMO-004,2026-01-28,10.0,SYN-DEMO-004-758,anon-18,Демо-склад
Systeme Electric,DEMO-004,2026-01-29,7.0,SYN-DEMO-004-759,anon-19,Демо-склад
Systeme Electric,DEMO-004,2026-01-30,4.0,SYN-DEMO-004-760,anon-00,Демо-склад
Systeme Electric,DEMO-004,2026-01-31,9.0,SYN-DEMO-004-761,anon-01,Демо-склад
Systeme Electric,DEMO-004,2026-02-01,8.0,SYN-DEMO-004-762,anon-02,Демо-склад
Systeme Electric,DEMO-004,2026-02-02,9.0,SYN-DEMO-004-763,anon-03,Демо-склад
Systeme Electric,DEMO-004,2026-02-03,8.0,SYN-DEMO-004-764,anon-04,Демо-склад
Systeme Electric,DEMO-004,2026-02-04,7.0,SYN-DEMO-004-765,anon-05,Демо-склад
Systeme Electric,DEMO-004,2026-02-05,7.0,SYN-DEMO-004-766,anon-06,Демо-склад
Systeme Electric,DEMO-004,2026-02-06,8.0,SYN-DEMO-004-767,anon-07,Демо-склад
Systeme Electric,DEMO-004,2026-02-07,18.0,SYN-DEMO-004-768,anon-08,Демо-склад
Systeme Electric,DEMO-004,2026-02-08,9.0,SYN-DEMO-004-769,anon-09,Демо-склад
Systeme Electric,DEMO-004,2026-02-09,8.0,SYN-DEMO-004-770,anon-10,Демо-склад
Systeme Electric,DEMO-004,2026-02-10,6.0,SYN-DEMO-004-771,anon-11,Демо-склад
Systeme Electric,DEMO-004,2026-02-11,14.0,SYN-DEMO-004-772,anon-12,Демо-склад
Systeme Electric,DEMO-004,2026-02-12,8.0,SYN-DEMO-004-773,anon-13,Демо-склад
Systeme Electric,DEMO-004,2026-02-13,11.0,SYN-DEMO-004-774,anon-14,Демо-склад
Systeme Electric,DEMO-004,2026-02-14,10.0,SYN-DEMO-004-775,anon-15,Демо-склад
Systeme Electric,DEMO-004,2026-02-15,9.0,SYN-DEMO-004-776,anon-16,Демо-склад
Systeme Electric,DEMO-004,2026-02-16,9.0,SYN-DEMO-004-777,anon-17,Демо-склад
Systeme Electric,DEMO-004,2026-02-17,11.0,SYN-DEMO-004-778,anon-18,Демо-склад
Systeme Electric,DEMO-004,2026-02-18,13.0,SYN-DEMO-004-779,anon-19,Демо-склад
Systeme Electric,DEMO-004,2026-02-19,11.0,SYN-DEMO-004-780,anon-00,Демо-склад
Systeme Electric,DEMO-004,2026-02-20,7.0,SYN-DEMO-004-781,anon-01,Демо-склад
Systeme Electric,DEMO-004,2026-02-21,9.0,SYN-DEMO-004-782,anon-02,Демо-склад
Systeme Electric,DEMO-004,2026-02-22,8.0,SYN-DEMO-004-783,anon-03,Демо-склад
Systeme Electric,DEMO-004,2026-02-23,14.0,SYN-DEMO-004-784,anon-04,Демо-склад
Systeme Electric,DEMO-004,2026-02-24,12.0,SYN-DEMO-004-785,anon-05,Демо-склад
Systeme Electric,DEMO-004,2026-02-25,9.0,SYN-DEMO-004-786,anon-06,Демо-склад
Systeme Electric,DEMO-004,2026-02-26,10.0,SYN-DEMO-004-787,anon-07,Демо-склад
Systeme Electric,DEMO-004,2026-02-27,8.0,SYN-DEMO-004-788,anon-08,Демо-склад
Systeme Electric,DEMO-004,2026-02-28,7.0,SYN-DEMO-004-789,anon-09,Демо-склад
Systeme Electric,DEMO-004,2026-03-01,10.0,SYN-DEMO-004-790,anon-10,Демо-склад
Systeme Electric,DEMO-004,2026-03-02,7.0,SYN-DEMO-004-791,anon-11,Демо-склад
Systeme Electric,DEMO-004,2026-03-03,10.0,SYN-DEMO-004-792,anon-12,Демо-склад
Systeme Electric,DEMO-004,2026-03-04,10.0,SYN-DEMO-004-793,anon-13,Демо-склад
Systeme Electric,DEMO-004,2026-03-05,14.0,SYN-DEMO-004-794,anon-14,Демо-склад
Systeme Electric,DEMO-004,2026-03-06,13.0,SYN-DEMO-004-795,anon-15,Демо-склад
Systeme Electric,DEMO-004,2026-03-07,7.0,SYN-DEMO-004-796,anon-16,Демо-склад
Systeme Electric,DEMO-004,2026-03-08,12.0,SYN-DEMO-004-797,anon-17,Демо-склад
Systeme Electric,DEMO-004,2026-03-09,14.0,SYN-DEMO-004-798,anon-18,Демо-склад
Systeme Electric,DEMO-004,2026-03-10,15.0,SYN-DEMO-004-799,anon-19,Демо-склад
Systeme Electric,DEMO-004,2026-03-11,4.0,SYN-DEMO-004-800,anon-00,Демо-склад
Systeme Electric,DEMO-004,2026-03-12,8.0,SYN-DEMO-004-801,anon-01,Демо-склад
Systeme Electric,DEMO-004,2026-03-13,12.0,SYN-DEMO-004-802,anon-02,Демо-склад
Systeme Electric,DEMO-004,2026-03-14,13.0,SYN-DEMO-004-803,anon-03,Демо-склад
Systeme Electric,DEMO-004,2026-03-15,7.0,SYN-DEMO-004-804,anon-04,Демо-склад
Systeme Electric,DEMO-004,2026-03-16,10.0,SYN-DEMO-004-805,anon-05,Демо-склад
Systeme Electric,DEMO-004,2026-03-17,7.0,SYN-DEMO-004-806,anon-06,Демо-склад
Systeme Electric,DEMO-004,2026-03-18,6.0,SYN-DEMO-004-807,anon-07,Демо-склад
Systeme Electric,DEMO-004,2026-03-19,14.0,SYN-DEMO-004-808,anon-08,Демо-склад
Systeme Electric,DEMO-004,2026-03-20,14.0,SYN-DEMO-004-809,anon-09,Демо-склад
Systeme Electric,DEMO-004,2026-03-21,8.0,SYN-DEMO-004-810,anon-10,Демо-склад
Systeme Electric,DEMO-004,2026-03-22,9.0,SYN-DEMO-004-811,anon-11,Демо-склад
Systeme Electric,DEMO-004,2026-03-23,6.0,SYN-DEMO-004-812,anon-12,Демо-склад
Systeme Electric,DEMO-004,2026-03-24,11.0,SYN-DEMO-004-813,anon-13,Демо-склад
Systeme Electric,DEMO-004,2026-03-25,5.0,SYN-DEMO-004-814,anon-14,Демо-склад
Systeme Electric,DEMO-004,2026-03-26,14.0,SYN-DEMO-004-815,anon-15,Демо-склад
Systeme Electric,DEMO-004,2026-03-27,8.0,SYN-DEMO-004-816,anon-16,Демо-склад
Systeme Electric,DEMO-004,2026-03-28,15.0,SYN-DEMO-004-817,anon-17,Демо-склад
Systeme Electric,DEMO-004,2026-03-29,9.0,SYN-DEMO-004-818,anon-18,Демо-склад
Systeme Electric,DEMO-004,2026-03-30,9.0,SYN-DEMO-004-819,anon-19,Демо-склад
Systeme Electric,DEMO-004,2026-03-31,5.0,SYN-DEMO-004-820,anon-00,Демо-склад
Systeme Electric,DEMO-004,2026-04-01,4.0,SYN-DEMO-004-821,anon-01,Демо-склад
Systeme Electric,DEMO-004,2026-04-02,5.0,SYN-DEMO-004-822,anon-02,Демо-склад
Systeme Electric,DEMO-004,2026-04-03,10.0,SYN-DEMO-004-823,anon-03,Демо-склад
Systeme Electric,DEMO-004,2026-04-04,4.0,SYN-DEMO-004-824,anon-04,Демо-склад
Systeme Electric,DEMO-004,2026-04-05,10.0,SYN-DEMO-004-825,anon-05,Демо-склад
Systeme Electric,DEMO-004,2026-04-06,9.0,SYN-DEMO-004-826,anon-06,Демо-склад
Systeme Electric,DEMO-004,2026-04-07,8.0,SYN-DEMO-004-827,anon-07,Демо-склад
Systeme Electric,DEMO-004,2026-04-08,11.0,SYN-DEMO-004-828,anon-08,Демо-склад
Systeme Electric,DEMO-004,2026-04-09,8.0,SYN-DEMO-004-829,anon-09,Демо-склад
Systeme Electric,DEMO-004,2026-04-10,8.0,SYN-DEMO-004-830,anon-10,Демо-склад
Systeme Electric,DEMO-004,2026-04-11,12.0,SYN-DEMO-004-831,anon-11,Демо-склад
Systeme Electric,DEMO-004,2026-04-12,9.0,SYN-DEMO-004-832,anon-12,Демо-склад
Systeme Electric,DEMO-004,2026-04-13,4.0,SYN-DEMO-004-833,anon-13,Демо-склад
Systeme Electric,DEMO-004,2026-04-14,8.0,SYN-DEMO-004-834,anon-14,Демо-склад
Systeme Electric,DEMO-004,2026-04-15,8.0,SYN-DEMO-004-835,anon-15,Демо-склад
Systeme Electric,DEMO-004,2026-04-16,12.0,SYN-DEMO-004-836,anon-16,Демо-склад
Systeme Electric,DEMO-004,2026-04-17,7.0,SYN-DEMO-004-837,anon-17,Демо-склад
Systeme Electric,DEMO-004,2026-04-18,3.0,SYN-DEMO-004-838,anon-18,Демо-склад
Systeme Electric,DEMO-004,2026-04-19,8.0,SYN-DEMO-004-839,anon-19,Демо-склад
Systeme Electric,DEMO-004,2026-04-20,8.0,SYN-DEMO-004-840,anon-00,Демо-склад
Systeme Electric,DEMO-004,2026-04-21,9.0,SYN-DEMO-004-841,anon-01,Демо-склад
Systeme Electric,DEMO-004,2026-04-22,11.0,SYN-DEMO-004-842,anon-02,Демо-склад
Systeme Electric,DEMO-004,2026-04-23,6.0,SYN-DEMO-004-843,anon-03,Демо-склад
Systeme Electric,DEMO-004,2026-04-24,7.0,SYN-DEMO-004-844,anon-04,Демо-склад
Systeme Electric,DEMO-004,2026-04-25,8.0,SYN-DEMO-004-845,anon-05,Демо-склад
Systeme Electric,DEMO-004,2026-04-26,14.0,SYN-DEMO-004-846,anon-06,Демо-склад
Systeme Electric,DEMO-004,2026-04-27,6.0,SYN-DEMO-004-847,anon-07,Демо-склад
Systeme Electric,DEMO-004,2026-04-28,11.0,SYN-DEMO-004-848,anon-08,Демо-склад
Systeme Electric,DEMO-004,2026-04-29,9.0,SYN-DEMO-004-849,anon-09,Демо-склад
Systeme Electric,DEMO-004,2026-04-30,13.0,SYN-DEMO-004-850,anon-10,Демо-склад
Systeme Electric,DEMO-004,2026-05-01,10.0,SYN-DEMO-004-851,anon-11,Демо-склад
Systeme Electric,DEMO-004,2026-05-02,11.0,SYN-DEMO-004-852,anon-12,Демо-склад
Systeme Electric,DEMO-004,2026-05-03,15.0,SYN-DEMO-004-853,anon-13,Демо-склад
Systeme Electric,DEMO-004,2026-05-04,6.0,SYN-DEMO-004-854,anon-14,Демо-склад
Systeme Electric,DEMO-004,2026-05-05,7.0,SYN-DEMO-004-855,anon-15,Демо-склад
Systeme Electric,DEMO-004,2026-05-06,13.0,SYN-DEMO-004-856,anon-16,Демо-склад
Systeme Electric,DEMO-004,2026-05-07,12.0,SYN-DEMO-004-857,anon-17,Демо-склад
Systeme Electric,DEMO-004,2026-05-08,7.0,SYN-DEMO-004-858,anon-18,Демо-склад
Systeme Electric,DEMO-004,2026-05-09,11.0,SYN-DEMO-004-859,anon-19,Демо-склад
Systeme Electric,DEMO-004,2026-05-10,5.0,SYN-DEMO-004-860,anon-00,Демо-склад
Systeme Electric,DEMO-004,2026-05-11,4.0,SYN-DEMO-004-861,anon-01,Демо-склад
Systeme Electric,DEMO-004,2026-05-12,4.0,SYN-DEMO-004-862,anon-02,Демо-склад
Systeme Electric,DEMO-004,2026-05-13,10.0,SYN-DEMO-004-863,anon-03,Демо-склад
Systeme Electric,DEMO-004,2026-05-14,8.0,SYN-DEMO-004-864,anon-04,Демо-склад
Systeme Electric,DEMO-004,2026-05-15,7.0,SYN-DEMO-004-865,anon-05,Демо-склад
Systeme Electric,DEMO-004,2026-05-16,7.0,SYN-DEMO-004-866,anon-06,Демо-склад
Systeme Electric,DEMO-004,2026-05-17,11.0,SYN-DEMO-004-867,anon-07,Демо-склад
Systeme Electric,DEMO-004,2026-05-18,10.0,SYN-DEMO-004-868,anon-08,Демо-склад
Systeme Electric,DEMO-004,2026-05-19,10.0,SYN-DEMO-004-869,anon-09,Демо-склад
Systeme Electric,DEMO-004,2026-05-20,9.0,SYN-DEMO-004-870,anon-10,Демо-склад
Systeme Electric,DEMO-004,2026-05-21,7.0,SYN-DEMO-004-871,anon-11,Демо-склад
Systeme Electric,DEMO-004,2026-05-22,9.0,SYN-DEMO-004-872,anon-12,Демо-склад
Systeme Electric,DEMO-004,2026-05-23,10.0,SYN-DEMO-004-873,anon-13,Демо-склад
Systeme Electric,DEMO-004,2026-05-24,10.0,SYN-DEMO-004-874,anon-14,Демо-склад
Systeme Electric,DEMO-004,2026-05-25,12.0,SYN-DEMO-004-875,anon-15,Демо-склад
Systeme Electric,DEMO-004,2026-05-26,7.0,SYN-DEMO-004-876,anon-16,Демо-склад
Systeme Electric,DEMO-004,2026-05-27,8.0,SYN-DEMO-004-877,anon-17,Демо-склад
Systeme Electric,DEMO-004,2026-05-28,7.0,SYN-DEMO-004-878,anon-18,Демо-склад
Systeme Electric,DEMO-004,2026-05-29,5.0,SYN-DEMO-004-879,anon-19,Демо-склад
Systeme Electric,DEMO-004,2026-05-30,11.0,SYN-DEMO-004-880,anon-00,Демо-склад
Systeme Electric,DEMO-004,2026-05-31,4.0,SYN-DEMO-004-881,anon-01,Демо-склад
Systeme Electric,DEMO-004,2026-06-01,7.0,SYN-DEMO-004-882,anon-02,Демо-склад
Systeme Electric,DEMO-004,2026-06-02,13.0,SYN-DEMO-004-883,anon-03,Демо-склад
Systeme Electric,DEMO-004,2026-06-03,6.0,SYN-DEMO-004-884,anon-04,Демо-склад
Systeme Electric,DEMO-004,2026-06-04,12.0,SYN-DEMO-004-885,anon-05,Демо-склад
Systeme Electric,DEMO-004,2026-06-05,14.0,SYN-DEMO-004-886,anon-06,Демо-склад
Systeme Electric,DEMO-004,2026-06-06,7.0,SYN-DEMO-004-887,anon-07,Демо-склад
Systeme Electric,DEMO-004,2026-06-07,13.0,SYN-DEMO-004-888,anon-08,Демо-склад
Systeme Electric,DEMO-004,2026-06-08,9.0,SYN-DEMO-004-889,anon-09,Демо-склад
Systeme Electric,DEMO-004,2026-06-09,4.0,SYN-DEMO-004-890,anon-10,Демо-склад
Systeme Electric,DEMO-004,2026-06-10,4.0,SYN-DEMO-004-891,anon-11,Демо-склад
Systeme Electric,DEMO-004,2026-06-11,11.0,SYN-DEMO-004-892,anon-12,Демо-склад
Systeme Electric,DEMO-004,2026-06-12,14.0,SYN-DEMO-004-893,anon-13,Демо-склад
Systeme Electric,DEMO-004,2026-06-13,4.0,SYN-DEMO-004-894,anon-14,Демо-склад
Systeme Electric,DEMO-004,2026-06-14,8.0,SYN-DEMO-004-895,anon-15,Демо-склад
Systeme Electric,DEMO-004,2026-06-15,9.0,SYN-DEMO-004-896,anon-16,Демо-склад
Systeme Electric,DEMO-004,2026-06-16,12.0,SYN-DEMO-004-897,anon-17,Демо-склад
Systeme Electric,DEMO-004,2026-06-17,11.0,SYN-DEMO-004-898,anon-18,Демо-склад
Systeme Electric,DEMO-004,2026-06-18,6.0,SYN-DEMO-004-899,anon-19,Демо-склад
Systeme Electric,DEMO-004,2026-06-19,10.0,SYN-DEMO-004-900,anon-00,Демо-склад
Systeme Electric,DEMO-004,2026-06-20,7.0,SYN-DEMO-004-901,anon-01,Демо-склад
Systeme Electric,DEMO-004,2026-06-21,2.0,SYN-DEMO-004-902,anon-02,Демо-склад
Systeme Electric,DEMO-004,2026-06-22,8.0,SYN-DEMO-004-903,anon-03,Демо-склад
Systeme Electric,DEMO-004,2026-06-23,10.0,SYN-DEMO-004-904,anon-04,Демо-склад
Systeme Electric,DEMO-004,2026-06-24,8.0,SYN-DEMO-004-905,anon-05,Демо-склад
Systeme Electric,DEMO-004,2026-06-25,9.0,SYN-DEMO-004-906,anon-06,Демо-склад
Systeme Electric,DEMO-004,2026-06-26,5.0,SYN-DEMO-004-907,anon-07,Демо-склад
Systeme Electric,DEMO-004,2026-06-27,14.0,SYN-DEMO-004-908,anon-08,Демо-склад
Systeme Electric,DEMO-004,2026-06-28,10.0,SYN-DEMO-004-909,anon-09,Демо-склад
Systeme Electric,DEMO-004,2026-06-29,14.0,SYN-DEMO-004-910,anon-10,Демо-склад
Systeme Electric,DEMO-004,2026-06-30,6.0,SYN-DEMO-004-911,anon-11,Демо-склад
Systeme Electric,DEMO-004,2026-07-01,8.0,SYN-DEMO-004-912,anon-12,Демо-склад
Systeme Electric,DEMO-004,2026-07-02,9.0,SYN-DEMO-004-913,anon-13,Демо-склад
Systeme Electric,DEMO-004,2026-07-03,4.0,SYN-DEMO-004-914,anon-14,Демо-склад
Systeme Electric,DEMO-004,2026-07-04,8.0,SYN-DEMO-004-915,anon-15,Демо-склад
Systeme Electric,DEMO-004,2026-07-05,5.0,SYN-DEMO-004-916,anon-16,Демо-склад
Systeme Electric,DEMO-004,2026-07-06,7.0,SYN-DEMO-004-917,anon-17,Демо-склад
Systeme Electric,DEMO-004,2026-07-07,9.0,SYN-DEMO-004-918,anon-18,Демо-склад
Systeme Electric,DEMO-004,2026-07-08,14.0,SYN-DEMO-004-919,anon-19,Демо-склад
Systeme Electric,DEMO-004,2026-07-09,10.0,SYN-DEMO-004-920,anon-00,Демо-склад
Systeme Electric,DEMO-004,2026-07-10,12.0,SYN-DEMO-004-921,anon-01,Демо-склад
Systeme Electric,DEMO-004,2026-07-11,9.0,SYN-DEMO-004-922,anon-02,Демо-склад
Systeme Electric,DEMO-004,2026-07-12,17.0,SYN-DEMO-004-923,anon-03,Демо-склад
Systeme Electric,DEMO-004,2026-07-13,5.0,SYN-DEMO-004-924,anon-04,Демо-склад
Systeme Electric,DEMO-004,2026-07-14,14.0,SYN-DEMO-004-925,anon-05,Демо-склад
Systeme Electric,DEMO-004,2026-07-15,7.0,SYN-DEMO-004-926,anon-06,Демо-склад
Systeme Electric,DEMO-004,2026-07-16,13.0,SYN-DEMO-004-927,anon-07,Демо-склад
Systeme Electric,DEMO-004,2026-07-17,5.0,SYN-DEMO-004-928,anon-08,Демо-склад
Systeme Electric,DEMO-004,2026-07-18,5.0,SYN-DEMO-004-929,anon-09,Демо-склад
Systeme Electric,DEMO-004,2026-07-19,11.0,SYN-DEMO-004-930,anon-10,Демо-склад
Systeme Electric,DEMO-004,2026-07-20,3.0,SYN-DEMO-004-931,anon-11,Демо-склад
Systeme Electric,DEMO-004,2026-07-21,4.0,SYN-DEMO-004-932,anon-12,Демо-склад
Systeme Electric,DEMO-004,2026-07-22,11.0,SYN-DEMO-004-933,anon-13,Демо-склад
Systeme Electric,DEMO-004,2026-07-23,4.0,SYN-DEMO-004-934,anon-14,Демо-склад
Systeme Electric,DEMO-004,2026-07-24,12.0,SYN-DEMO-004-935,anon-15,Демо-склад
Systeme Electric,DEMO-004,2026-07-25,9.0,SYN-DEMO-004-936,anon-16,Демо-склад
Systeme Electric,DEMO-004,2026-07-26,8.0,SYN-DEMO-004-937,anon-17,Демо-склад
Systeme Electric,DEMO-004,2026-07-27,4.0,SYN-DEMO-004-938,anon-18,Демо-склад
Systeme Electric,DEMO-004,2026-07-28,16.0,SYN-DEMO-004-939,anon-19,Демо-склад
Systeme Electric,DEMO-004,2026-07-29,7.0,SYN-DEMO-004-940,anon-00,Демо-склад
Systeme Electric,DEMO-004,2026-07-30,8.0,SYN-DEMO-004-941,anon-01,Демо-склад
Systeme Electric,DEMO-004,2026-07-31,15.0,SYN-DEMO-004-942,anon-02,Демо-склад
Systeme Electric,DEMO-004,2026-08-01,9.0,SYN-DEMO-004-943,anon-03,Демо-склад
Systeme Electric,DEMO-004,2026-08-02,8.0,SYN-DEMO-004-944,anon-04,Демо-склад
Systeme Electric,DEMO-004,2026-08-03,14.0,SYN-DEMO-004-945,anon-05,Демо-склад
Systeme Electric,DEMO-004,2026-08-04,15.0,SYN-DEMO-004-946,anon-06,Демо-склад
Systeme Electric,DEMO-004,2026-08-05,9.0,SYN-DEMO-004-947,anon-07,Демо-склад
Systeme Electric,DEMO-004,2026-08-06,9.0,SYN-DEMO-004-948,anon-08,Демо-склад
Systeme Electric,DEMO-004,2026-08-07,9.0,SYN-DEMO-004-949,anon-09,Демо-склад
Systeme Electric,DEMO-004,2026-08-08,9.0,SYN-DEMO-004-950,anon-10,Демо-склад
Systeme Electric,DEMO-004,2026-08-09,10.0,SYN-DEMO-004-951,anon-11,Демо-склад
Systeme Electric,DEMO-004,2026-08-10,14.0,SYN-DEMO-004-952,anon-12,Демо-склад
Systeme Electric,DEMO-004,2026-08-11,13.0,SYN-DEMO-004-953,anon-13,Демо-склад
Systeme Electric,DEMO-004,2026-08-12,5.0,SYN-DEMO-004-954,anon-14,Демо-склад
Systeme Electric,DEMO-004,2026-08-13,8.0,SYN-DEMO-004-955,anon-15,Демо-склад
Systeme Electric,DEMO-004,2026-08-14,12.0,SYN-DEMO-004-956,anon-16,Демо-склад
Systeme Electric,DEMO-004,2026-08-15,10.0,SYN-DEMO-004-957,anon-17,Демо-склад
Systeme Electric,DEMO-004,2026-08-16,6.0,SYN-DEMO-004-958,anon-18,Демо-склад
Systeme Electric,DEMO-004,2026-08-17,5.0,SYN-DEMO-004-959,anon-19,Демо-склад
Systeme Electric,DEMO-004,2026-08-18,13.0,SYN-DEMO-004-960,anon-00,Демо-склад
Systeme Electric,DEMO-004,2026-08-19,6.0,SYN-DEMO-004-961,anon-01,Демо-склад
Systeme Electric,DEMO-004,2026-08-20,6.0,SYN-DEMO-004-962,anon-02,Демо-склад
Systeme Electric,DEMO-004,2026-08-21,13.0,SYN-DEMO-004-963,anon-03,Демо-склад
Systeme Electric,DEMO-004,2026-08-22,10.0,SYN-DEMO-004-964,anon-04,Демо-склад
Systeme Electric,DEMO-004,2026-08-23,8.0,SYN-DEMO-004-965,anon-05,Демо-склад
Systeme Electric,DEMO-004,2026-08-24,13.0,SYN-DEMO-004-966,anon-06,Демо-склад
Systeme Electric,DEMO-004,2026-08-25,5.0,SYN-DEMO-004-967,anon-07,Демо-склад
Systeme Electric,DEMO-004,2026-08-26,5.0,SYN-DEMO-004-968,anon-08,Демо-склад
Systeme Electric,DEMO-004,2026-08-27,9.0,SYN-DEMO-004-969,anon-09,Демо-склад
Systeme Electric,DEMO-004,2026-08-28,8.0,SYN-DEMO-004-970,anon-10,Демо-склад
Systeme Electric,DEMO-004,2026-08-29,9.0,SYN-DEMO-004-971,anon-11,Демо-склад
Systeme Electric,DEMO-004,2026-08-30,7.0,SYN-DEMO-004-972,anon-12,Демо-склад
Systeme Electric,DEMO-004,2026-08-31,9.0,SYN-DEMO-004-973,anon-13,Демо-склад
Systeme Electric,DEMO-004,2026-09-01,6.0,SYN-DEMO-004-974,anon-14,Демо-склад
Systeme Electric,DEMO-004,2026-09-02,8.0,SYN-DEMO-004-975,anon-15,Демо-склад
Systeme Electric,DEMO-004,2026-09-03,10.0,SYN-DEMO-004-976,anon-16,Демо-склад
Systeme Electric,DEMO-004,2026-09-04,7.0,SYN-DEMO-004-977,anon-17,Демо-склад
Systeme Electric,DEMO-004,2026-09-05,11.0,SYN-DEMO-004-978,anon-18,Демо-склад
Systeme Electric,DEMO-004,2026-09-06,9.0,SYN-DEMO-004-979,anon-19,Демо-склад
Systeme Electric,DEMO-004,2026-09-07,12.0,SYN-DEMO-004-980,anon-00,Демо-склад
Systeme Electric,DEMO-004,2026-09-08,3.0,SYN-DEMO-004-981,anon-01,Демо-склад
Systeme Electric,DEMO-004,2026-09-09,5.0,SYN-DEMO-004-982,anon-02,Демо-склад
Systeme Electric,DEMO-004,2026-09-10,6.0,SYN-DEMO-004-983,anon-03,Демо-склад
Systeme Electric,DEMO-004,2026-09-11,10.0,SYN-DEMO-004-984,anon-04,Демо-склад
Systeme Electric,DEMO-004,2026-09-12,9.0,SYN-DEMO-004-985,anon-05,Демо-склад
Systeme Electric,DEMO-004,2026-09-13,8.0,SYN-DEMO-004-986,anon-06,Демо-склад
Systeme Electric,DEMO-004,2026-09-14,8.0,SYN-DEMO-004-987,anon-07,Демо-склад
Systeme Electric,DEMO-004,2026-09-15,15.0,SYN-DEMO-004-988,anon-08,Демо-склад
Systeme Electric,DEMO-004,2026-09-16,15.0,SYN-DEMO-004-989,anon-09,Демо-склад
Systeme Electric,DEMO-004,2026-09-17,14.0,SYN-DEMO-004-990,anon-10,Демо-склад
Systeme Electric,DEMO-004,2026-09-18,9.0,SYN-DEMO-004-991,anon-11,Демо-склад
Systeme Electric,DEMO-004,2026-09-19,5.0,SYN-DEMO-004-992,anon-12,Демо-склад
Systeme Electric,DEMO-004,2026-09-20,11.0,SYN-DEMO-004-993,anon-13,Демо-склад
Systeme Electric,DEMO-004,2026-09-21,11.0,SYN-DEMO-004-994,anon-14,Демо-склад
Systeme Electric,DEMO-004,2026-09-22,7.0,SYN-DEMO-004-995,anon-15,Демо-склад
Systeme Electric,DEMO-004,2026-09-10,10000.0,SYN-ONE-OFF,anon-project,Демо-склад
Systeme Electric,DEMO-005,2024-01-01,17.0,SYN-DEMO-005-0,anon-00,Демо-склад
Systeme Electric,DEMO-005,2024-01-02,12.0,SYN-DEMO-005-1,anon-01,Демо-склад
Systeme Electric,DEMO-005,2024-01-03,12.0,SYN-DEMO-005-2,anon-02,Демо-склад
Systeme Electric,DEMO-005,2024-01-04,12.0,SYN-DEMO-005-3,anon-03,Демо-склад
Systeme Electric,DEMO-005,2024-01-05,11.0,SYN-DEMO-005-4,anon-04,Демо-склад
Systeme Electric,DEMO-005,2024-01-06,7.0,SYN-DEMO-005-5,anon-05,Демо-склад
Systeme Electric,DEMO-005,2024-01-07,6.0,SYN-DEMO-005-6,anon-06,Демо-склад
Systeme Electric,DEMO-005,2024-01-08,13.0,SYN-DEMO-005-7,anon-07,Демо-склад
Systeme Electric,DEMO-005,2024-01-09,9.0,SYN-DEMO-005-8,anon-08,Демо-склад
Systeme Electric,DEMO-005,2024-01-10,13.0,SYN-DEMO-005-9,anon-09,Демо-склад
Systeme Electric,DEMO-005,2024-01-11,4.0,SYN-DEMO-005-10,anon-10,Демо-склад
Systeme Electric,DEMO-005,2024-01-12,12.0,SYN-DEMO-005-11,anon-11,Демо-склад
Systeme Electric,DEMO-005,2024-01-13,18.0,SYN-DEMO-005-12,anon-12,Демо-склад
Systeme Electric,DEMO-005,2024-01-14,8.0,SYN-DEMO-005-13,anon-13,Демо-склад
Systeme Electric,DEMO-005,2024-01-15,15.0,SYN-DEMO-005-14,anon-14,Демо-склад
Systeme Electric,DEMO-005,2024-01-16,19.0,SYN-DEMO-005-15,anon-15,Демо-склад
Systeme Electric,DEMO-005,2024-01-17,12.0,SYN-DEMO-005-16,anon-16,Демо-склад
Systeme Electric,DEMO-005,2024-01-18,14.0,SYN-DEMO-005-17,anon-17,Демо-склад
Systeme Electric,DEMO-005,2024-01-19,9.0,SYN-DEMO-005-18,anon-18,Демо-склад
Systeme Electric,DEMO-005,2024-01-20,9.0,SYN-DEMO-005-19,anon-19,Демо-склад
Systeme Electric,DEMO-005,2024-01-21,9.0,SYN-DEMO-005-20,anon-00,Демо-склад
Systeme Electric,DEMO-005,2024-01-22,11.0,SYN-DEMO-005-21,anon-01,Демо-склад
Systeme Electric,DEMO-005,2024-01-23,11.0,SYN-DEMO-005-22,anon-02,Демо-склад
Systeme Electric,DEMO-005,2024-01-24,10.0,SYN-DEMO-005-23,anon-03,Демо-склад
Systeme Electric,DEMO-005,2024-01-25,12.0,SYN-DEMO-005-24,anon-04,Демо-склад
Systeme Electric,DEMO-005,2024-01-26,10.0,SYN-DEMO-005-25,anon-05,Демо-склад
Systeme Electric,DEMO-005,2024-01-27,8.0,SYN-DEMO-005-26,anon-06,Демо-склад
Systeme Electric,DEMO-005,2024-01-28,14.0,SYN-DEMO-005-27,anon-07,Демо-склад
Systeme Electric,DEMO-005,2024-01-29,15.0,SYN-DEMO-005-28,anon-08,Демо-склад
Systeme Electric,DEMO-005,2024-01-30,7.0,SYN-DEMO-005-29,anon-09,Демо-склад
Systeme Electric,DEMO-005,2024-01-31,8.0,SYN-DEMO-005-30,anon-10,Демо-склад
Systeme Electric,DEMO-005,2024-02-01,10.0,SYN-DEMO-005-31,anon-11,Демо-склад
Systeme Electric,DEMO-005,2024-02-02,12.0,SYN-DEMO-005-32,anon-12,Демо-склад
Systeme Electric,DEMO-005,2024-02-03,5.0,SYN-DEMO-005-33,anon-13,Демо-склад
Systeme Electric,DEMO-005,2024-02-04,15.0,SYN-DEMO-005-34,anon-14,Демо-склад
Systeme Electric,DEMO-005,2024-02-05,11.0,SYN-DEMO-005-35,anon-15,Демо-склад
Systeme Electric,DEMO-005,2024-02-06,8.0,SYN-DEMO-005-36,anon-16,Демо-склад
Systeme Electric,DEMO-005,2024-02-07,10.0,SYN-DEMO-005-37,anon-17,Демо-склад
Systeme Electric,DEMO-005,2024-02-08,15.0,SYN-DEMO-005-38,anon-18,Демо-склад
Systeme Electric,DEMO-005,2024-02-09,9.0,SYN-DEMO-005-39,anon-19,Демо-склад
Systeme Electric,DEMO-005,2024-02-10,7.0,SYN-DEMO-005-40,anon-00,Демо-склад
Systeme Electric,DEMO-005,2024-02-11,9.0,SYN-DEMO-005-41,anon-01,Демо-склад
Systeme Electric,DEMO-005,2024-02-12,11.0,SYN-DEMO-005-42,anon-02,Демо-склад
Systeme Electric,DEMO-005,2024-02-13,8.0,SYN-DEMO-005-43,anon-03,Демо-склад
Systeme Electric,DEMO-005,2024-02-14,11.0,SYN-DEMO-005-44,anon-04,Демо-склад
Systeme Electric,DEMO-005,2024-02-15,9.0,SYN-DEMO-005-45,anon-05,Демо-склад
Systeme Electric,DEMO-005,2024-02-16,9.0,SYN-DEMO-005-46,anon-06,Демо-склад
Systeme Electric,DEMO-005,2024-02-17,6.0,SYN-DEMO-005-47,anon-07,Демо-склад
Systeme Electric,DEMO-005,2024-02-18,12.0,SYN-DEMO-005-48,anon-08,Демо-склад
Systeme Electric,DEMO-005,2024-02-19,7.0,SYN-DEMO-005-49,anon-09,Демо-склад
Systeme Electric,DEMO-005,2024-02-20,12.0,SYN-DEMO-005-50,anon-10,Демо-склад
Systeme Electric,DEMO-005,2024-02-21,12.0,SYN-DEMO-005-51,anon-11,Демо-склад
Systeme Electric,DEMO-005,2024-02-22,3.0,SYN-DEMO-005-52,anon-12,Демо-склад
Systeme Electric,DEMO-005,2024-02-23,12.0,SYN-DEMO-005-53,anon-13,Демо-склад
Systeme Electric,DEMO-005,2024-02-24,13.0,SYN-DEMO-005-54,anon-14,Демо-склад
Systeme Electric,DEMO-005,2024-02-25,3.0,SYN-DEMO-005-55,anon-15,Демо-склад
Systeme Electric,DEMO-005,2024-02-26,9.0,SYN-DEMO-005-56,anon-16,Демо-склад
Systeme Electric,DEMO-005,2024-02-27,12.0,SYN-DEMO-005-57,anon-17,Демо-склад
Systeme Electric,DEMO-005,2024-02-28,5.0,SYN-DEMO-005-58,anon-18,Демо-склад
Systeme Electric,DEMO-005,2024-02-29,12.0,SYN-DEMO-005-59,anon-19,Демо-склад
Systeme Electric,DEMO-005,2024-03-01,7.0,SYN-DEMO-005-60,anon-00,Демо-склад
Systeme Electric,DEMO-005,2024-03-02,9.0,SYN-DEMO-005-61,anon-01,Демо-склад
Systeme Electric,DEMO-005,2024-03-03,14.0,SYN-DEMO-005-62,anon-02,Демо-склад
Systeme Electric,DEMO-005,2024-03-04,9.0,SYN-DEMO-005-63,anon-03,Демо-склад
Systeme Electric,DEMO-005,2024-03-05,9.0,SYN-DEMO-005-64,anon-04,Демо-склад
Systeme Electric,DEMO-005,2024-03-06,17.0,SYN-DEMO-005-65,anon-05,Демо-склад
Systeme Electric,DEMO-005,2024-03-07,12.0,SYN-DEMO-005-66,anon-06,Демо-склад
Systeme Electric,DEMO-005,2024-03-08,13.0,SYN-DEMO-005-67,anon-07,Демо-склад
Systeme Electric,DEMO-005,2024-03-09,10.0,SYN-DEMO-005-68,anon-08,Демо-склад
Systeme Electric,DEMO-005,2024-03-10,10.0,SYN-DEMO-005-69,anon-09,Демо-склад
Systeme Electric,DEMO-005,2024-03-11,10.0,SYN-DEMO-005-70,anon-10,Демо-склад
Systeme Electric,DEMO-005,2024-03-12,13.0,SYN-DEMO-005-71,anon-11,Демо-склад
Systeme Electric,DEMO-005,2024-03-13,18.0,SYN-DEMO-005-72,anon-12,Демо-склад
Systeme Electric,DEMO-005,2024-03-14,12.0,SYN-DEMO-005-73,anon-13,Демо-склад
Systeme Electric,DEMO-005,2024-03-15,6.0,SYN-DEMO-005-74,anon-14,Демо-склад
Systeme Electric,DEMO-005,2024-03-16,8.0,SYN-DEMO-005-75,anon-15,Демо-склад
Systeme Electric,DEMO-005,2024-03-17,8.0,SYN-DEMO-005-76,anon-16,Демо-склад
Systeme Electric,DEMO-005,2024-03-18,11.0,SYN-DEMO-005-77,anon-17,Демо-склад
Systeme Electric,DEMO-005,2024-03-19,14.0,SYN-DEMO-005-78,anon-18,Демо-склад
Systeme Electric,DEMO-005,2024-03-20,13.0,SYN-DEMO-005-79,anon-19,Демо-склад
Systeme Electric,DEMO-005,2024-03-21,11.0,SYN-DEMO-005-80,anon-00,Демо-склад
Systeme Electric,DEMO-005,2024-03-22,17.0,SYN-DEMO-005-81,anon-01,Демо-склад
Systeme Electric,DEMO-005,2024-03-23,10.0,SYN-DEMO-005-82,anon-02,Демо-склад
Systeme Electric,DEMO-005,2024-03-24,15.0,SYN-DEMO-005-83,anon-03,Демо-склад
Systeme Electric,DEMO-005,2024-03-25,14.0,SYN-DEMO-005-84,anon-04,Демо-склад
Systeme Electric,DEMO-005,2024-03-26,15.0,SYN-DEMO-005-85,anon-05,Демо-склад
Systeme Electric,DEMO-005,2024-03-27,4.0,SYN-DEMO-005-86,anon-06,Демо-склад
Systeme Electric,DEMO-005,2024-03-28,14.0,SYN-DEMO-005-87,anon-07,Демо-склад
Systeme Electric,DEMO-005,2024-03-29,14.0,SYN-DEMO-005-88,anon-08,Демо-склад
Systeme Electric,DEMO-005,2024-03-30,7.0,SYN-DEMO-005-89,anon-09,Демо-склад
Systeme Electric,DEMO-005,2024-03-31,10.0,SYN-DEMO-005-90,anon-10,Демо-склад
Systeme Electric,DEMO-005,2024-04-01,10.0,SYN-DEMO-005-91,anon-11,Демо-склад
Systeme Electric,DEMO-005,2024-04-02,16.0,SYN-DEMO-005-92,anon-12,Демо-склад
Systeme Electric,DEMO-005,2024-04-03,14.0,SYN-DEMO-005-93,anon-13,Демо-склад
Systeme Electric,DEMO-005,2024-04-04,14.0,SYN-DEMO-005-94,anon-14,Демо-склад
Systeme Electric,DEMO-005,2024-04-05,16.0,SYN-DEMO-005-95,anon-15,Демо-склад
Systeme Electric,DEMO-005,2024-04-06,15.0,SYN-DEMO-005-96,anon-16,Демо-склад
Systeme Electric,DEMO-005,2024-04-07,11.0,SYN-DEMO-005-97,anon-17,Демо-склад
Systeme Electric,DEMO-005,2024-04-08,11.0,SYN-DEMO-005-98,anon-18,Демо-склад
Systeme Electric,DEMO-005,2024-04-09,13.0,SYN-DEMO-005-99,anon-19,Демо-склад
Systeme Electric,DEMO-005,2024-04-10,12.0,SYN-DEMO-005-100,anon-00,Демо-склад
Systeme Electric,DEMO-005,2024-04-11,13.0,SYN-DEMO-005-101,anon-01,Демо-склад
Systeme Electric,DEMO-005,2024-04-12,5.0,SYN-DEMO-005-102,anon-02,Демо-склад
Systeme Electric,DEMO-005,2024-04-13,13.0,SYN-DEMO-005-103,anon-03,Демо-склад
Systeme Electric,DEMO-005,2024-04-14,15.0,SYN-DEMO-005-104,anon-04,Демо-склад
Systeme Electric,DEMO-005,2024-04-15,12.0,SYN-DEMO-005-105,anon-05,Демо-склад
Systeme Electric,DEMO-005,2024-04-16,13.0,SYN-DEMO-005-106,anon-06,Демо-склад
Systeme Electric,DEMO-005,2024-04-17,18.0,SYN-DEMO-005-107,anon-07,Демо-склад
Systeme Electric,DEMO-005,2024-04-18,14.0,SYN-DEMO-005-108,anon-08,Демо-склад
Systeme Electric,DEMO-005,2024-04-19,14.0,SYN-DEMO-005-109,anon-09,Демо-склад
Systeme Electric,DEMO-005,2024-04-20,10.0,SYN-DEMO-005-110,anon-10,Демо-склад
Systeme Electric,DEMO-005,2024-04-21,12.0,SYN-DEMO-005-111,anon-11,Демо-склад
Systeme Electric,DEMO-005,2024-04-22,12.0,SYN-DEMO-005-112,anon-12,Демо-склад
Systeme Electric,DEMO-005,2024-04-23,11.0,SYN-DEMO-005-113,anon-13,Демо-склад
Systeme Electric,DEMO-005,2024-04-24,7.0,SYN-DEMO-005-114,anon-14,Демо-склад
Systeme Electric,DEMO-005,2024-04-25,12.0,SYN-DEMO-005-115,anon-15,Демо-склад
Systeme Electric,DEMO-005,2024-04-26,4.0,SYN-DEMO-005-116,anon-16,Демо-склад
Systeme Electric,DEMO-005,2024-04-27,11.0,SYN-DEMO-005-117,anon-17,Демо-склад
Systeme Electric,DEMO-005,2024-04-28,10.0,SYN-DEMO-005-118,anon-18,Демо-склад
Systeme Electric,DEMO-005,2024-04-29,17.0,SYN-DEMO-005-119,anon-19,Демо-склад
Systeme Electric,DEMO-005,2024-04-30,7.0,SYN-DEMO-005-120,anon-00,Демо-склад
Systeme Electric,DEMO-005,2024-05-01,10.0,SYN-DEMO-005-121,anon-01,Демо-склад
Systeme Electric,DEMO-005,2024-05-02,17.0,SYN-DEMO-005-122,anon-02,Демо-склад
Systeme Electric,DEMO-005,2024-05-03,6.0,SYN-DEMO-005-123,anon-03,Демо-склад
Systeme Electric,DEMO-005,2024-05-04,18.0,SYN-DEMO-005-124,anon-04,Демо-склад
Systeme Electric,DEMO-005,2024-05-05,14.0,SYN-DEMO-005-125,anon-05,Демо-склад
Systeme Electric,DEMO-005,2024-05-06,9.0,SYN-DEMO-005-126,anon-06,Демо-склад
Systeme Electric,DEMO-005,2024-05-07,13.0,SYN-DEMO-005-127,anon-07,Демо-склад
Systeme Electric,DEMO-005,2024-05-08,8.0,SYN-DEMO-005-128,anon-08,Демо-склад
Systeme Electric,DEMO-005,2024-05-09,6.0,SYN-DEMO-005-129,anon-09,Демо-склад
Systeme Electric,DEMO-005,2024-05-10,7.0,SYN-DEMO-005-130,anon-10,Демо-склад
Systeme Electric,DEMO-005,2024-05-11,15.0,SYN-DEMO-005-131,anon-11,Демо-склад
Systeme Electric,DEMO-005,2024-05-12,11.0,SYN-DEMO-005-132,anon-12,Демо-склад
Systeme Electric,DEMO-005,2024-05-13,9.0,SYN-DEMO-005-133,anon-13,Демо-склад
Systeme Electric,DEMO-005,2024-05-14,10.0,SYN-DEMO-005-134,anon-14,Демо-склад
Systeme Electric,DEMO-005,2024-05-15,12.0,SYN-DEMO-005-135,anon-15,Демо-склад
Systeme Electric,DEMO-005,2024-05-16,5.0,SYN-DEMO-005-136,anon-16,Демо-склад
Systeme Electric,DEMO-005,2024-05-17,8.0,SYN-DEMO-005-137,anon-17,Демо-склад
Systeme Electric,DEMO-005,2024-05-18,13.0,SYN-DEMO-005-138,anon-18,Демо-склад
Systeme Electric,DEMO-005,2024-05-19,12.0,SYN-DEMO-005-139,anon-19,Демо-склад
Systeme Electric,DEMO-005,2024-05-20,8.0,SYN-DEMO-005-140,anon-00,Демо-склад
Systeme Electric,DEMO-005,2024-05-21,8.0,SYN-DEMO-005-141,anon-01,Демо-склад
Systeme Electric,DEMO-005,2024-05-22,10.0,SYN-DEMO-005-142,anon-02,Демо-склад
Systeme Electric,DEMO-005,2024-05-23,10.0,SYN-DEMO-005-143,anon-03,Демо-склад
Systeme Electric,DEMO-005,2024-05-24,12.0,SYN-DEMO-005-144,anon-04,Демо-склад
Systeme Electric,DEMO-005,2024-05-25,7.0,SYN-DEMO-005-145,anon-05,Демо-склад
Systeme Electric,DEMO-005,2024-05-26,10.0,SYN-DEMO-005-146,anon-06,Демо-склад
Systeme Electric,DEMO-005,2024-05-27,15.0,SYN-DEMO-005-147,anon-07,Демо-склад
Systeme Electric,DEMO-005,2024-05-28,12.0,SYN-DEMO-005-148,anon-08,Демо-склад
Systeme Electric,DEMO-005,2024-05-29,14.0,SYN-DEMO-005-149,anon-09,Демо-склад
Systeme Electric,DEMO-005,2024-05-30,8.0,SYN-DEMO-005-150,anon-10,Демо-склад
Systeme Electric,DEMO-005,2024-05-31,8.0,SYN-DEMO-005-151,anon-11,Демо-склад
Systeme Electric,DEMO-005,2024-06-01,12.0,SYN-DEMO-005-152,anon-12,Демо-склад
Systeme Electric,DEMO-005,2024-06-02,7.0,SYN-DEMO-005-153,anon-13,Демо-склад
Systeme Electric,DEMO-005,2024-06-03,4.0,SYN-DEMO-005-154,anon-14,Демо-склад
Systeme Electric,DEMO-005,2024-06-04,16.0,SYN-DEMO-005-155,anon-15,Демо-склад
Systeme Electric,DEMO-005,2024-06-05,11.0,SYN-DEMO-005-156,anon-16,Демо-склад
Systeme Electric,DEMO-005,2024-06-06,4.0,SYN-DEMO-005-157,anon-17,Демо-склад
Systeme Electric,DEMO-005,2024-06-07,6.0,SYN-DEMO-005-158,anon-18,Демо-склад
Systeme Electric,DEMO-005,2024-06-08,21.0,SYN-DEMO-005-159,anon-19,Демо-склад
Systeme Electric,DEMO-005,2024-06-09,14.0,SYN-DEMO-005-160,anon-00,Демо-склад
Systeme Electric,DEMO-005,2024-06-10,9.0,SYN-DEMO-005-161,anon-01,Демо-склад
Systeme Electric,DEMO-005,2024-06-11,7.0,SYN-DEMO-005-162,anon-02,Демо-склад
Systeme Electric,DEMO-005,2024-06-12,15.0,SYN-DEMO-005-163,anon-03,Демо-склад
Systeme Electric,DEMO-005,2024-06-13,10.0,SYN-DEMO-005-164,anon-04,Демо-склад
Systeme Electric,DEMO-005,2024-06-14,6.0,SYN-DEMO-005-165,anon-05,Демо-склад
Systeme Electric,DEMO-005,2024-06-15,11.0,SYN-DEMO-005-166,anon-06,Демо-склад
Systeme Electric,DEMO-005,2024-06-16,9.0,SYN-DEMO-005-167,anon-07,Демо-склад
Systeme Electric,DEMO-005,2024-06-17,14.0,SYN-DEMO-005-168,anon-08,Демо-склад
Systeme Electric,DEMO-005,2024-06-18,11.0,SYN-DEMO-005-169,anon-09,Демо-склад
Systeme Electric,DEMO-005,2024-06-19,13.0,SYN-DEMO-005-170,anon-10,Демо-склад
Systeme Electric,DEMO-005,2024-06-20,15.0,SYN-DEMO-005-171,anon-11,Демо-склад
Systeme Electric,DEMO-005,2024-06-21,11.0,SYN-DEMO-005-172,anon-12,Демо-склад
Systeme Electric,DEMO-005,2024-06-22,15.0,SYN-DEMO-005-173,anon-13,Демо-склад
Systeme Electric,DEMO-005,2024-06-23,21.0,SYN-DEMO-005-174,anon-14,Демо-склад
Systeme Electric,DEMO-005,2024-06-24,11.0,SYN-DEMO-005-175,anon-15,Демо-склад
Systeme Electric,DEMO-005,2024-06-25,12.0,SYN-DEMO-005-176,anon-16,Демо-склад
Systeme Electric,DEMO-005,2024-06-26,8.0,SYN-DEMO-005-177,anon-17,Демо-склад
Systeme Electric,DEMO-005,2024-06-27,17.0,SYN-DEMO-005-178,anon-18,Демо-склад
Systeme Electric,DEMO-005,2024-06-28,13.0,SYN-DEMO-005-179,anon-19,Демо-склад
Systeme Electric,DEMO-005,2024-06-29,10.0,SYN-DEMO-005-180,anon-00,Демо-склад
Systeme Electric,DEMO-005,2024-06-30,6.0,SYN-DEMO-005-181,anon-01,Демо-склад
Systeme Electric,DEMO-005,2024-07-01,18.0,SYN-DEMO-005-182,anon-02,Демо-склад
Systeme Electric,DEMO-005,2024-07-02,16.0,SYN-DEMO-005-183,anon-03,Демо-склад
Systeme Electric,DEMO-005,2024-07-03,17.0,SYN-DEMO-005-184,anon-04,Демо-склад
Systeme Electric,DEMO-005,2024-07-04,11.0,SYN-DEMO-005-185,anon-05,Демо-склад
Systeme Electric,DEMO-005,2024-07-05,8.0,SYN-DEMO-005-186,anon-06,Демо-склад
Systeme Electric,DEMO-005,2024-07-06,12.0,SYN-DEMO-005-187,anon-07,Демо-склад
Systeme Electric,DEMO-005,2024-07-07,15.0,SYN-DEMO-005-188,anon-08,Демо-склад
Systeme Electric,DEMO-005,2024-07-08,16.0,SYN-DEMO-005-189,anon-09,Демо-склад
Systeme Electric,DEMO-005,2024-07-09,11.0,SYN-DEMO-005-190,anon-10,Демо-склад
Systeme Electric,DEMO-005,2024-07-10,14.0,SYN-DEMO-005-191,anon-11,Демо-склад
Systeme Electric,DEMO-005,2024-07-11,14.0,SYN-DEMO-005-192,anon-12,Демо-склад
Systeme Electric,DEMO-005,2024-07-12,11.0,SYN-DEMO-005-193,anon-13,Демо-склад
Systeme Electric,DEMO-005,2024-07-13,10.0,SYN-DEMO-005-194,anon-14,Демо-склад
Systeme Electric,DEMO-005,2024-07-14,8.0,SYN-DEMO-005-195,anon-15,Демо-склад
Systeme Electric,DEMO-005,2024-07-15,10.0,SYN-DEMO-005-196,anon-16,Демо-склад
Systeme Electric,DEMO-005,2024-07-16,11.0,SYN-DEMO-005-197,anon-17,Демо-склад
Systeme Electric,DEMO-005,2024-07-17,10.0,SYN-DEMO-005-198,anon-18,Демо-склад
Systeme Electric,DEMO-005,2024-07-18,12.0,SYN-DEMO-005-199,anon-19,Демо-склад
Systeme Electric,DEMO-005,2024-07-19,10.0,SYN-DEMO-005-200,anon-00,Демо-склад
Systeme Electric,DEMO-005,2024-07-20,13.0,SYN-DEMO-005-201,anon-01,Демо-склад
Systeme Electric,DEMO-005,2024-07-21,20.0,SYN-DEMO-005-202,anon-02,Демо-склад
Systeme Electric,DEMO-005,2024-07-22,16.0,SYN-DEMO-005-203,anon-03,Демо-склад
Systeme Electric,DEMO-005,2024-07-23,13.0,SYN-DEMO-005-204,anon-04,Демо-склад
Systeme Electric,DEMO-005,2024-07-24,13.0,SYN-DEMO-005-205,anon-05,Демо-склад
Systeme Electric,DEMO-005,2024-07-25,9.0,SYN-DEMO-005-206,anon-06,Демо-склад
Systeme Electric,DEMO-005,2024-07-26,10.0,SYN-DEMO-005-207,anon-07,Демо-склад
Systeme Electric,DEMO-005,2024-07-27,8.0,SYN-DEMO-005-208,anon-08,Демо-склад
Systeme Electric,DEMO-005,2024-07-28,12.0,SYN-DEMO-005-209,anon-09,Демо-склад
Systeme Electric,DEMO-005,2024-07-29,12.0,SYN-DEMO-005-210,anon-10,Демо-склад
Systeme Electric,DEMO-005,2024-07-30,18.0,SYN-DEMO-005-211,anon-11,Демо-склад
Systeme Electric,DEMO-005,2024-07-31,13.0,SYN-DEMO-005-212,anon-12,Демо-склад
Systeme Electric,DEMO-005,2024-08-01,5.0,SYN-DEMO-005-213,anon-13,Демо-склад
Systeme Electric,DEMO-005,2024-08-02,14.0,SYN-DEMO-005-214,anon-14,Демо-склад
Systeme Electric,DEMO-005,2024-08-03,11.0,SYN-DEMO-005-215,anon-15,Демо-склад
Systeme Electric,DEMO-005,2024-08-04,9.0,SYN-DEMO-005-216,anon-16,Демо-склад
Systeme Electric,DEMO-005,2024-08-05,9.0,SYN-DEMO-005-217,anon-17,Демо-склад
Systeme Electric,DEMO-005,2024-08-06,9.0,SYN-DEMO-005-218,anon-18,Демо-склад
Systeme Electric,DEMO-005,2024-08-07,7.0,SYN-DEMO-005-219,anon-19,Демо-склад
Systeme Electric,DEMO-005,2024-08-08,8.0,SYN-DEMO-005-220,anon-00,Демо-склад
Systeme Electric,DEMO-005,2024-08-09,9.0,SYN-DEMO-005-221,anon-01,Демо-склад
Systeme Electric,DEMO-005,2024-08-10,9.0,SYN-DEMO-005-222,anon-02,Демо-склад
Systeme Electric,DEMO-005,2024-08-11,10.0,SYN-DEMO-005-223,anon-03,Демо-склад
Systeme Electric,DEMO-005,2024-08-12,11.0,SYN-DEMO-005-224,anon-04,Демо-склад
Systeme Electric,DEMO-005,2024-08-13,10.0,SYN-DEMO-005-225,anon-05,Демо-склад
Systeme Electric,DEMO-005,2024-08-14,14.0,SYN-DEMO-005-226,anon-06,Демо-склад
Systeme Electric,DEMO-005,2024-08-15,11.0,SYN-DEMO-005-227,anon-07,Демо-склад
Systeme Electric,DEMO-005,2024-08-16,11.0,SYN-DEMO-005-228,anon-08,Демо-склад
Systeme Electric,DEMO-005,2024-08-17,11.0,SYN-DEMO-005-229,anon-09,Демо-склад
Systeme Electric,DEMO-005,2024-08-18,12.0,SYN-DEMO-005-230,anon-10,Демо-склад
Systeme Electric,DEMO-005,2024-08-19,12.0,SYN-DEMO-005-231,anon-11,Демо-склад
Systeme Electric,DEMO-005,2024-08-20,13.0,SYN-DEMO-005-232,anon-12,Демо-склад
Systeme Electric,DEMO-005,2024-08-21,15.0,SYN-DEMO-005-233,anon-13,Демо-склад
Systeme Electric,DEMO-005,2024-08-22,7.0,SYN-DEMO-005-234,anon-14,Демо-склад
Systeme Electric,DEMO-005,2024-08-23,12.0,SYN-DEMO-005-235,anon-15,Демо-склад
Systeme Electric,DEMO-005,2024-08-24,18.0,SYN-DEMO-005-236,anon-16,Демо-склад
Systeme Electric,DEMO-005,2024-08-25,5.0,SYN-DEMO-005-237,anon-17,Демо-склад
Systeme Electric,DEMO-005,2024-08-26,14.0,SYN-DEMO-005-238,anon-18,Демо-склад
Systeme Electric,DEMO-005,2024-08-27,13.0,SYN-DEMO-005-239,anon-19,Демо-склад
Systeme Electric,DEMO-005,2024-08-28,10.0,SYN-DEMO-005-240,anon-00,Демо-склад
Systeme Electric,DEMO-005,2024-08-29,11.0,SYN-DEMO-005-241,anon-01,Демо-склад
Systeme Electric,DEMO-005,2024-08-30,6.0,SYN-DEMO-005-242,anon-02,Демо-склад
Systeme Electric,DEMO-005,2024-08-31,7.0,SYN-DEMO-005-243,anon-03,Демо-склад
Systeme Electric,DEMO-005,2024-09-01,12.0,SYN-DEMO-005-244,anon-04,Демо-склад
Systeme Electric,DEMO-005,2024-09-02,10.0,SYN-DEMO-005-245,anon-05,Демо-склад
Systeme Electric,DEMO-005,2024-09-03,11.0,SYN-DEMO-005-246,anon-06,Демо-склад
Systeme Electric,DEMO-005,2024-09-04,11.0,SYN-DEMO-005-247,anon-07,Демо-склад
Systeme Electric,DEMO-005,2024-09-05,17.0,SYN-DEMO-005-248,anon-08,Демо-склад
Systeme Electric,DEMO-005,2024-09-06,16.0,SYN-DEMO-005-249,anon-09,Демо-склад
Systeme Electric,DEMO-005,2024-09-07,12.0,SYN-DEMO-005-250,anon-10,Демо-склад
Systeme Electric,DEMO-005,2024-09-08,8.0,SYN-DEMO-005-251,anon-11,Демо-склад
Systeme Electric,DEMO-005,2024-09-09,18.0,SYN-DEMO-005-252,anon-12,Демо-склад
Systeme Electric,DEMO-005,2024-09-10,15.0,SYN-DEMO-005-253,anon-13,Демо-склад
Systeme Electric,DEMO-005,2024-09-11,9.0,SYN-DEMO-005-254,anon-14,Демо-склад
Systeme Electric,DEMO-005,2024-09-12,8.0,SYN-DEMO-005-255,anon-15,Демо-склад
Systeme Electric,DEMO-005,2024-09-13,17.0,SYN-DEMO-005-256,anon-16,Демо-склад
Systeme Electric,DEMO-005,2024-09-14,11.0,SYN-DEMO-005-257,anon-17,Демо-склад
Systeme Electric,DEMO-005,2024-09-15,12.0,SYN-DEMO-005-258,anon-18,Демо-склад
Systeme Electric,DEMO-005,2024-09-16,13.0,SYN-DEMO-005-259,anon-19,Демо-склад
Systeme Electric,DEMO-005,2024-09-17,18.0,SYN-DEMO-005-260,anon-00,Демо-склад
Systeme Electric,DEMO-005,2024-09-18,11.0,SYN-DEMO-005-261,anon-01,Демо-склад
Systeme Electric,DEMO-005,2024-09-19,16.0,SYN-DEMO-005-262,anon-02,Демо-склад
Systeme Electric,DEMO-005,2024-09-20,13.0,SYN-DEMO-005-263,anon-03,Демо-склад
Systeme Electric,DEMO-005,2024-09-21,6.0,SYN-DEMO-005-264,anon-04,Демо-склад
Systeme Electric,DEMO-005,2024-09-22,11.0,SYN-DEMO-005-265,anon-05,Демо-склад
Systeme Electric,DEMO-005,2024-09-23,11.0,SYN-DEMO-005-266,anon-06,Демо-склад
Systeme Electric,DEMO-005,2024-09-24,5.0,SYN-DEMO-005-267,anon-07,Демо-склад
Systeme Electric,DEMO-005,2024-09-25,14.0,SYN-DEMO-005-268,anon-08,Демо-склад
Systeme Electric,DEMO-005,2024-09-26,10.0,SYN-DEMO-005-269,anon-09,Демо-склад
Systeme Electric,DEMO-005,2024-09-27,12.0,SYN-DEMO-005-270,anon-10,Демо-склад
Systeme Electric,DEMO-005,2024-09-28,11.0,SYN-DEMO-005-271,anon-11,Демо-склад
Systeme Electric,DEMO-005,2024-09-29,9.0,SYN-DEMO-005-272,anon-12,Демо-склад
Systeme Electric,DEMO-005,2024-09-30,13.0,SYN-DEMO-005-273,anon-13,Демо-склад
Systeme Electric,DEMO-005,2024-10-01,9.0,SYN-DEMO-005-274,anon-14,Демо-склад
Systeme Electric,DEMO-005,2024-10-02,20.0,SYN-DEMO-005-275,anon-15,Демо-склад
Systeme Electric,DEMO-005,2024-10-03,10.0,SYN-DEMO-005-276,anon-16,Демо-склад
Systeme Electric,DEMO-005,2024-10-04,12.0,SYN-DEMO-005-277,anon-17,Демо-склад
Systeme Electric,DEMO-005,2024-10-05,9.0,SYN-DEMO-005-278,anon-18,Демо-склад
Systeme Electric,DEMO-005,2024-10-06,14.0,SYN-DEMO-005-279,anon-19,Демо-склад
Systeme Electric,DEMO-005,2024-10-07,14.0,SYN-DEMO-005-280,anon-00,Демо-склад
Systeme Electric,DEMO-005,2024-10-08,9.0,SYN-DEMO-005-281,anon-01,Демо-склад
Systeme Electric,DEMO-005,2024-10-09,7.0,SYN-DEMO-005-282,anon-02,Демо-склад
Systeme Electric,DEMO-005,2024-10-10,15.0,SYN-DEMO-005-283,anon-03,Демо-склад
Systeme Electric,DEMO-005,2024-10-11,11.0,SYN-DEMO-005-284,anon-04,Демо-склад
Systeme Electric,DEMO-005,2024-10-12,10.0,SYN-DEMO-005-285,anon-05,Демо-склад
Systeme Electric,DEMO-005,2024-10-13,12.0,SYN-DEMO-005-286,anon-06,Демо-склад
Systeme Electric,DEMO-005,2024-10-14,10.0,SYN-DEMO-005-287,anon-07,Демо-склад
Systeme Electric,DEMO-005,2024-10-15,13.0,SYN-DEMO-005-288,anon-08,Демо-склад
Systeme Electric,DEMO-005,2024-10-16,5.0,SYN-DEMO-005-289,anon-09,Демо-склад
Systeme Electric,DEMO-005,2024-10-17,11.0,SYN-DEMO-005-290,anon-10,Демо-склад
Systeme Electric,DEMO-005,2024-10-18,12.0,SYN-DEMO-005-291,anon-11,Демо-склад
Systeme Electric,DEMO-005,2024-10-19,11.0,SYN-DEMO-005-292,anon-12,Демо-склад
Systeme Electric,DEMO-005,2024-10-20,9.0,SYN-DEMO-005-293,anon-13,Демо-склад
Systeme Electric,DEMO-005,2024-10-21,15.0,SYN-DEMO-005-294,anon-14,Демо-склад
Systeme Electric,DEMO-005,2024-10-22,13.0,SYN-DEMO-005-295,anon-15,Демо-склад
Systeme Electric,DEMO-005,2024-10-23,10.0,SYN-DEMO-005-296,anon-16,Демо-склад
Systeme Electric,DEMO-005,2024-10-24,9.0,SYN-DEMO-005-297,anon-17,Демо-склад
Systeme Electric,DEMO-005,2024-10-25,7.0,SYN-DEMO-005-298,anon-18,Демо-склад
Systeme Electric,DEMO-005,2024-10-26,14.0,SYN-DEMO-005-299,anon-19,Демо-склад
Systeme Electric,DEMO-005,2024-10-27,25.0,SYN-DEMO-005-300,anon-00,Демо-склад
Systeme Electric,DEMO-005,2024-10-28,12.0,SYN-DEMO-005-301,anon-01,Демо-склад
Systeme Electric,DEMO-005,2024-10-29,9.0,SYN-DEMO-005-302,anon-02,Демо-склад
Systeme Electric,DEMO-005,2024-10-30,11.0,SYN-DEMO-005-303,anon-03,Демо-склад
Systeme Electric,DEMO-005,2024-10-31,5.0,SYN-DEMO-005-304,anon-04,Демо-склад
Systeme Electric,DEMO-005,2024-11-01,16.0,SYN-DEMO-005-305,anon-05,Демо-склад
Systeme Electric,DEMO-005,2024-11-02,16.0,SYN-DEMO-005-306,anon-06,Демо-склад
Systeme Electric,DEMO-005,2024-11-03,6.0,SYN-DEMO-005-307,anon-07,Демо-склад
Systeme Electric,DEMO-005,2024-11-04,14.0,SYN-DEMO-005-308,anon-08,Демо-склад
Systeme Electric,DEMO-005,2024-11-05,16.0,SYN-DEMO-005-309,anon-09,Демо-склад
Systeme Electric,DEMO-005,2024-11-06,16.0,SYN-DEMO-005-310,anon-10,Демо-склад
Systeme Electric,DEMO-005,2024-11-07,14.0,SYN-DEMO-005-311,anon-11,Демо-склад
Systeme Electric,DEMO-005,2024-11-08,14.0,SYN-DEMO-005-312,anon-12,Демо-склад
Systeme Electric,DEMO-005,2024-11-09,11.0,SYN-DEMO-005-313,anon-13,Демо-склад
Systeme Electric,DEMO-005,2024-11-10,11.0,SYN-DEMO-005-314,anon-14,Демо-склад
Systeme Electric,DEMO-005,2024-11-11,10.0,SYN-DEMO-005-315,anon-15,Демо-склад
Systeme Electric,DEMO-005,2024-11-12,14.0,SYN-DEMO-005-316,anon-16,Демо-склад
Systeme Electric,DEMO-005,2024-11-13,9.0,SYN-DEMO-005-317,anon-17,Демо-склад
Systeme Electric,DEMO-005,2024-11-14,7.0,SYN-DEMO-005-318,anon-18,Демо-склад
Systeme Electric,DEMO-005,2024-11-15,9.0,SYN-DEMO-005-319,anon-19,Демо-склад
Systeme Electric,DEMO-005,2024-11-16,14.0,SYN-DEMO-005-320,anon-00,Демо-склад
Systeme Electric,DEMO-005,2024-11-17,20.0,SYN-DEMO-005-321,anon-01,Демо-склад
Systeme Electric,DEMO-005,2024-11-18,7.0,SYN-DEMO-005-322,anon-02,Демо-склад
Systeme Electric,DEMO-005,2024-11-19,16.0,SYN-DEMO-005-323,anon-03,Демо-склад
Systeme Electric,DEMO-005,2024-11-20,9.0,SYN-DEMO-005-324,anon-04,Демо-склад
Systeme Electric,DEMO-005,2024-11-21,17.0,SYN-DEMO-005-325,anon-05,Демо-склад
Systeme Electric,DEMO-005,2024-11-22,16.0,SYN-DEMO-005-326,anon-06,Демо-склад
Systeme Electric,DEMO-005,2024-11-23,12.0,SYN-DEMO-005-327,anon-07,Демо-склад
Systeme Electric,DEMO-005,2024-11-24,9.0,SYN-DEMO-005-328,anon-08,Демо-склад
Systeme Electric,DEMO-005,2024-11-25,15.0,SYN-DEMO-005-329,anon-09,Демо-склад
Systeme Electric,DEMO-005,2024-11-26,17.0,SYN-DEMO-005-330,anon-10,Демо-склад
Systeme Electric,DEMO-005,2024-11-27,6.0,SYN-DEMO-005-331,anon-11,Демо-склад
Systeme Electric,DEMO-005,2024-11-28,11.0,SYN-DEMO-005-332,anon-12,Демо-склад
Systeme Electric,DEMO-005,2024-11-29,13.0,SYN-DEMO-005-333,anon-13,Демо-склад
Systeme Electric,DEMO-005,2024-11-30,11.0,SYN-DEMO-005-334,anon-14,Демо-склад
Systeme Electric,DEMO-005,2024-12-01,19.0,SYN-DEMO-005-335,anon-15,Демо-склад
Systeme Electric,DEMO-005,2024-12-02,6.0,SYN-DEMO-005-336,anon-16,Демо-склад
Systeme Electric,DEMO-005,2024-12-03,13.0,SYN-DEMO-005-337,anon-17,Демо-склад
Systeme Electric,DEMO-005,2024-12-04,13.0,SYN-DEMO-005-338,anon-18,Демо-склад
Systeme Electric,DEMO-005,2024-12-05,12.0,SYN-DEMO-005-339,anon-19,Демо-склад
Systeme Electric,DEMO-005,2024-12-06,9.0,SYN-DEMO-005-340,anon-00,Демо-склад
Systeme Electric,DEMO-005,2024-12-07,12.0,SYN-DEMO-005-341,anon-01,Демо-склад
Systeme Electric,DEMO-005,2024-12-08,11.0,SYN-DEMO-005-342,anon-02,Демо-склад
Systeme Electric,DEMO-005,2024-12-09,8.0,SYN-DEMO-005-343,anon-03,Демо-склад
Systeme Electric,DEMO-005,2024-12-10,5.0,SYN-DEMO-005-344,anon-04,Демо-склад
Systeme Electric,DEMO-005,2024-12-11,14.0,SYN-DEMO-005-345,anon-05,Демо-склад
Systeme Electric,DEMO-005,2024-12-12,6.0,SYN-DEMO-005-346,anon-06,Демо-склад
Systeme Electric,DEMO-005,2024-12-13,8.0,SYN-DEMO-005-347,anon-07,Демо-склад
Systeme Electric,DEMO-005,2024-12-14,8.0,SYN-DEMO-005-348,anon-08,Демо-склад
Systeme Electric,DEMO-005,2024-12-15,8.0,SYN-DEMO-005-349,anon-09,Демо-склад
Systeme Electric,DEMO-005,2024-12-16,10.0,SYN-DEMO-005-350,anon-10,Демо-склад
Systeme Electric,DEMO-005,2024-12-17,17.0,SYN-DEMO-005-351,anon-11,Демо-склад
Systeme Electric,DEMO-005,2024-12-18,8.0,SYN-DEMO-005-352,anon-12,Демо-склад
Systeme Electric,DEMO-005,2024-12-19,9.0,SYN-DEMO-005-353,anon-13,Демо-склад
Systeme Electric,DEMO-005,2024-12-20,9.0,SYN-DEMO-005-354,anon-14,Демо-склад
Systeme Electric,DEMO-005,2024-12-21,9.0,SYN-DEMO-005-355,anon-15,Демо-склад
Systeme Electric,DEMO-005,2024-12-22,13.0,SYN-DEMO-005-356,anon-16,Демо-склад
Systeme Electric,DEMO-005,2024-12-23,8.0,SYN-DEMO-005-357,anon-17,Демо-склад
Systeme Electric,DEMO-005,2024-12-24,15.0,SYN-DEMO-005-358,anon-18,Демо-склад
Systeme Electric,DEMO-005,2024-12-25,12.0,SYN-DEMO-005-359,anon-19,Демо-склад
Systeme Electric,DEMO-005,2024-12-26,12.0,SYN-DEMO-005-360,anon-00,Демо-склад
Systeme Electric,DEMO-005,2024-12-27,11.0,SYN-DEMO-005-361,anon-01,Демо-склад
Systeme Electric,DEMO-005,2024-12-28,14.0,SYN-DEMO-005-362,anon-02,Демо-склад
Systeme Electric,DEMO-005,2024-12-29,15.0,SYN-DEMO-005-363,anon-03,Демо-склад
Systeme Electric,DEMO-005,2024-12-30,13.0,SYN-DEMO-005-364,anon-04,Демо-склад
Systeme Electric,DEMO-005,2024-12-31,13.0,SYN-DEMO-005-365,anon-05,Демо-склад
Systeme Electric,DEMO-005,2025-01-01,14.0,SYN-DEMO-005-366,anon-06,Демо-склад
Systeme Electric,DEMO-005,2025-01-02,9.0,SYN-DEMO-005-367,anon-07,Демо-склад
Systeme Electric,DEMO-005,2025-01-03,3.0,SYN-DEMO-005-368,anon-08,Демо-склад
Systeme Electric,DEMO-005,2025-01-04,10.0,SYN-DEMO-005-369,anon-09,Демо-склад
Systeme Electric,DEMO-005,2025-01-05,10.0,SYN-DEMO-005-370,anon-10,Демо-склад
Systeme Electric,DEMO-005,2025-01-06,16.0,SYN-DEMO-005-371,anon-11,Демо-склад
Systeme Electric,DEMO-005,2025-01-07,11.0,SYN-DEMO-005-372,anon-12,Демо-склад
Systeme Electric,DEMO-005,2025-01-08,18.0,SYN-DEMO-005-373,anon-13,Демо-склад
Systeme Electric,DEMO-005,2025-01-09,13.0,SYN-DEMO-005-374,anon-14,Демо-склад
Systeme Electric,DEMO-005,2025-01-10,11.0,SYN-DEMO-005-375,anon-15,Демо-склад
Systeme Electric,DEMO-005,2025-01-11,14.0,SYN-DEMO-005-376,anon-16,Демо-склад
Systeme Electric,DEMO-005,2025-01-12,4.0,SYN-DEMO-005-377,anon-17,Демо-склад
Systeme Electric,DEMO-005,2025-01-13,16.0,SYN-DEMO-005-378,anon-18,Демо-склад
Systeme Electric,DEMO-005,2025-01-14,10.0,SYN-DEMO-005-379,anon-19,Демо-склад
Systeme Electric,DEMO-005,2025-01-15,16.0,SYN-DEMO-005-380,anon-00,Демо-склад
Systeme Electric,DEMO-005,2025-01-16,9.0,SYN-DEMO-005-381,anon-01,Демо-склад
Systeme Electric,DEMO-005,2025-01-17,12.0,SYN-DEMO-005-382,anon-02,Демо-склад
Systeme Electric,DEMO-005,2025-01-18,10.0,SYN-DEMO-005-383,anon-03,Демо-склад
Systeme Electric,DEMO-005,2025-01-19,10.0,SYN-DEMO-005-384,anon-04,Демо-склад
Systeme Electric,DEMO-005,2025-01-20,14.0,SYN-DEMO-005-385,anon-05,Демо-склад
Systeme Electric,DEMO-005,2025-01-21,12.0,SYN-DEMO-005-386,anon-06,Демо-склад
Systeme Electric,DEMO-005,2025-01-22,11.0,SYN-DEMO-005-387,anon-07,Демо-склад
Systeme Electric,DEMO-005,2025-01-23,12.0,SYN-DEMO-005-388,anon-08,Демо-склад
Systeme Electric,DEMO-005,2025-01-24,8.0,SYN-DEMO-005-389,anon-09,Демо-склад
Systeme Electric,DEMO-005,2025-01-25,6.0,SYN-DEMO-005-390,anon-10,Демо-склад
Systeme Electric,DEMO-005,2025-01-26,16.0,SYN-DEMO-005-391,anon-11,Демо-склад
Systeme Electric,DEMO-005,2025-01-27,14.0,SYN-DEMO-005-392,anon-12,Демо-склад
Systeme Electric,DEMO-005,2025-01-28,8.0,SYN-DEMO-005-393,anon-13,Демо-склад
Systeme Electric,DEMO-005,2025-01-29,13.0,SYN-DEMO-005-394,anon-14,Демо-склад
Systeme Electric,DEMO-005,2025-01-30,8.0,SYN-DEMO-005-395,anon-15,Демо-склад
Systeme Electric,DEMO-005,2025-01-31,18.0,SYN-DEMO-005-396,anon-16,Демо-склад
Systeme Electric,DEMO-005,2025-02-01,14.0,SYN-DEMO-005-397,anon-17,Демо-склад
Systeme Electric,DEMO-005,2025-02-02,9.0,SYN-DEMO-005-398,anon-18,Демо-склад
Systeme Electric,DEMO-005,2025-02-03,15.0,SYN-DEMO-005-399,anon-19,Демо-склад
Systeme Electric,DEMO-005,2025-02-04,9.0,SYN-DEMO-005-400,anon-00,Демо-склад
Systeme Electric,DEMO-005,2025-02-05,13.0,SYN-DEMO-005-401,anon-01,Демо-склад
Systeme Electric,DEMO-005,2025-02-06,10.0,SYN-DEMO-005-402,anon-02,Демо-склад
Systeme Electric,DEMO-005,2025-02-07,11.0,SYN-DEMO-005-403,anon-03,Демо-склад
Systeme Electric,DEMO-005,2025-02-08,14.0,SYN-DEMO-005-404,anon-04,Демо-склад
Systeme Electric,DEMO-005,2025-02-09,14.0,SYN-DEMO-005-405,anon-05,Демо-склад
Systeme Electric,DEMO-005,2025-02-10,6.0,SYN-DEMO-005-406,anon-06,Демо-склад
Systeme Electric,DEMO-005,2025-02-11,14.0,SYN-DEMO-005-407,anon-07,Демо-склад
Systeme Electric,DEMO-005,2025-02-12,10.0,SYN-DEMO-005-408,anon-08,Демо-склад
Systeme Electric,DEMO-005,2025-02-13,10.0,SYN-DEMO-005-409,anon-09,Демо-склад
Systeme Electric,DEMO-005,2025-02-14,14.0,SYN-DEMO-005-410,anon-10,Демо-склад
Systeme Electric,DEMO-005,2025-02-15,11.0,SYN-DEMO-005-411,anon-11,Демо-склад
Systeme Electric,DEMO-005,2025-02-16,8.0,SYN-DEMO-005-412,anon-12,Демо-склад
Systeme Electric,DEMO-005,2025-02-17,8.0,SYN-DEMO-005-413,anon-13,Демо-склад
Systeme Electric,DEMO-005,2025-02-18,12.0,SYN-DEMO-005-414,anon-14,Демо-склад
Systeme Electric,DEMO-005,2025-02-19,9.0,SYN-DEMO-005-415,anon-15,Демо-склад
Systeme Electric,DEMO-005,2025-02-20,9.0,SYN-DEMO-005-416,anon-16,Демо-склад
Systeme Electric,DEMO-005,2025-02-21,10.0,SYN-DEMO-005-417,anon-17,Демо-склад
Systeme Electric,DEMO-005,2025-02-22,12.0,SYN-DEMO-005-418,anon-18,Демо-склад
Systeme Electric,DEMO-005,2025-02-23,13.0,SYN-DEMO-005-419,anon-19,Демо-склад
Systeme Electric,DEMO-005,2025-02-24,7.0,SYN-DEMO-005-420,anon-00,Демо-склад
Systeme Electric,DEMO-005,2025-02-25,15.0,SYN-DEMO-005-421,anon-01,Демо-склад
Systeme Electric,DEMO-005,2025-02-26,7.0,SYN-DEMO-005-422,anon-02,Демо-склад
Systeme Electric,DEMO-005,2025-02-27,11.0,SYN-DEMO-005-423,anon-03,Демо-склад
Systeme Electric,DEMO-005,2025-02-28,13.0,SYN-DEMO-005-424,anon-04,Демо-склад
Systeme Electric,DEMO-005,2025-03-01,15.0,SYN-DEMO-005-425,anon-05,Демо-склад
Systeme Electric,DEMO-005,2025-03-02,9.0,SYN-DEMO-005-426,anon-06,Демо-склад
Systeme Electric,DEMO-005,2025-03-03,10.0,SYN-DEMO-005-427,anon-07,Демо-склад
Systeme Electric,DEMO-005,2025-03-04,13.0,SYN-DEMO-005-428,anon-08,Демо-склад
Systeme Electric,DEMO-005,2025-03-05,10.0,SYN-DEMO-005-429,anon-09,Демо-склад
Systeme Electric,DEMO-005,2025-03-06,13.0,SYN-DEMO-005-430,anon-10,Демо-склад
Systeme Electric,DEMO-005,2025-03-07,10.0,SYN-DEMO-005-431,anon-11,Демо-склад
Systeme Electric,DEMO-005,2025-03-08,7.0,SYN-DEMO-005-432,anon-12,Демо-склад
Systeme Electric,DEMO-005,2025-03-09,10.0,SYN-DEMO-005-433,anon-13,Демо-склад
Systeme Electric,DEMO-005,2025-03-10,9.0,SYN-DEMO-005-434,anon-14,Демо-склад
Systeme Electric,DEMO-005,2025-03-11,12.0,SYN-DEMO-005-435,anon-15,Демо-склад
Systeme Electric,DEMO-005,2025-03-12,12.0,SYN-DEMO-005-436,anon-16,Демо-склад
Systeme Electric,DEMO-005,2025-03-13,8.0,SYN-DEMO-005-437,anon-17,Демо-склад
Systeme Electric,DEMO-005,2025-03-14,9.0,SYN-DEMO-005-438,anon-18,Демо-склад
Systeme Electric,DEMO-005,2025-03-15,14.0,SYN-DEMO-005-439,anon-19,Демо-склад
Systeme Electric,DEMO-005,2025-03-16,8.0,SYN-DEMO-005-440,anon-00,Демо-склад
Systeme Electric,DEMO-005,2025-03-17,11.0,SYN-DEMO-005-441,anon-01,Демо-склад
Systeme Electric,DEMO-005,2025-03-18,10.0,SYN-DEMO-005-442,anon-02,Демо-склад
Systeme Electric,DEMO-005,2025-03-19,12.0,SYN-DEMO-005-443,anon-03,Демо-склад
Systeme Electric,DEMO-005,2025-03-20,11.0,SYN-DEMO-005-444,anon-04,Демо-склад
Systeme Electric,DEMO-005,2025-03-21,17.0,SYN-DEMO-005-445,anon-05,Демо-склад
Systeme Electric,DEMO-005,2025-03-22,10.0,SYN-DEMO-005-446,anon-06,Демо-склад
Systeme Electric,DEMO-005,2025-03-23,6.0,SYN-DEMO-005-447,anon-07,Демо-склад
Systeme Electric,DEMO-005,2025-03-24,9.0,SYN-DEMO-005-448,anon-08,Демо-склад
Systeme Electric,DEMO-005,2025-03-25,8.0,SYN-DEMO-005-449,anon-09,Демо-склад
Systeme Electric,DEMO-005,2025-03-26,7.0,SYN-DEMO-005-450,anon-10,Демо-склад
Systeme Electric,DEMO-005,2025-03-27,8.0,SYN-DEMO-005-451,anon-11,Демо-склад
Systeme Electric,DEMO-005,2025-03-28,10.0,SYN-DEMO-005-452,anon-12,Демо-склад
Systeme Electric,DEMO-005,2025-03-29,6.0,SYN-DEMO-005-453,anon-13,Демо-склад
Systeme Electric,DEMO-005,2025-03-30,10.0,SYN-DEMO-005-454,anon-14,Демо-склад
Systeme Electric,DEMO-005,2025-03-31,11.0,SYN-DEMO-005-455,anon-15,Демо-склад
Systeme Electric,DEMO-005,2025-04-01,15.0,SYN-DEMO-005-456,anon-16,Демо-склад
Systeme Electric,DEMO-005,2025-04-02,16.0,SYN-DEMO-005-457,anon-17,Демо-склад
Systeme Electric,DEMO-005,2025-04-03,17.0,SYN-DEMO-005-458,anon-18,Демо-склад
Systeme Electric,DEMO-005,2025-04-04,14.0,SYN-DEMO-005-459,anon-19,Демо-склад
Systeme Electric,DEMO-005,2025-04-05,14.0,SYN-DEMO-005-460,anon-00,Демо-склад
Systeme Electric,DEMO-005,2025-04-06,6.0,SYN-DEMO-005-461,anon-01,Демо-склад
Systeme Electric,DEMO-005,2025-04-07,9.0,SYN-DEMO-005-462,anon-02,Демо-склад
Systeme Electric,DEMO-005,2025-04-08,15.0,SYN-DEMO-005-463,anon-03,Демо-склад
Systeme Electric,DEMO-005,2025-04-09,13.0,SYN-DEMO-005-464,anon-04,Демо-склад
Systeme Electric,DEMO-005,2025-04-10,11.0,SYN-DEMO-005-465,anon-05,Демо-склад
Systeme Electric,DEMO-005,2025-04-11,11.0,SYN-DEMO-005-466,anon-06,Демо-склад
Systeme Electric,DEMO-005,2025-04-12,14.0,SYN-DEMO-005-467,anon-07,Демо-склад
Systeme Electric,DEMO-005,2025-04-13,12.0,SYN-DEMO-005-468,anon-08,Демо-склад
Systeme Electric,DEMO-005,2025-04-14,11.0,SYN-DEMO-005-469,anon-09,Демо-склад
Systeme Electric,DEMO-005,2025-04-15,13.0,SYN-DEMO-005-470,anon-10,Демо-склад
Systeme Electric,DEMO-005,2025-04-16,5.0,SYN-DEMO-005-471,anon-11,Демо-склад
Systeme Electric,DEMO-005,2025-04-17,8.0,SYN-DEMO-005-472,anon-12,Демо-склад
Systeme Electric,DEMO-005,2025-04-18,13.0,SYN-DEMO-005-473,anon-13,Демо-склад
Systeme Electric,DEMO-005,2025-04-19,10.0,SYN-DEMO-005-474,anon-14,Демо-склад
Systeme Electric,DEMO-005,2025-04-20,9.0,SYN-DEMO-005-475,anon-15,Демо-склад
Systeme Electric,DEMO-005,2025-04-21,5.0,SYN-DEMO-005-476,anon-16,Демо-склад
Systeme Electric,DEMO-005,2025-04-22,8.0,SYN-DEMO-005-477,anon-17,Демо-склад
Systeme Electric,DEMO-005,2025-04-23,9.0,SYN-DEMO-005-478,anon-18,Демо-склад
Systeme Electric,DEMO-005,2025-04-24,8.0,SYN-DEMO-005-479,anon-19,Демо-склад
Systeme Electric,DEMO-005,2025-04-25,10.0,SYN-DEMO-005-480,anon-00,Демо-склад
Systeme Electric,DEMO-005,2025-04-26,11.0,SYN-DEMO-005-481,anon-01,Демо-склад
Systeme Electric,DEMO-005,2025-04-27,11.0,SYN-DEMO-005-482,anon-02,Демо-склад
Systeme Electric,DEMO-005,2025-04-28,20.0,SYN-DEMO-005-483,anon-03,Демо-склад
Systeme Electric,DEMO-005,2025-04-29,12.0,SYN-DEMO-005-484,anon-04,Демо-склад
Systeme Electric,DEMO-005,2025-04-30,10.0,SYN-DEMO-005-485,anon-05,Демо-склад
Systeme Electric,DEMO-005,2025-05-01,11.0,SYN-DEMO-005-486,anon-06,Демо-склад
Systeme Electric,DEMO-005,2025-05-02,14.0,SYN-DEMO-005-487,anon-07,Демо-склад
Systeme Electric,DEMO-005,2025-05-03,11.0,SYN-DEMO-005-488,anon-08,Демо-склад
Systeme Electric,DEMO-005,2025-05-04,10.0,SYN-DEMO-005-489,anon-09,Демо-склад
Systeme Electric,DEMO-005,2025-05-05,6.0,SYN-DEMO-005-490,anon-10,Демо-склад
Systeme Electric,DEMO-005,2025-05-06,9.0,SYN-DEMO-005-491,anon-11,Демо-склад
Systeme Electric,DEMO-005,2025-05-07,10.0,SYN-DEMO-005-492,anon-12,Демо-склад
Systeme Electric,DEMO-005,2025-05-08,8.0,SYN-DEMO-005-493,anon-13,Демо-склад
Systeme Electric,DEMO-005,2025-05-09,10.0,SYN-DEMO-005-494,anon-14,Демо-склад
Systeme Electric,DEMO-005,2025-05-10,9.0,SYN-DEMO-005-495,anon-15,Демо-склад
Systeme Electric,DEMO-005,2025-05-11,18.0,SYN-DEMO-005-496,anon-16,Демо-склад
Systeme Electric,DEMO-005,2025-05-12,9.0,SYN-DEMO-005-497,anon-17,Демо-склад
Systeme Electric,DEMO-005,2025-05-13,15.0,SYN-DEMO-005-498,anon-18,Демо-склад
Systeme Electric,DEMO-005,2025-05-14,9.0,SYN-DEMO-005-499,anon-19,Демо-склад
Systeme Electric,DEMO-005,2025-05-15,15.0,SYN-DEMO-005-500,anon-00,Демо-склад
Systeme Electric,DEMO-005,2025-05-16,11.0,SYN-DEMO-005-501,anon-01,Демо-склад
Systeme Electric,DEMO-005,2025-05-17,11.0,SYN-DEMO-005-502,anon-02,Демо-склад
Systeme Electric,DEMO-005,2025-05-18,11.0,SYN-DEMO-005-503,anon-03,Демо-склад
Systeme Electric,DEMO-005,2025-05-19,13.0,SYN-DEMO-005-504,anon-04,Демо-склад
Systeme Electric,DEMO-005,2025-05-20,8.0,SYN-DEMO-005-505,anon-05,Демо-склад
Systeme Electric,DEMO-005,2025-05-21,9.0,SYN-DEMO-005-506,anon-06,Демо-склад
Systeme Electric,DEMO-005,2025-05-22,10.0,SYN-DEMO-005-507,anon-07,Демо-склад
Systeme Electric,DEMO-005,2025-05-23,8.0,SYN-DEMO-005-508,anon-08,Демо-склад
Systeme Electric,DEMO-005,2025-05-24,13.0,SYN-DEMO-005-509,anon-09,Демо-склад
Systeme Electric,DEMO-005,2025-05-25,11.0,SYN-DEMO-005-510,anon-10,Демо-склад
Systeme Electric,DEMO-005,2025-05-26,10.0,SYN-DEMO-005-511,anon-11,Демо-склад
Systeme Electric,DEMO-005,2025-05-27,7.0,SYN-DEMO-005-512,anon-12,Демо-склад
Systeme Electric,DEMO-005,2025-05-28,14.0,SYN-DEMO-005-513,anon-13,Демо-склад
Systeme Electric,DEMO-005,2025-05-29,14.0,SYN-DEMO-005-514,anon-14,Демо-склад
Systeme Electric,DEMO-005,2025-05-30,10.0,SYN-DEMO-005-515,anon-15,Демо-склад
Systeme Electric,DEMO-005,2025-05-31,16.0,SYN-DEMO-005-516,anon-16,Демо-склад
Systeme Electric,DEMO-005,2025-06-01,11.0,SYN-DEMO-005-517,anon-17,Демо-склад
Systeme Electric,DEMO-005,2025-06-02,9.0,SYN-DEMO-005-518,anon-18,Демо-склад
Systeme Electric,DEMO-005,2025-06-03,8.0,SYN-DEMO-005-519,anon-19,Демо-склад
Systeme Electric,DEMO-005,2025-06-04,11.0,SYN-DEMO-005-520,anon-00,Демо-склад
Systeme Electric,DEMO-005,2025-06-05,11.0,SYN-DEMO-005-521,anon-01,Демо-склад
Systeme Electric,DEMO-005,2025-06-06,17.0,SYN-DEMO-005-522,anon-02,Демо-склад
Systeme Electric,DEMO-005,2025-06-07,8.0,SYN-DEMO-005-523,anon-03,Демо-склад
Systeme Electric,DEMO-005,2025-06-08,12.0,SYN-DEMO-005-524,anon-04,Демо-склад
Systeme Electric,DEMO-005,2025-06-09,12.0,SYN-DEMO-005-525,anon-05,Демо-склад
Systeme Electric,DEMO-005,2025-06-10,13.0,SYN-DEMO-005-526,anon-06,Демо-склад
Systeme Electric,DEMO-005,2025-06-11,5.0,SYN-DEMO-005-527,anon-07,Демо-склад
Systeme Electric,DEMO-005,2025-06-12,14.0,SYN-DEMO-005-528,anon-08,Демо-склад
Systeme Electric,DEMO-005,2025-06-13,12.0,SYN-DEMO-005-529,anon-09,Демо-склад
Systeme Electric,DEMO-005,2025-06-14,15.0,SYN-DEMO-005-530,anon-10,Демо-склад
Systeme Electric,DEMO-005,2025-06-15,9.0,SYN-DEMO-005-531,anon-11,Демо-склад
Systeme Electric,DEMO-005,2025-06-16,11.0,SYN-DEMO-005-532,anon-12,Демо-склад
Systeme Electric,DEMO-005,2025-06-17,7.0,SYN-DEMO-005-533,anon-13,Демо-склад
Systeme Electric,DEMO-005,2025-06-18,7.0,SYN-DEMO-005-534,anon-14,Демо-склад
Systeme Electric,DEMO-005,2025-06-19,16.0,SYN-DEMO-005-535,anon-15,Демо-склад
Systeme Electric,DEMO-005,2025-06-20,12.0,SYN-DEMO-005-536,anon-16,Демо-склад
Systeme Electric,DEMO-005,2025-06-21,7.0,SYN-DEMO-005-537,anon-17,Демо-склад
Systeme Electric,DEMO-005,2025-06-22,7.0,SYN-DEMO-005-538,anon-18,Демо-склад
Systeme Electric,DEMO-005,2025-06-23,14.0,SYN-DEMO-005-539,anon-19,Демо-склад
Systeme Electric,DEMO-005,2025-06-24,7.0,SYN-DEMO-005-540,anon-00,Демо-склад
Systeme Electric,DEMO-005,2025-06-25,7.0,SYN-DEMO-005-541,anon-01,Демо-склад
Systeme Electric,DEMO-005,2025-06-26,9.0,SYN-DEMO-005-542,anon-02,Демо-склад
Systeme Electric,DEMO-005,2025-06-27,12.0,SYN-DEMO-005-543,anon-03,Демо-склад
Systeme Electric,DEMO-005,2025-06-28,11.0,SYN-DEMO-005-544,anon-04,Демо-склад
Systeme Electric,DEMO-005,2025-06-29,20.0,SYN-DEMO-005-545,anon-05,Демо-склад
Systeme Electric,DEMO-005,2025-06-30,11.0,SYN-DEMO-005-546,anon-06,Демо-склад
Systeme Electric,DEMO-005,2025-07-01,12.0,SYN-DEMO-005-547,anon-07,Демо-склад
Systeme Electric,DEMO-005,2025-07-02,14.0,SYN-DEMO-005-548,anon-08,Демо-склад
Systeme Electric,DEMO-005,2025-07-03,12.0,SYN-DEMO-005-549,anon-09,Демо-склад
Systeme Electric,DEMO-005,2025-07-04,14.0,SYN-DEMO-005-550,anon-10,Демо-склад
Systeme Electric,DEMO-005,2025-07-05,12.0,SYN-DEMO-005-551,anon-11,Демо-склад
Systeme Electric,DEMO-005,2025-07-06,6.0,SYN-DEMO-005-552,anon-12,Демо-склад
Systeme Electric,DEMO-005,2025-07-07,15.0,SYN-DEMO-005-553,anon-13,Демо-склад
Systeme Electric,DEMO-005,2025-07-08,8.0,SYN-DEMO-005-554,anon-14,Демо-склад
Systeme Electric,DEMO-005,2025-07-09,15.0,SYN-DEMO-005-555,anon-15,Демо-склад
Systeme Electric,DEMO-005,2025-07-10,7.0,SYN-DEMO-005-556,anon-16,Демо-склад
Systeme Electric,DEMO-005,2025-07-11,11.0,SYN-DEMO-005-557,anon-17,Демо-склад
Systeme Electric,DEMO-005,2025-07-12,12.0,SYN-DEMO-005-558,anon-18,Демо-склад
Systeme Electric,DEMO-005,2025-07-13,15.0,SYN-DEMO-005-559,anon-19,Демо-склад
Systeme Electric,DEMO-005,2025-07-14,12.0,SYN-DEMO-005-560,anon-00,Демо-склад
Systeme Electric,DEMO-005,2025-07-15,11.0,SYN-DEMO-005-561,anon-01,Демо-склад
Systeme Electric,DEMO-005,2025-07-16,6.0,SYN-DEMO-005-562,anon-02,Демо-склад
Systeme Electric,DEMO-005,2025-07-17,6.0,SYN-DEMO-005-563,anon-03,Демо-склад
Systeme Electric,DEMO-005,2025-07-18,14.0,SYN-DEMO-005-564,anon-04,Демо-склад
Systeme Electric,DEMO-005,2025-07-19,17.0,SYN-DEMO-005-565,anon-05,Демо-склад
Systeme Electric,DEMO-005,2025-07-20,8.0,SYN-DEMO-005-566,anon-06,Демо-склад
Systeme Electric,DEMO-005,2025-07-21,6.0,SYN-DEMO-005-567,anon-07,Демо-склад
Systeme Electric,DEMO-005,2025-07-22,8.0,SYN-DEMO-005-568,anon-08,Демо-склад
Systeme Electric,DEMO-005,2025-07-23,7.0,SYN-DEMO-005-569,anon-09,Демо-склад
Systeme Electric,DEMO-005,2025-07-24,6.0,SYN-DEMO-005-570,anon-10,Демо-склад
Systeme Electric,DEMO-005,2025-07-25,14.0,SYN-DEMO-005-571,anon-11,Демо-склад
Systeme Electric,DEMO-005,2025-07-26,8.0,SYN-DEMO-005-572,anon-12,Демо-склад
Systeme Electric,DEMO-005,2025-07-27,12.0,SYN-DEMO-005-573,anon-13,Демо-склад
Systeme Electric,DEMO-005,2025-07-28,12.0,SYN-DEMO-005-574,anon-14,Демо-склад
Systeme Electric,DEMO-005,2025-07-29,17.0,SYN-DEMO-005-575,anon-15,Демо-склад
Systeme Electric,DEMO-005,2025-07-30,16.0,SYN-DEMO-005-576,anon-16,Демо-склад
Systeme Electric,DEMO-005,2025-07-31,8.0,SYN-DEMO-005-577,anon-17,Демо-склад
Systeme Electric,DEMO-005,2025-08-01,9.0,SYN-DEMO-005-578,anon-18,Демо-склад
Systeme Electric,DEMO-005,2025-08-02,11.0,SYN-DEMO-005-579,anon-19,Демо-склад
Systeme Electric,DEMO-005,2025-08-03,10.0,SYN-DEMO-005-580,anon-00,Демо-склад
Systeme Electric,DEMO-005,2025-08-04,14.0,SYN-DEMO-005-581,anon-01,Демо-склад
Systeme Electric,DEMO-005,2025-08-05,6.0,SYN-DEMO-005-582,anon-02,Демо-склад
Systeme Electric,DEMO-005,2025-08-06,12.0,SYN-DEMO-005-583,anon-03,Демо-склад
Systeme Electric,DEMO-005,2025-08-07,11.0,SYN-DEMO-005-584,anon-04,Демо-склад
Systeme Electric,DEMO-005,2025-08-08,8.0,SYN-DEMO-005-585,anon-05,Демо-склад
Systeme Electric,DEMO-005,2025-08-09,11.0,SYN-DEMO-005-586,anon-06,Демо-склад
Systeme Electric,DEMO-005,2025-08-10,14.0,SYN-DEMO-005-587,anon-07,Демо-склад
Systeme Electric,DEMO-005,2025-08-11,18.0,SYN-DEMO-005-588,anon-08,Демо-склад
Systeme Electric,DEMO-005,2025-08-12,13.0,SYN-DEMO-005-589,anon-09,Демо-склад
Systeme Electric,DEMO-005,2025-08-13,8.0,SYN-DEMO-005-590,anon-10,Демо-склад
Systeme Electric,DEMO-005,2025-08-14,9.0,SYN-DEMO-005-591,anon-11,Демо-склад
Systeme Electric,DEMO-005,2025-08-15,9.0,SYN-DEMO-005-592,anon-12,Демо-склад
Systeme Electric,DEMO-005,2025-08-16,10.0,SYN-DEMO-005-593,anon-13,Демо-склад
Systeme Electric,DEMO-005,2025-08-17,9.0,SYN-DEMO-005-594,anon-14,Демо-склад
Systeme Electric,DEMO-005,2025-08-18,5.0,SYN-DEMO-005-595,anon-15,Демо-склад
Systeme Electric,DEMO-005,2025-08-19,12.0,SYN-DEMO-005-596,anon-16,Демо-склад
Systeme Electric,DEMO-005,2025-08-20,11.0,SYN-DEMO-005-597,anon-17,Демо-склад
Systeme Electric,DEMO-005,2025-08-21,7.0,SYN-DEMO-005-598,anon-18,Демо-склад
Systeme Electric,DEMO-005,2025-08-22,12.0,SYN-DEMO-005-599,anon-19,Демо-склад
Systeme Electric,DEMO-005,2025-08-23,12.0,SYN-DEMO-005-600,anon-00,Демо-склад
Systeme Electric,DEMO-005,2025-08-24,15.0,SYN-DEMO-005-601,anon-01,Демо-склад
Systeme Electric,DEMO-005,2025-08-25,9.0,SYN-DEMO-005-602,anon-02,Демо-склад
Systeme Electric,DEMO-005,2025-08-26,12.0,SYN-DEMO-005-603,anon-03,Демо-склад
Systeme Electric,DEMO-005,2025-08-27,13.0,SYN-DEMO-005-604,anon-04,Демо-склад
Systeme Electric,DEMO-005,2025-08-28,15.0,SYN-DEMO-005-605,anon-05,Демо-склад
Systeme Electric,DEMO-005,2025-08-29,10.0,SYN-DEMO-005-606,anon-06,Демо-склад
Systeme Electric,DEMO-005,2025-08-30,8.0,SYN-DEMO-005-607,anon-07,Демо-склад
Systeme Electric,DEMO-005,2025-08-31,9.0,SYN-DEMO-005-608,anon-08,Демо-склад
Systeme Electric,DEMO-005,2025-09-01,13.0,SYN-DEMO-005-609,anon-09,Демо-склад
Systeme Electric,DEMO-005,2025-09-02,5.0,SYN-DEMO-005-610,anon-10,Демо-склад
Systeme Electric,DEMO-005,2025-09-03,11.0,SYN-DEMO-005-611,anon-11,Демо-склад
Systeme Electric,DEMO-005,2025-09-04,10.0,SYN-DEMO-005-612,anon-12,Демо-склад
Systeme Electric,DEMO-005,2025-09-05,11.0,SYN-DEMO-005-613,anon-13,Демо-склад
Systeme Electric,DEMO-005,2025-09-06,10.0,SYN-DEMO-005-614,anon-14,Демо-склад
Systeme Electric,DEMO-005,2025-09-07,11.0,SYN-DEMO-005-615,anon-15,Демо-склад
Systeme Electric,DEMO-005,2025-09-08,9.0,SYN-DEMO-005-616,anon-16,Демо-склад
Systeme Electric,DEMO-005,2025-09-09,10.0,SYN-DEMO-005-617,anon-17,Демо-склад
Systeme Electric,DEMO-005,2025-09-10,16.0,SYN-DEMO-005-618,anon-18,Демо-склад
Systeme Electric,DEMO-005,2025-09-11,10.0,SYN-DEMO-005-619,anon-19,Демо-склад
Systeme Electric,DEMO-005,2025-09-12,9.0,SYN-DEMO-005-620,anon-00,Демо-склад
Systeme Electric,DEMO-005,2025-09-13,14.0,SYN-DEMO-005-621,anon-01,Демо-склад
Systeme Electric,DEMO-005,2025-09-14,17.0,SYN-DEMO-005-622,anon-02,Демо-склад
Systeme Electric,DEMO-005,2025-09-15,11.0,SYN-DEMO-005-623,anon-03,Демо-склад
Systeme Electric,DEMO-005,2025-09-16,8.0,SYN-DEMO-005-624,anon-04,Демо-склад
Systeme Electric,DEMO-005,2025-09-17,7.0,SYN-DEMO-005-625,anon-05,Демо-склад
Systeme Electric,DEMO-005,2025-09-18,9.0,SYN-DEMO-005-626,anon-06,Демо-склад
Systeme Electric,DEMO-005,2025-09-19,11.0,SYN-DEMO-005-627,anon-07,Демо-склад
Systeme Electric,DEMO-005,2025-09-20,9.0,SYN-DEMO-005-628,anon-08,Демо-склад
Systeme Electric,DEMO-005,2025-09-21,7.0,SYN-DEMO-005-629,anon-09,Демо-склад
Systeme Electric,DEMO-005,2025-09-22,10.0,SYN-DEMO-005-630,anon-10,Демо-склад
Systeme Electric,DEMO-005,2025-09-23,15.0,SYN-DEMO-005-631,anon-11,Демо-склад
Systeme Electric,DEMO-005,2025-09-24,6.0,SYN-DEMO-005-632,anon-12,Демо-склад
Systeme Electric,DEMO-005,2025-09-25,7.0,SYN-DEMO-005-633,anon-13,Демо-склад
Systeme Electric,DEMO-005,2025-09-26,12.0,SYN-DEMO-005-634,anon-14,Демо-склад
Systeme Electric,DEMO-005,2025-09-27,7.0,SYN-DEMO-005-635,anon-15,Демо-склад
Systeme Electric,DEMO-005,2025-09-28,11.0,SYN-DEMO-005-636,anon-16,Демо-склад
Systeme Electric,DEMO-005,2025-09-29,9.0,SYN-DEMO-005-637,anon-17,Демо-склад
Systeme Electric,DEMO-005,2025-09-30,10.0,SYN-DEMO-005-638,anon-18,Демо-склад
Systeme Electric,DEMO-005,2025-10-01,11.0,SYN-DEMO-005-639,anon-19,Демо-склад
Systeme Electric,DEMO-005,2025-10-02,4.0,SYN-DEMO-005-640,anon-00,Демо-склад
Systeme Electric,DEMO-005,2025-10-03,15.0,SYN-DEMO-005-641,anon-01,Демо-склад
Systeme Electric,DEMO-005,2025-10-04,11.0,SYN-DEMO-005-642,anon-02,Демо-склад
Systeme Electric,DEMO-005,2025-10-05,15.0,SYN-DEMO-005-643,anon-03,Демо-склад
Systeme Electric,DEMO-005,2025-10-06,9.0,SYN-DEMO-005-644,anon-04,Демо-склад
Systeme Electric,DEMO-005,2025-10-07,11.0,SYN-DEMO-005-645,anon-05,Демо-склад
Systeme Electric,DEMO-005,2025-10-08,15.0,SYN-DEMO-005-646,anon-06,Демо-склад
Systeme Electric,DEMO-005,2025-10-09,12.0,SYN-DEMO-005-647,anon-07,Демо-склад
Systeme Electric,DEMO-005,2025-10-10,7.0,SYN-DEMO-005-648,anon-08,Демо-склад
Systeme Electric,DEMO-005,2025-10-11,13.0,SYN-DEMO-005-649,anon-09,Демо-склад
Systeme Electric,DEMO-005,2025-10-12,11.0,SYN-DEMO-005-650,anon-10,Демо-склад
Systeme Electric,DEMO-005,2025-10-13,10.0,SYN-DEMO-005-651,anon-11,Демо-склад
Systeme Electric,DEMO-005,2025-10-14,7.0,SYN-DEMO-005-652,anon-12,Демо-склад
Systeme Electric,DEMO-005,2025-10-15,6.0,SYN-DEMO-005-653,anon-13,Демо-склад
Systeme Electric,DEMO-005,2025-10-16,11.0,SYN-DEMO-005-654,anon-14,Демо-склад
Systeme Electric,DEMO-005,2025-10-17,15.0,SYN-DEMO-005-655,anon-15,Демо-склад
Systeme Electric,DEMO-005,2025-10-18,15.0,SYN-DEMO-005-656,anon-16,Демо-склад
Systeme Electric,DEMO-005,2025-10-19,11.0,SYN-DEMO-005-657,anon-17,Демо-склад
Systeme Electric,DEMO-005,2025-10-20,11.0,SYN-DEMO-005-658,anon-18,Демо-склад
Systeme Electric,DEMO-005,2025-10-21,15.0,SYN-DEMO-005-659,anon-19,Демо-склад
Systeme Electric,DEMO-005,2025-10-22,13.0,SYN-DEMO-005-660,anon-00,Демо-склад
Systeme Electric,DEMO-005,2025-10-23,8.0,SYN-DEMO-005-661,anon-01,Демо-склад
Systeme Electric,DEMO-005,2025-10-24,10.0,SYN-DEMO-005-662,anon-02,Демо-склад
Systeme Electric,DEMO-005,2025-10-25,14.0,SYN-DEMO-005-663,anon-03,Демо-склад
Systeme Electric,DEMO-005,2025-10-26,11.0,SYN-DEMO-005-664,anon-04,Демо-склад
Systeme Electric,DEMO-005,2025-10-27,8.0,SYN-DEMO-005-665,anon-05,Демо-склад
Systeme Electric,DEMO-005,2025-10-28,15.0,SYN-DEMO-005-666,anon-06,Демо-склад
Systeme Electric,DEMO-005,2025-10-29,14.0,SYN-DEMO-005-667,anon-07,Демо-склад
Systeme Electric,DEMO-005,2025-10-30,9.0,SYN-DEMO-005-668,anon-08,Демо-склад
Systeme Electric,DEMO-005,2025-10-31,11.0,SYN-DEMO-005-669,anon-09,Демо-склад
Systeme Electric,DEMO-005,2025-11-01,10.0,SYN-DEMO-005-670,anon-10,Демо-склад
Systeme Electric,DEMO-005,2025-11-02,11.0,SYN-DEMO-005-671,anon-11,Демо-склад
Systeme Electric,DEMO-005,2025-11-03,10.0,SYN-DEMO-005-672,anon-12,Демо-склад
Systeme Electric,DEMO-005,2025-11-04,19.0,SYN-DEMO-005-673,anon-13,Демо-склад
Systeme Electric,DEMO-005,2025-11-05,10.0,SYN-DEMO-005-674,anon-14,Демо-склад
Systeme Electric,DEMO-005,2025-11-06,12.0,SYN-DEMO-005-675,anon-15,Демо-склад
Systeme Electric,DEMO-005,2025-11-07,6.0,SYN-DEMO-005-676,anon-16,Демо-склад
Systeme Electric,DEMO-005,2025-11-08,18.0,SYN-DEMO-005-677,anon-17,Демо-склад
Systeme Electric,DEMO-005,2025-11-09,13.0,SYN-DEMO-005-678,anon-18,Демо-склад
Systeme Electric,DEMO-005,2025-11-10,14.0,SYN-DEMO-005-679,anon-19,Демо-склад
Systeme Electric,DEMO-005,2025-11-11,17.0,SYN-DEMO-005-680,anon-00,Демо-склад
Systeme Electric,DEMO-005,2025-11-12,14.0,SYN-DEMO-005-681,anon-01,Демо-склад
Systeme Electric,DEMO-005,2025-11-13,11.0,SYN-DEMO-005-682,anon-02,Демо-склад
Systeme Electric,DEMO-005,2025-11-14,11.0,SYN-DEMO-005-683,anon-03,Демо-склад
Systeme Electric,DEMO-005,2025-11-15,14.0,SYN-DEMO-005-684,anon-04,Демо-склад
Systeme Electric,DEMO-005,2025-11-16,17.0,SYN-DEMO-005-685,anon-05,Демо-склад
Systeme Electric,DEMO-005,2025-11-17,10.0,SYN-DEMO-005-686,anon-06,Демо-склад
Systeme Electric,DEMO-005,2025-11-18,9.0,SYN-DEMO-005-687,anon-07,Демо-склад
Systeme Electric,DEMO-005,2025-11-19,8.0,SYN-DEMO-005-688,anon-08,Демо-склад
Systeme Electric,DEMO-005,2025-11-20,4.0,SYN-DEMO-005-689,anon-09,Демо-склад
Systeme Electric,DEMO-005,2025-11-21,10.0,SYN-DEMO-005-690,anon-10,Демо-склад
Systeme Electric,DEMO-005,2025-11-22,10.0,SYN-DEMO-005-691,anon-11,Демо-склад
Systeme Electric,DEMO-005,2025-11-23,10.0,SYN-DEMO-005-692,anon-12,Демо-склад
Systeme Electric,DEMO-005,2025-11-24,15.0,SYN-DEMO-005-693,anon-13,Демо-склад
Systeme Electric,DEMO-005,2025-11-25,11.0,SYN-DEMO-005-694,anon-14,Демо-склад
Systeme Electric,DEMO-005,2025-11-26,18.0,SYN-DEMO-005-695,anon-15,Демо-склад
Systeme Electric,DEMO-005,2025-11-27,11.0,SYN-DEMO-005-696,anon-16,Демо-склад
Systeme Electric,DEMO-005,2025-11-28,13.0,SYN-DEMO-005-697,anon-17,Демо-склад
Systeme Electric,DEMO-005,2025-11-29,9.0,SYN-DEMO-005-698,anon-18,Демо-склад
Systeme Electric,DEMO-005,2025-11-30,13.0,SYN-DEMO-005-699,anon-19,Демо-склад
Systeme Electric,DEMO-005,2025-12-01,7.0,SYN-DEMO-005-700,anon-00,Демо-склад
Systeme Electric,DEMO-005,2025-12-02,14.0,SYN-DEMO-005-701,anon-01,Демо-склад
Systeme Electric,DEMO-005,2025-12-03,11.0,SYN-DEMO-005-702,anon-02,Демо-склад
Systeme Electric,DEMO-005,2025-12-04,9.0,SYN-DEMO-005-703,anon-03,Демо-склад
Systeme Electric,DEMO-005,2025-12-05,12.0,SYN-DEMO-005-704,anon-04,Демо-склад
Systeme Electric,DEMO-005,2025-12-06,15.0,SYN-DEMO-005-705,anon-05,Демо-склад
Systeme Electric,DEMO-005,2025-12-07,14.0,SYN-DEMO-005-706,anon-06,Демо-склад
Systeme Electric,DEMO-005,2025-12-08,11.0,SYN-DEMO-005-707,anon-07,Демо-склад
Systeme Electric,DEMO-005,2025-12-09,10.0,SYN-DEMO-005-708,anon-08,Демо-склад
Systeme Electric,DEMO-005,2025-12-10,8.0,SYN-DEMO-005-709,anon-09,Демо-склад
Systeme Electric,DEMO-005,2025-12-11,10.0,SYN-DEMO-005-710,anon-10,Демо-склад
Systeme Electric,DEMO-005,2025-12-12,8.0,SYN-DEMO-005-711,anon-11,Демо-склад
Systeme Electric,DEMO-005,2025-12-13,11.0,SYN-DEMO-005-712,anon-12,Демо-склад
Systeme Electric,DEMO-005,2025-12-14,15.0,SYN-DEMO-005-713,anon-13,Демо-склад
Systeme Electric,DEMO-005,2025-12-15,13.0,SYN-DEMO-005-714,anon-14,Демо-склад
Systeme Electric,DEMO-005,2025-12-16,14.0,SYN-DEMO-005-715,anon-15,Демо-склад
Systeme Electric,DEMO-005,2025-12-17,6.0,SYN-DEMO-005-716,anon-16,Демо-склад
Systeme Electric,DEMO-005,2025-12-18,9.0,SYN-DEMO-005-717,anon-17,Демо-склад
Systeme Electric,DEMO-005,2025-12-19,13.0,SYN-DEMO-005-718,anon-18,Демо-склад
Systeme Electric,DEMO-005,2025-12-20,10.0,SYN-DEMO-005-719,anon-19,Демо-склад
Systeme Electric,DEMO-005,2025-12-21,7.0,SYN-DEMO-005-720,anon-00,Демо-склад
Systeme Electric,DEMO-005,2025-12-22,18.0,SYN-DEMO-005-721,anon-01,Демо-склад
Systeme Electric,DEMO-005,2025-12-23,15.0,SYN-DEMO-005-722,anon-02,Демо-склад
Systeme Electric,DEMO-005,2025-12-24,8.0,SYN-DEMO-005-723,anon-03,Демо-склад
Systeme Electric,DEMO-005,2025-12-25,7.0,SYN-DEMO-005-724,anon-04,Демо-склад
Systeme Electric,DEMO-005,2025-12-26,14.0,SYN-DEMO-005-725,anon-05,Демо-склад
Systeme Electric,DEMO-005,2025-12-27,11.0,SYN-DEMO-005-726,anon-06,Демо-склад
Systeme Electric,DEMO-005,2025-12-28,17.0,SYN-DEMO-005-727,anon-07,Демо-склад
Systeme Electric,DEMO-005,2025-12-29,14.0,SYN-DEMO-005-728,anon-08,Демо-склад
Systeme Electric,DEMO-005,2025-12-30,16.0,SYN-DEMO-005-729,anon-09,Демо-склад
Systeme Electric,DEMO-005,2025-12-31,7.0,SYN-DEMO-005-730,anon-10,Демо-склад
Systeme Electric,DEMO-005,2026-01-01,13.0,SYN-DEMO-005-731,anon-11,Демо-склад
Systeme Electric,DEMO-005,2026-01-02,9.0,SYN-DEMO-005-732,anon-12,Демо-склад
Systeme Electric,DEMO-005,2026-01-03,15.0,SYN-DEMO-005-733,anon-13,Демо-склад
Systeme Electric,DEMO-005,2026-01-04,8.0,SYN-DEMO-005-734,anon-14,Демо-склад
Systeme Electric,DEMO-005,2026-01-05,12.0,SYN-DEMO-005-735,anon-15,Демо-склад
Systeme Electric,DEMO-005,2026-01-06,16.0,SYN-DEMO-005-736,anon-16,Демо-склад
Systeme Electric,DEMO-005,2026-01-07,14.0,SYN-DEMO-005-737,anon-17,Демо-склад
Systeme Electric,DEMO-005,2026-01-08,14.0,SYN-DEMO-005-738,anon-18,Демо-склад
Systeme Electric,DEMO-005,2026-01-09,14.0,SYN-DEMO-005-739,anon-19,Демо-склад
Systeme Electric,DEMO-005,2026-01-10,16.0,SYN-DEMO-005-740,anon-00,Демо-склад
Systeme Electric,DEMO-005,2026-01-11,11.0,SYN-DEMO-005-741,anon-01,Демо-склад
Systeme Electric,DEMO-005,2026-01-12,11.0,SYN-DEMO-005-742,anon-02,Демо-склад
Systeme Electric,DEMO-005,2026-01-13,12.0,SYN-DEMO-005-743,anon-03,Демо-склад
Systeme Electric,DEMO-005,2026-01-14,16.0,SYN-DEMO-005-744,anon-04,Демо-склад
Systeme Electric,DEMO-005,2026-01-15,4.0,SYN-DEMO-005-745,anon-05,Демо-склад
Systeme Electric,DEMO-005,2026-01-16,11.0,SYN-DEMO-005-746,anon-06,Демо-склад
Systeme Electric,DEMO-005,2026-01-17,19.0,SYN-DEMO-005-747,anon-07,Демо-склад
Systeme Electric,DEMO-005,2026-01-18,17.0,SYN-DEMO-005-748,anon-08,Демо-склад
Systeme Electric,DEMO-005,2026-01-19,8.0,SYN-DEMO-005-749,anon-09,Демо-склад
Systeme Electric,DEMO-005,2026-01-20,13.0,SYN-DEMO-005-750,anon-10,Демо-склад
Systeme Electric,DEMO-005,2026-01-21,11.0,SYN-DEMO-005-751,anon-11,Демо-склад
Systeme Electric,DEMO-005,2026-01-22,8.0,SYN-DEMO-005-752,anon-12,Демо-склад
Systeme Electric,DEMO-005,2026-01-23,14.0,SYN-DEMO-005-753,anon-13,Демо-склад
Systeme Electric,DEMO-005,2026-01-24,7.0,SYN-DEMO-005-754,anon-14,Демо-склад
Systeme Electric,DEMO-005,2026-01-25,11.0,SYN-DEMO-005-755,anon-15,Демо-склад
Systeme Electric,DEMO-005,2026-01-26,11.0,SYN-DEMO-005-756,anon-16,Демо-склад
Systeme Electric,DEMO-005,2026-01-27,11.0,SYN-DEMO-005-757,anon-17,Демо-склад
Systeme Electric,DEMO-005,2026-01-28,11.0,SYN-DEMO-005-758,anon-18,Демо-склад
Systeme Electric,DEMO-005,2026-01-29,14.0,SYN-DEMO-005-759,anon-19,Демо-склад
Systeme Electric,DEMO-005,2026-01-30,7.0,SYN-DEMO-005-760,anon-00,Демо-склад
Systeme Electric,DEMO-005,2026-01-31,11.0,SYN-DEMO-005-761,anon-01,Демо-склад
Systeme Electric,DEMO-005,2026-02-01,12.0,SYN-DEMO-005-762,anon-02,Демо-склад
Systeme Electric,DEMO-005,2026-02-02,13.0,SYN-DEMO-005-763,anon-03,Демо-склад
Systeme Electric,DEMO-005,2026-02-03,18.0,SYN-DEMO-005-764,anon-04,Демо-склад
Systeme Electric,DEMO-005,2026-02-04,8.0,SYN-DEMO-005-765,anon-05,Демо-склад
Systeme Electric,DEMO-005,2026-02-05,8.0,SYN-DEMO-005-766,anon-06,Демо-склад
Systeme Electric,DEMO-005,2026-02-06,7.0,SYN-DEMO-005-767,anon-07,Демо-склад
Systeme Electric,DEMO-005,2026-02-07,7.0,SYN-DEMO-005-768,anon-08,Демо-склад
Systeme Electric,DEMO-005,2026-02-08,8.0,SYN-DEMO-005-769,anon-09,Демо-склад
Systeme Electric,DEMO-005,2026-02-09,13.0,SYN-DEMO-005-770,anon-10,Демо-склад
Systeme Electric,DEMO-005,2026-02-10,5.0,SYN-DEMO-005-771,anon-11,Демо-склад
Systeme Electric,DEMO-005,2026-02-11,8.0,SYN-DEMO-005-772,anon-12,Демо-склад
Systeme Electric,DEMO-005,2026-02-12,14.0,SYN-DEMO-005-773,anon-13,Демо-склад
Systeme Electric,DEMO-005,2026-02-13,7.0,SYN-DEMO-005-774,anon-14,Демо-склад
Systeme Electric,DEMO-005,2026-02-14,7.0,SYN-DEMO-005-775,anon-15,Демо-склад
Systeme Electric,DEMO-005,2026-02-15,5.0,SYN-DEMO-005-776,anon-16,Демо-склад
Systeme Electric,DEMO-005,2026-02-16,6.0,SYN-DEMO-005-777,anon-17,Демо-склад
Systeme Electric,DEMO-005,2026-02-17,10.0,SYN-DEMO-005-778,anon-18,Демо-склад
Systeme Electric,DEMO-005,2026-02-18,11.0,SYN-DEMO-005-779,anon-19,Демо-склад
Systeme Electric,DEMO-005,2026-02-19,10.0,SYN-DEMO-005-780,anon-00,Демо-склад
Systeme Electric,DEMO-005,2026-02-20,9.0,SYN-DEMO-005-781,anon-01,Демо-склад
Systeme Electric,DEMO-005,2026-02-21,12.0,SYN-DEMO-005-782,anon-02,Демо-склад
Systeme Electric,DEMO-005,2026-02-22,18.0,SYN-DEMO-005-783,anon-03,Демо-склад
Systeme Electric,DEMO-005,2026-02-23,16.0,SYN-DEMO-005-784,anon-04,Демо-склад
Systeme Electric,DEMO-005,2026-02-24,11.0,SYN-DEMO-005-785,anon-05,Демо-склад
Systeme Electric,DEMO-005,2026-02-25,8.0,SYN-DEMO-005-786,anon-06,Демо-склад
Systeme Electric,DEMO-005,2026-02-26,11.0,SYN-DEMO-005-787,anon-07,Демо-склад
Systeme Electric,DEMO-005,2026-02-27,8.0,SYN-DEMO-005-788,anon-08,Демо-склад
Systeme Electric,DEMO-005,2026-02-28,11.0,SYN-DEMO-005-789,anon-09,Демо-склад
Systeme Electric,DEMO-005,2026-03-01,19.0,SYN-DEMO-005-790,anon-10,Демо-склад
Systeme Electric,DEMO-005,2026-03-02,7.0,SYN-DEMO-005-791,anon-11,Демо-склад
Systeme Electric,DEMO-005,2026-03-03,9.0,SYN-DEMO-005-792,anon-12,Демо-склад
Systeme Electric,DEMO-005,2026-03-04,11.0,SYN-DEMO-005-793,anon-13,Демо-склад
Systeme Electric,DEMO-005,2026-03-05,9.0,SYN-DEMO-005-794,anon-14,Демо-склад
Systeme Electric,DEMO-005,2026-03-06,10.0,SYN-DEMO-005-795,anon-15,Демо-склад
Systeme Electric,DEMO-005,2026-03-07,11.0,SYN-DEMO-005-796,anon-16,Демо-склад
Systeme Electric,DEMO-005,2026-03-08,16.0,SYN-DEMO-005-797,anon-17,Демо-склад
Systeme Electric,DEMO-005,2026-03-09,17.0,SYN-DEMO-005-798,anon-18,Демо-склад
Systeme Electric,DEMO-005,2026-03-10,9.0,SYN-DEMO-005-799,anon-19,Демо-склад
Systeme Electric,DEMO-005,2026-03-11,5.0,SYN-DEMO-005-800,anon-00,Демо-склад
Systeme Electric,DEMO-005,2026-03-12,8.0,SYN-DEMO-005-801,anon-01,Демо-склад
Systeme Electric,DEMO-005,2026-03-13,17.0,SYN-DEMO-005-802,anon-02,Демо-склад
Systeme Electric,DEMO-005,2026-03-14,9.0,SYN-DEMO-005-803,anon-03,Демо-склад
Systeme Electric,DEMO-005,2026-03-15,14.0,SYN-DEMO-005-804,anon-04,Демо-склад
Systeme Electric,DEMO-005,2026-03-16,14.0,SYN-DEMO-005-805,anon-05,Демо-склад
Systeme Electric,DEMO-005,2026-03-17,9.0,SYN-DEMO-005-806,anon-06,Демо-склад
Systeme Electric,DEMO-005,2026-03-18,11.0,SYN-DEMO-005-807,anon-07,Демо-склад
Systeme Electric,DEMO-005,2026-03-19,16.0,SYN-DEMO-005-808,anon-08,Демо-склад
Systeme Electric,DEMO-005,2026-03-20,8.0,SYN-DEMO-005-809,anon-09,Демо-склад
Systeme Electric,DEMO-005,2026-03-21,13.0,SYN-DEMO-005-810,anon-10,Демо-склад
Systeme Electric,DEMO-005,2026-03-22,11.0,SYN-DEMO-005-811,anon-11,Демо-склад
Systeme Electric,DEMO-005,2026-03-23,14.0,SYN-DEMO-005-812,anon-12,Демо-склад
Systeme Electric,DEMO-005,2026-03-24,9.0,SYN-DEMO-005-813,anon-13,Демо-склад
Systeme Electric,DEMO-005,2026-03-25,11.0,SYN-DEMO-005-814,anon-14,Демо-склад
Systeme Electric,DEMO-005,2026-03-26,6.0,SYN-DEMO-005-815,anon-15,Демо-склад
Systeme Electric,DEMO-005,2026-03-27,14.0,SYN-DEMO-005-816,anon-16,Демо-склад
Systeme Electric,DEMO-005,2026-03-28,10.0,SYN-DEMO-005-817,anon-17,Демо-склад
Systeme Electric,DEMO-005,2026-03-29,12.0,SYN-DEMO-005-818,anon-18,Демо-склад
Systeme Electric,DEMO-005,2026-03-30,12.0,SYN-DEMO-005-819,anon-19,Демо-склад
Systeme Electric,DEMO-005,2026-03-31,14.0,SYN-DEMO-005-820,anon-00,Демо-склад
Systeme Electric,DEMO-005,2026-04-01,14.0,SYN-DEMO-005-821,anon-01,Демо-склад
Systeme Electric,DEMO-005,2026-04-02,13.0,SYN-DEMO-005-822,anon-02,Демо-склад
Systeme Electric,DEMO-005,2026-04-03,9.0,SYN-DEMO-005-823,anon-03,Демо-склад
Systeme Electric,DEMO-005,2026-04-04,8.0,SYN-DEMO-005-824,anon-04,Демо-склад
Systeme Electric,DEMO-005,2026-04-05,17.0,SYN-DEMO-005-825,anon-05,Демо-склад
Systeme Electric,DEMO-005,2026-04-06,12.0,SYN-DEMO-005-826,anon-06,Демо-склад
Systeme Electric,DEMO-005,2026-04-07,5.0,SYN-DEMO-005-827,anon-07,Демо-склад
Systeme Electric,DEMO-005,2026-04-08,7.0,SYN-DEMO-005-828,anon-08,Демо-склад
Systeme Electric,DEMO-005,2026-04-09,9.0,SYN-DEMO-005-829,anon-09,Демо-склад
Systeme Electric,DEMO-005,2026-04-10,10.0,SYN-DEMO-005-830,anon-10,Демо-склад
Systeme Electric,DEMO-005,2026-04-11,7.0,SYN-DEMO-005-831,anon-11,Демо-склад
Systeme Electric,DEMO-005,2026-04-12,9.0,SYN-DEMO-005-832,anon-12,Демо-склад
Systeme Electric,DEMO-005,2026-04-13,8.0,SYN-DEMO-005-833,anon-13,Демо-склад
Systeme Electric,DEMO-005,2026-04-14,15.0,SYN-DEMO-005-834,anon-14,Демо-склад
Systeme Electric,DEMO-005,2026-04-15,15.0,SYN-DEMO-005-835,anon-15,Демо-склад
Systeme Electric,DEMO-005,2026-04-16,8.0,SYN-DEMO-005-836,anon-16,Демо-склад
Systeme Electric,DEMO-005,2026-04-17,8.0,SYN-DEMO-005-837,anon-17,Демо-склад
Systeme Electric,DEMO-005,2026-04-18,13.0,SYN-DEMO-005-838,anon-18,Демо-склад
Systeme Electric,DEMO-005,2026-04-19,12.0,SYN-DEMO-005-839,anon-19,Демо-склад
Systeme Electric,DEMO-005,2026-04-20,13.0,SYN-DEMO-005-840,anon-00,Демо-склад
Systeme Electric,DEMO-005,2026-04-21,9.0,SYN-DEMO-005-841,anon-01,Демо-склад
Systeme Electric,DEMO-005,2026-04-22,7.0,SYN-DEMO-005-842,anon-02,Демо-склад
Systeme Electric,DEMO-005,2026-04-23,12.0,SYN-DEMO-005-843,anon-03,Демо-склад
Systeme Electric,DEMO-005,2026-04-24,4.0,SYN-DEMO-005-844,anon-04,Демо-склад
Systeme Electric,DEMO-005,2026-04-25,10.0,SYN-DEMO-005-845,anon-05,Демо-склад
Systeme Electric,DEMO-005,2026-04-26,13.0,SYN-DEMO-005-846,anon-06,Демо-склад
Systeme Electric,DEMO-005,2026-04-27,8.0,SYN-DEMO-005-847,anon-07,Демо-склад
Systeme Electric,DEMO-005,2026-04-28,5.0,SYN-DEMO-005-848,anon-08,Демо-склад
Systeme Electric,DEMO-005,2026-04-29,16.0,SYN-DEMO-005-849,anon-09,Демо-склад
Systeme Electric,DEMO-005,2026-04-30,7.0,SYN-DEMO-005-850,anon-10,Демо-склад
Systeme Electric,DEMO-005,2026-05-01,17.0,SYN-DEMO-005-851,anon-11,Демо-склад
Systeme Electric,DEMO-005,2026-05-02,11.0,SYN-DEMO-005-852,anon-12,Демо-склад
Systeme Electric,DEMO-005,2026-05-03,14.0,SYN-DEMO-005-853,anon-13,Демо-склад
Systeme Electric,DEMO-005,2026-05-04,13.0,SYN-DEMO-005-854,anon-14,Демо-склад
Systeme Electric,DEMO-005,2026-05-05,14.0,SYN-DEMO-005-855,anon-15,Демо-склад
Systeme Electric,DEMO-005,2026-05-06,15.0,SYN-DEMO-005-856,anon-16,Демо-склад
Systeme Electric,DEMO-005,2026-05-07,14.0,SYN-DEMO-005-857,anon-17,Демо-склад
Systeme Electric,DEMO-005,2026-05-08,10.0,SYN-DEMO-005-858,anon-18,Демо-склад
Systeme Electric,DEMO-005,2026-05-09,9.0,SYN-DEMO-005-859,anon-19,Демо-склад
Systeme Electric,DEMO-005,2026-05-10,12.0,SYN-DEMO-005-860,anon-00,Демо-склад
Systeme Electric,DEMO-005,2026-05-11,3.0,SYN-DEMO-005-861,anon-01,Демо-склад
Systeme Electric,DEMO-005,2026-05-12,9.0,SYN-DEMO-005-862,anon-02,Демо-склад
Systeme Electric,DEMO-005,2026-05-13,13.0,SYN-DEMO-005-863,anon-03,Демо-склад
Systeme Electric,DEMO-005,2026-05-14,10.0,SYN-DEMO-005-864,anon-04,Демо-склад
Systeme Electric,DEMO-005,2026-05-15,12.0,SYN-DEMO-005-865,anon-05,Демо-склад
Systeme Electric,DEMO-005,2026-05-16,9.0,SYN-DEMO-005-866,anon-06,Демо-склад
Systeme Electric,DEMO-005,2026-05-17,7.0,SYN-DEMO-005-867,anon-07,Демо-склад
Systeme Electric,DEMO-005,2026-05-18,6.0,SYN-DEMO-005-868,anon-08,Демо-склад
Systeme Electric,DEMO-005,2026-05-19,12.0,SYN-DEMO-005-869,anon-09,Демо-склад
Systeme Electric,DEMO-005,2026-05-20,8.0,SYN-DEMO-005-870,anon-10,Демо-склад
Systeme Electric,DEMO-005,2026-05-21,8.0,SYN-DEMO-005-871,anon-11,Демо-склад
Systeme Electric,DEMO-005,2026-05-22,13.0,SYN-DEMO-005-872,anon-12,Демо-склад
Systeme Electric,DEMO-005,2026-05-23,14.0,SYN-DEMO-005-873,anon-13,Демо-склад
Systeme Electric,DEMO-005,2026-05-24,15.0,SYN-DEMO-005-874,anon-14,Демо-склад
Systeme Electric,DEMO-005,2026-05-25,8.0,SYN-DEMO-005-875,anon-15,Демо-склад
Systeme Electric,DEMO-005,2026-05-26,6.0,SYN-DEMO-005-876,anon-16,Демо-склад
Systeme Electric,DEMO-005,2026-05-27,14.0,SYN-DEMO-005-877,anon-17,Демо-склад
Systeme Electric,DEMO-005,2026-05-28,16.0,SYN-DEMO-005-878,anon-18,Демо-склад
Systeme Electric,DEMO-005,2026-05-29,8.0,SYN-DEMO-005-879,anon-19,Демо-склад
Systeme Electric,DEMO-005,2026-05-30,10.0,SYN-DEMO-005-880,anon-00,Демо-склад
Systeme Electric,DEMO-005,2026-05-31,8.0,SYN-DEMO-005-881,anon-01,Демо-склад
Systeme Electric,DEMO-005,2026-06-01,7.0,SYN-DEMO-005-882,anon-02,Демо-склад
Systeme Electric,DEMO-005,2026-06-02,17.0,SYN-DEMO-005-883,anon-03,Демо-склад
Systeme Electric,DEMO-005,2026-06-03,15.0,SYN-DEMO-005-884,anon-04,Демо-склад
Systeme Electric,DEMO-005,2026-06-04,16.0,SYN-DEMO-005-885,anon-05,Демо-склад
Systeme Electric,DEMO-005,2026-06-05,12.0,SYN-DEMO-005-886,anon-06,Демо-склад
Systeme Electric,DEMO-005,2026-06-06,10.0,SYN-DEMO-005-887,anon-07,Демо-склад
Systeme Electric,DEMO-005,2026-06-07,4.0,SYN-DEMO-005-888,anon-08,Демо-склад
Systeme Electric,DEMO-005,2026-06-08,15.0,SYN-DEMO-005-889,anon-09,Демо-склад
Systeme Electric,DEMO-005,2026-06-09,13.0,SYN-DEMO-005-890,anon-10,Демо-склад
Systeme Electric,DEMO-005,2026-06-10,10.0,SYN-DEMO-005-891,anon-11,Демо-склад
Systeme Electric,DEMO-005,2026-06-11,11.0,SYN-DEMO-005-892,anon-12,Демо-склад
Systeme Electric,DEMO-005,2026-06-12,15.0,SYN-DEMO-005-893,anon-13,Демо-склад
Systeme Electric,DEMO-005,2026-06-13,9.0,SYN-DEMO-005-894,anon-14,Демо-склад
Systeme Electric,DEMO-005,2026-06-14,6.0,SYN-DEMO-005-895,anon-15,Демо-склад
Systeme Electric,DEMO-005,2026-06-15,11.0,SYN-DEMO-005-896,anon-16,Демо-склад
Systeme Electric,DEMO-005,2026-06-16,9.0,SYN-DEMO-005-897,anon-17,Демо-склад
Systeme Electric,DEMO-005,2026-06-17,12.0,SYN-DEMO-005-898,anon-18,Демо-склад
Systeme Electric,DEMO-005,2026-06-18,17.0,SYN-DEMO-005-899,anon-19,Демо-склад
Systeme Electric,DEMO-005,2026-06-19,14.0,SYN-DEMO-005-900,anon-00,Демо-склад
Systeme Electric,DEMO-005,2026-06-20,8.0,SYN-DEMO-005-901,anon-01,Демо-склад
Systeme Electric,DEMO-005,2026-06-21,13.0,SYN-DEMO-005-902,anon-02,Демо-склад
Systeme Electric,DEMO-005,2026-06-22,12.0,SYN-DEMO-005-903,anon-03,Демо-склад
Systeme Electric,DEMO-005,2026-06-23,8.0,SYN-DEMO-005-904,anon-04,Демо-склад
Systeme Electric,DEMO-005,2026-06-24,5.0,SYN-DEMO-005-905,anon-05,Демо-склад
Systeme Electric,DEMO-005,2026-06-25,15.0,SYN-DEMO-005-906,anon-06,Демо-склад
Systeme Electric,DEMO-005,2026-06-26,11.0,SYN-DEMO-005-907,anon-07,Демо-склад
Systeme Electric,DEMO-005,2026-06-27,9.0,SYN-DEMO-005-908,anon-08,Демо-склад
Systeme Electric,DEMO-005,2026-06-28,11.0,SYN-DEMO-005-909,anon-09,Демо-склад
Systeme Electric,DEMO-005,2026-06-29,10.0,SYN-DEMO-005-910,anon-10,Демо-склад
Systeme Electric,DEMO-005,2026-06-30,9.0,SYN-DEMO-005-911,anon-11,Демо-склад
Systeme Electric,DEMO-005,2026-07-01,10.0,SYN-DEMO-005-912,anon-12,Демо-склад
Systeme Electric,DEMO-005,2026-07-02,16.0,SYN-DEMO-005-913,anon-13,Демо-склад
Systeme Electric,DEMO-005,2026-07-03,15.0,SYN-DEMO-005-914,anon-14,Демо-склад
Systeme Electric,DEMO-005,2026-07-04,13.0,SYN-DEMO-005-915,anon-15,Демо-склад
Systeme Electric,DEMO-005,2026-07-05,11.0,SYN-DEMO-005-916,anon-16,Демо-склад
Systeme Electric,DEMO-005,2026-07-06,9.0,SYN-DEMO-005-917,anon-17,Демо-склад
Systeme Electric,DEMO-005,2026-07-07,9.0,SYN-DEMO-005-918,anon-18,Демо-склад
Systeme Electric,DEMO-005,2026-07-08,12.0,SYN-DEMO-005-919,anon-19,Демо-склад
Systeme Electric,DEMO-005,2026-07-09,16.0,SYN-DEMO-005-920,anon-00,Демо-склад
Systeme Electric,DEMO-005,2026-07-10,14.0,SYN-DEMO-005-921,anon-01,Демо-склад
Systeme Electric,DEMO-005,2026-07-11,9.0,SYN-DEMO-005-922,anon-02,Демо-склад
Systeme Electric,DEMO-005,2026-07-12,5.0,SYN-DEMO-005-923,anon-03,Демо-склад
Systeme Electric,DEMO-005,2026-07-13,16.0,SYN-DEMO-005-924,anon-04,Демо-склад
Systeme Electric,DEMO-005,2026-07-14,7.0,SYN-DEMO-005-925,anon-05,Демо-склад
Systeme Electric,DEMO-005,2026-07-15,9.0,SYN-DEMO-005-926,anon-06,Демо-склад
Systeme Electric,DEMO-005,2026-07-16,12.0,SYN-DEMO-005-927,anon-07,Демо-склад
Systeme Electric,DEMO-005,2026-07-17,15.0,SYN-DEMO-005-928,anon-08,Демо-склад
Systeme Electric,DEMO-005,2026-07-18,12.0,SYN-DEMO-005-929,anon-09,Демо-склад
Systeme Electric,DEMO-005,2026-07-19,8.0,SYN-DEMO-005-930,anon-10,Демо-склад
Systeme Electric,DEMO-005,2026-07-20,12.0,SYN-DEMO-005-931,anon-11,Демо-склад
Systeme Electric,DEMO-005,2026-07-21,15.0,SYN-DEMO-005-932,anon-12,Демо-склад
Systeme Electric,DEMO-005,2026-07-22,15.0,SYN-DEMO-005-933,anon-13,Демо-склад
Systeme Electric,DEMO-005,2026-07-23,7.0,SYN-DEMO-005-934,anon-14,Демо-склад
Systeme Electric,DEMO-005,2026-07-24,7.0,SYN-DEMO-005-935,anon-15,Демо-склад
Systeme Electric,DEMO-005,2026-07-25,14.0,SYN-DEMO-005-936,anon-16,Демо-склад
Systeme Electric,DEMO-005,2026-07-26,9.0,SYN-DEMO-005-937,anon-17,Демо-склад
Systeme Electric,DEMO-005,2026-07-27,11.0,SYN-DEMO-005-938,anon-18,Демо-склад
Systeme Electric,DEMO-005,2026-07-28,12.0,SYN-DEMO-005-939,anon-19,Демо-склад
Systeme Electric,DEMO-005,2026-07-29,13.0,SYN-DEMO-005-940,anon-00,Демо-склад
Systeme Electric,DEMO-005,2026-07-30,11.0,SYN-DEMO-005-941,anon-01,Демо-склад
Systeme Electric,DEMO-005,2026-07-31,15.0,SYN-DEMO-005-942,anon-02,Демо-склад
Systeme Electric,DEMO-005,2026-08-01,7.0,SYN-DEMO-005-943,anon-03,Демо-склад
Systeme Electric,DEMO-005,2026-08-02,6.0,SYN-DEMO-005-944,anon-04,Демо-склад
Systeme Electric,DEMO-005,2026-08-03,10.0,SYN-DEMO-005-945,anon-05,Демо-склад
Systeme Electric,DEMO-005,2026-08-04,11.0,SYN-DEMO-005-946,anon-06,Демо-склад
Systeme Electric,DEMO-005,2026-08-05,16.0,SYN-DEMO-005-947,anon-07,Демо-склад
Systeme Electric,DEMO-005,2026-08-06,15.0,SYN-DEMO-005-948,anon-08,Демо-склад
Systeme Electric,DEMO-005,2026-08-07,13.0,SYN-DEMO-005-949,anon-09,Демо-склад
Systeme Electric,DEMO-005,2026-08-08,9.0,SYN-DEMO-005-950,anon-10,Демо-склад
Systeme Electric,DEMO-005,2026-08-09,7.0,SYN-DEMO-005-951,anon-11,Демо-склад
Systeme Electric,DEMO-005,2026-08-10,10.0,SYN-DEMO-005-952,anon-12,Демо-склад
Systeme Electric,DEMO-005,2026-08-11,15.0,SYN-DEMO-005-953,anon-13,Демо-склад
Systeme Electric,DEMO-005,2026-08-12,8.0,SYN-DEMO-005-954,anon-14,Демо-склад
Systeme Electric,DEMO-005,2026-08-13,15.0,SYN-DEMO-005-955,anon-15,Демо-склад
Systeme Electric,DEMO-005,2026-08-14,13.0,SYN-DEMO-005-956,anon-16,Демо-склад
Systeme Electric,DEMO-005,2026-08-15,0.0,SYN-DEMO-005-957,anon-17,Демо-склад
Systeme Electric,DEMO-005,2026-08-16,0.0,SYN-DEMO-005-958,anon-18,Демо-склад
Systeme Electric,DEMO-005,2026-08-17,0.0,SYN-DEMO-005-959,anon-19,Демо-склад
Systeme Electric,DEMO-005,2026-08-18,0.0,SYN-DEMO-005-960,anon-00,Демо-склад
Systeme Electric,DEMO-005,2026-08-19,0.0,SYN-DEMO-005-961,anon-01,Демо-склад
Systeme Electric,DEMO-005,2026-08-20,0.0,SYN-DEMO-005-962,anon-02,Демо-склад
Systeme Electric,DEMO-005,2026-08-21,0.0,SYN-DEMO-005-963,anon-03,Демо-склад
Systeme Electric,DEMO-005,2026-08-22,0.0,SYN-DEMO-005-964,anon-04,Демо-склад
Systeme Electric,DEMO-005,2026-08-23,0.0,SYN-DEMO-005-965,anon-05,Демо-склад
Systeme Electric,DEMO-005,2026-08-24,0.0,SYN-DEMO-005-966,anon-06,Демо-склад
Systeme Electric,DEMO-005,2026-08-25,0.0,SYN-DEMO-005-967,anon-07,Демо-склад
Systeme Electric,DEMO-005,2026-08-26,0.0,SYN-DEMO-005-968,anon-08,Демо-склад
Systeme Electric,DEMO-005,2026-08-27,0.0,SYN-DEMO-005-969,anon-09,Демо-склад
Systeme Electric,DEMO-005,2026-08-28,0.0,SYN-DEMO-005-970,anon-10,Демо-склад
Systeme Electric,DEMO-005,2026-08-29,0.0,SYN-DEMO-005-971,anon-11,Демо-склад
Systeme Electric,DEMO-005,2026-08-30,0.0,SYN-DEMO-005-972,anon-12,Демо-склад
Systeme Electric,DEMO-005,2026-08-31,0.0,SYN-DEMO-005-973,anon-13,Демо-склад
Systeme Electric,DEMO-005,2026-09-01,0.0,SYN-DEMO-005-974,anon-14,Демо-склад
Systeme Electric,DEMO-005,2026-09-02,0.0,SYN-DEMO-005-975,anon-15,Демо-склад
Systeme Electric,DEMO-005,2026-09-03,0.0,SYN-DEMO-005-976,anon-16,Демо-склад
Systeme Electric,DEMO-005,2026-09-04,0.0,SYN-DEMO-005-977,anon-17,Демо-склад
Systeme Electric,DEMO-005,2026-09-05,0.0,SYN-DEMO-005-978,anon-18,Демо-склад
Systeme Electric,DEMO-005,2026-09-06,14.0,SYN-DEMO-005-979,anon-19,Демо-склад
Systeme Electric,DEMO-005,2026-09-07,14.0,SYN-DEMO-005-980,anon-00,Демо-склад
Systeme Electric,DEMO-005,2026-09-08,14.0,SYN-DEMO-005-981,anon-01,Демо-склад
Systeme Electric,DEMO-005,2026-09-09,19.0,SYN-DEMO-005-982,anon-02,Демо-склад
Systeme Electric,DEMO-005,2026-09-10,14.0,SYN-DEMO-005-983,anon-03,Демо-склад
Systeme Electric,DEMO-005,2026-09-11,8.0,SYN-DEMO-005-984,anon-04,Демо-склад
Systeme Electric,DEMO-005,2026-09-12,11.0,SYN-DEMO-005-985,anon-05,Демо-склад
Systeme Electric,DEMO-005,2026-09-13,10.0,SYN-DEMO-005-986,anon-06,Демо-склад
Systeme Electric,DEMO-005,2026-09-14,12.0,SYN-DEMO-005-987,anon-07,Демо-склад
Systeme Electric,DEMO-005,2026-09-15,12.0,SYN-DEMO-005-988,anon-08,Демо-склад
Systeme Electric,DEMO-005,2026-09-16,8.0,SYN-DEMO-005-989,anon-09,Демо-склад
Systeme Electric,DEMO-005,2026-09-17,10.0,SYN-DEMO-005-990,anon-10,Демо-склад
Systeme Electric,DEMO-005,2026-09-18,9.0,SYN-DEMO-005-991,anon-11,Демо-склад
Systeme Electric,DEMO-005,2026-09-19,14.0,SYN-DEMO-005-992,anon-12,Демо-склад
Systeme Electric,DEMO-005,2026-09-20,9.0,SYN-DEMO-005-993,anon-13,Демо-склад
Systeme Electric,DEMO-005,2026-09-21,13.0,SYN-DEMO-005-994,anon-14,Демо-склад
Systeme Electric,DEMO-005,2026-09-22,12.0,SYN-DEMO-005-995,anon-15,Демо-склад
Systeme Electric,DEMO-006,2024-01-01,3.0,SYN-DEMO-006-0,anon-00,Демо-склад
Systeme Electric,DEMO-006,2024-01-02,7.0,SYN-DEMO-006-1,anon-01,Демо-склад
Systeme Electric,DEMO-006,2024-01-03,2.0,SYN-DEMO-006-2,anon-02,Демо-склад
Systeme Electric,DEMO-006,2024-01-04,4.0,SYN-DEMO-006-3,anon-03,Демо-склад
Systeme Electric,DEMO-006,2024-01-05,2.0,SYN-DEMO-006-4,anon-04,Демо-склад
Systeme Electric,DEMO-006,2024-01-06,4.0,SYN-DEMO-006-5,anon-05,Демо-склад
Systeme Electric,DEMO-006,2024-01-07,5.0,SYN-DEMO-006-6,anon-06,Демо-склад
Systeme Electric,DEMO-006,2024-01-08,5.0,SYN-DEMO-006-7,anon-07,Демо-склад
Systeme Electric,DEMO-006,2024-01-09,1.0,SYN-DEMO-006-8,anon-08,Демо-склад
Systeme Electric,DEMO-006,2024-01-10,3.0,SYN-DEMO-006-9,anon-09,Демо-склад
Systeme Electric,DEMO-006,2024-01-11,7.0,SYN-DEMO-006-10,anon-10,Демо-склад
Systeme Electric,DEMO-006,2024-01-12,4.0,SYN-DEMO-006-11,anon-11,Демо-склад
Systeme Electric,DEMO-006,2024-01-13,4.0,SYN-DEMO-006-12,anon-12,Демо-склад
Systeme Electric,DEMO-006,2024-01-14,3.0,SYN-DEMO-006-13,anon-13,Демо-склад
Systeme Electric,DEMO-006,2024-01-15,2.0,SYN-DEMO-006-14,anon-14,Демо-склад
Systeme Electric,DEMO-006,2024-01-16,1.0,SYN-DEMO-006-15,anon-15,Демо-склад
Systeme Electric,DEMO-006,2024-01-17,1.0,SYN-DEMO-006-16,anon-16,Демо-склад
Systeme Electric,DEMO-006,2024-01-18,3.0,SYN-DEMO-006-17,anon-17,Демо-склад
Systeme Electric,DEMO-006,2024-01-19,5.0,SYN-DEMO-006-18,anon-18,Демо-склад
Systeme Electric,DEMO-006,2024-01-20,5.0,SYN-DEMO-006-19,anon-19,Демо-склад
Systeme Electric,DEMO-006,2024-01-21,6.0,SYN-DEMO-006-20,anon-00,Демо-склад
Systeme Electric,DEMO-006,2024-01-22,4.0,SYN-DEMO-006-21,anon-01,Демо-склад
Systeme Electric,DEMO-006,2024-01-23,3.0,SYN-DEMO-006-22,anon-02,Демо-склад
Systeme Electric,DEMO-006,2024-01-24,6.0,SYN-DEMO-006-23,anon-03,Демо-склад
Systeme Electric,DEMO-006,2024-01-25,6.0,SYN-DEMO-006-24,anon-04,Демо-склад
Systeme Electric,DEMO-006,2024-01-26,3.0,SYN-DEMO-006-25,anon-05,Демо-склад
Systeme Electric,DEMO-006,2024-01-27,5.0,SYN-DEMO-006-26,anon-06,Демо-склад
Systeme Electric,DEMO-006,2024-01-28,4.0,SYN-DEMO-006-27,anon-07,Демо-склад
Systeme Electric,DEMO-006,2024-01-29,6.0,SYN-DEMO-006-28,anon-08,Демо-склад
Systeme Electric,DEMO-006,2024-01-30,3.0,SYN-DEMO-006-29,anon-09,Демо-склад
Systeme Electric,DEMO-006,2024-01-31,4.0,SYN-DEMO-006-30,anon-10,Демо-склад
Systeme Electric,DEMO-006,2024-02-01,5.0,SYN-DEMO-006-31,anon-11,Демо-склад
Systeme Electric,DEMO-006,2024-02-02,3.0,SYN-DEMO-006-32,anon-12,Демо-склад
Systeme Electric,DEMO-006,2024-02-03,5.0,SYN-DEMO-006-33,anon-13,Демо-склад
Systeme Electric,DEMO-006,2024-02-04,4.0,SYN-DEMO-006-34,anon-14,Демо-склад
Systeme Electric,DEMO-006,2024-02-05,6.0,SYN-DEMO-006-35,anon-15,Демо-склад
Systeme Electric,DEMO-006,2024-02-06,5.0,SYN-DEMO-006-36,anon-16,Демо-склад
Systeme Electric,DEMO-006,2024-02-07,0.0,SYN-DEMO-006-37,anon-17,Демо-склад
Systeme Electric,DEMO-006,2024-02-08,0.0,SYN-DEMO-006-38,anon-18,Демо-склад
Systeme Electric,DEMO-006,2024-02-09,7.0,SYN-DEMO-006-39,anon-19,Демо-склад
Systeme Electric,DEMO-006,2024-02-10,5.0,SYN-DEMO-006-40,anon-00,Демо-склад
Systeme Electric,DEMO-006,2024-02-11,4.0,SYN-DEMO-006-41,anon-01,Демо-склад
Systeme Electric,DEMO-006,2024-02-12,7.0,SYN-DEMO-006-42,anon-02,Демо-склад
Systeme Electric,DEMO-006,2024-02-13,5.0,SYN-DEMO-006-43,anon-03,Демо-склад
Systeme Electric,DEMO-006,2024-02-14,1.0,SYN-DEMO-006-44,anon-04,Демо-склад
Systeme Electric,DEMO-006,2024-02-15,4.0,SYN-DEMO-006-45,anon-05,Демо-склад
Systeme Electric,DEMO-006,2024-02-16,2.0,SYN-DEMO-006-46,anon-06,Демо-склад
Systeme Electric,DEMO-006,2024-02-17,2.0,SYN-DEMO-006-47,anon-07,Демо-склад
Systeme Electric,DEMO-006,2024-02-18,6.0,SYN-DEMO-006-48,anon-08,Демо-склад
Systeme Electric,DEMO-006,2024-02-19,2.0,SYN-DEMO-006-49,anon-09,Демо-склад
Systeme Electric,DEMO-006,2024-02-20,3.0,SYN-DEMO-006-50,anon-10,Демо-склад
Systeme Electric,DEMO-006,2024-02-21,5.0,SYN-DEMO-006-51,anon-11,Демо-склад
Systeme Electric,DEMO-006,2024-02-22,7.0,SYN-DEMO-006-52,anon-12,Демо-склад
Systeme Electric,DEMO-006,2024-02-23,6.0,SYN-DEMO-006-53,anon-13,Демо-склад
Systeme Electric,DEMO-006,2024-02-24,6.0,SYN-DEMO-006-54,anon-14,Демо-склад
Systeme Electric,DEMO-006,2024-02-25,2.0,SYN-DEMO-006-55,anon-15,Демо-склад
Systeme Electric,DEMO-006,2024-02-26,3.0,SYN-DEMO-006-56,anon-16,Демо-склад
Systeme Electric,DEMO-006,2024-02-27,4.0,SYN-DEMO-006-57,anon-17,Демо-склад
Systeme Electric,DEMO-006,2024-02-28,7.0,SYN-DEMO-006-58,anon-18,Демо-склад
Systeme Electric,DEMO-006,2024-02-29,6.0,SYN-DEMO-006-59,anon-19,Демо-склад
Systeme Electric,DEMO-006,2024-03-01,2.0,SYN-DEMO-006-60,anon-00,Демо-склад
Systeme Electric,DEMO-006,2024-03-02,6.0,SYN-DEMO-006-61,anon-01,Демо-склад
Systeme Electric,DEMO-006,2024-03-03,9.0,SYN-DEMO-006-62,anon-02,Демо-склад
Systeme Electric,DEMO-006,2024-03-04,3.0,SYN-DEMO-006-63,anon-03,Демо-склад
Systeme Electric,DEMO-006,2024-03-05,5.0,SYN-DEMO-006-64,anon-04,Демо-склад
Systeme Electric,DEMO-006,2024-03-06,2.0,SYN-DEMO-006-65,anon-05,Демо-склад
Systeme Electric,DEMO-006,2024-03-07,2.0,SYN-DEMO-006-66,anon-06,Демо-склад
Systeme Electric,DEMO-006,2024-03-08,4.0,SYN-DEMO-006-67,anon-07,Демо-склад
Systeme Electric,DEMO-006,2024-03-09,2.0,SYN-DEMO-006-68,anon-08,Демо-склад
Systeme Electric,DEMO-006,2024-03-10,2.0,SYN-DEMO-006-69,anon-09,Демо-склад
Systeme Electric,DEMO-006,2024-03-11,3.0,SYN-DEMO-006-70,anon-10,Демо-склад
Systeme Electric,DEMO-006,2024-03-12,4.0,SYN-DEMO-006-71,anon-11,Демо-склад
Systeme Electric,DEMO-006,2024-03-13,4.0,SYN-DEMO-006-72,anon-12,Демо-склад
Systeme Electric,DEMO-006,2024-03-14,2.0,SYN-DEMO-006-73,anon-13,Демо-склад
Systeme Electric,DEMO-006,2024-03-15,1.0,SYN-DEMO-006-74,anon-14,Демо-склад
Systeme Electric,DEMO-006,2024-03-16,6.0,SYN-DEMO-006-75,anon-15,Демо-склад
Systeme Electric,DEMO-006,2024-03-17,3.0,SYN-DEMO-006-76,anon-16,Демо-склад
Systeme Electric,DEMO-006,2024-03-18,5.0,SYN-DEMO-006-77,anon-17,Демо-склад
Systeme Electric,DEMO-006,2024-03-19,2.0,SYN-DEMO-006-78,anon-18,Демо-склад
Systeme Electric,DEMO-006,2024-03-20,0.0,SYN-DEMO-006-79,anon-19,Демо-склад
Systeme Electric,DEMO-006,2024-03-21,1.0,SYN-DEMO-006-80,anon-00,Демо-склад
Systeme Electric,DEMO-006,2024-03-22,7.0,SYN-DEMO-006-81,anon-01,Демо-склад
Systeme Electric,DEMO-006,2024-03-23,7.0,SYN-DEMO-006-82,anon-02,Демо-склад
Systeme Electric,DEMO-006,2024-03-24,3.0,SYN-DEMO-006-83,anon-03,Демо-склад
Systeme Electric,DEMO-006,2024-03-25,3.0,SYN-DEMO-006-84,anon-04,Демо-склад
Systeme Electric,DEMO-006,2024-03-26,1.0,SYN-DEMO-006-85,anon-05,Демо-склад
Systeme Electric,DEMO-006,2024-03-27,1.0,SYN-DEMO-006-86,anon-06,Демо-склад
Systeme Electric,DEMO-006,2024-03-28,5.0,SYN-DEMO-006-87,anon-07,Демо-склад
Systeme Electric,DEMO-006,2024-03-29,2.0,SYN-DEMO-006-88,anon-08,Демо-склад
Systeme Electric,DEMO-006,2024-03-30,6.0,SYN-DEMO-006-89,anon-09,Демо-склад
Systeme Electric,DEMO-006,2024-03-31,3.0,SYN-DEMO-006-90,anon-10,Демо-склад
Systeme Electric,DEMO-006,2024-04-01,2.0,SYN-DEMO-006-91,anon-11,Демо-склад
Systeme Electric,DEMO-006,2024-04-02,2.0,SYN-DEMO-006-92,anon-12,Демо-склад
Systeme Electric,DEMO-006,2024-04-03,4.0,SYN-DEMO-006-93,anon-13,Демо-склад
Systeme Electric,DEMO-006,2024-04-04,2.0,SYN-DEMO-006-94,anon-14,Демо-склад
Systeme Electric,DEMO-006,2024-04-05,6.0,SYN-DEMO-006-95,anon-15,Демо-склад
Systeme Electric,DEMO-006,2024-04-06,4.0,SYN-DEMO-006-96,anon-16,Демо-склад
Systeme Electric,DEMO-006,2024-04-07,6.0,SYN-DEMO-006-97,anon-17,Демо-склад
Systeme Electric,DEMO-006,2024-04-08,4.0,SYN-DEMO-006-98,anon-18,Демо-склад
Systeme Electric,DEMO-006,2024-04-09,4.0,SYN-DEMO-006-99,anon-19,Демо-склад
Systeme Electric,DEMO-006,2024-04-10,4.0,SYN-DEMO-006-100,anon-00,Демо-склад
Systeme Electric,DEMO-006,2024-04-11,3.0,SYN-DEMO-006-101,anon-01,Демо-склад
Systeme Electric,DEMO-006,2024-04-12,6.0,SYN-DEMO-006-102,anon-02,Демо-склад
Systeme Electric,DEMO-006,2024-04-13,7.0,SYN-DEMO-006-103,anon-03,Демо-склад
Systeme Electric,DEMO-006,2024-04-14,5.0,SYN-DEMO-006-104,anon-04,Демо-склад
Systeme Electric,DEMO-006,2024-04-15,3.0,SYN-DEMO-006-105,anon-05,Демо-склад
Systeme Electric,DEMO-006,2024-04-16,4.0,SYN-DEMO-006-106,anon-06,Демо-склад
Systeme Electric,DEMO-006,2024-04-17,6.0,SYN-DEMO-006-107,anon-07,Демо-склад
Systeme Electric,DEMO-006,2024-04-18,3.0,SYN-DEMO-006-108,anon-08,Демо-склад
Systeme Electric,DEMO-006,2024-04-19,4.0,SYN-DEMO-006-109,anon-09,Демо-склад
Systeme Electric,DEMO-006,2024-04-20,3.0,SYN-DEMO-006-110,anon-10,Демо-склад
Systeme Electric,DEMO-006,2024-04-21,4.0,SYN-DEMO-006-111,anon-11,Демо-склад
Systeme Electric,DEMO-006,2024-04-22,4.0,SYN-DEMO-006-112,anon-12,Демо-склад
Systeme Electric,DEMO-006,2024-04-23,3.0,SYN-DEMO-006-113,anon-13,Демо-склад
Systeme Electric,DEMO-006,2024-04-24,1.0,SYN-DEMO-006-114,anon-14,Демо-склад
Systeme Electric,DEMO-006,2024-04-25,2.0,SYN-DEMO-006-115,anon-15,Демо-склад
Systeme Electric,DEMO-006,2024-04-26,5.0,SYN-DEMO-006-116,anon-16,Демо-склад
Systeme Electric,DEMO-006,2024-04-27,4.0,SYN-DEMO-006-117,anon-17,Демо-склад
Systeme Electric,DEMO-006,2024-04-28,4.0,SYN-DEMO-006-118,anon-18,Демо-склад
Systeme Electric,DEMO-006,2024-04-29,6.0,SYN-DEMO-006-119,anon-19,Демо-склад
Systeme Electric,DEMO-006,2024-04-30,3.0,SYN-DEMO-006-120,anon-00,Демо-склад
Systeme Electric,DEMO-006,2024-05-01,4.0,SYN-DEMO-006-121,anon-01,Демо-склад
Systeme Electric,DEMO-006,2024-05-02,5.0,SYN-DEMO-006-122,anon-02,Демо-склад
Systeme Electric,DEMO-006,2024-05-03,6.0,SYN-DEMO-006-123,anon-03,Демо-склад
Systeme Electric,DEMO-006,2024-05-04,3.0,SYN-DEMO-006-124,anon-04,Демо-склад
Systeme Electric,DEMO-006,2024-05-05,4.0,SYN-DEMO-006-125,anon-05,Демо-склад
Systeme Electric,DEMO-006,2024-05-06,2.0,SYN-DEMO-006-126,anon-06,Демо-склад
Systeme Electric,DEMO-006,2024-05-07,7.0,SYN-DEMO-006-127,anon-07,Демо-склад
Systeme Electric,DEMO-006,2024-05-08,5.0,SYN-DEMO-006-128,anon-08,Демо-склад
Systeme Electric,DEMO-006,2024-05-09,4.0,SYN-DEMO-006-129,anon-09,Демо-склад
Systeme Electric,DEMO-006,2024-05-10,5.0,SYN-DEMO-006-130,anon-10,Демо-склад
Systeme Electric,DEMO-006,2024-05-11,2.0,SYN-DEMO-006-131,anon-11,Демо-склад
Systeme Electric,DEMO-006,2024-05-12,4.0,SYN-DEMO-006-132,anon-12,Демо-склад
Systeme Electric,DEMO-006,2024-05-13,5.0,SYN-DEMO-006-133,anon-13,Демо-склад
Systeme Electric,DEMO-006,2024-05-14,6.0,SYN-DEMO-006-134,anon-14,Демо-склад
Systeme Electric,DEMO-006,2024-05-15,5.0,SYN-DEMO-006-135,anon-15,Демо-склад
Systeme Electric,DEMO-006,2024-05-16,3.0,SYN-DEMO-006-136,anon-16,Демо-склад
Systeme Electric,DEMO-006,2024-05-17,2.0,SYN-DEMO-006-137,anon-17,Демо-склад
Systeme Electric,DEMO-006,2024-05-18,5.0,SYN-DEMO-006-138,anon-18,Демо-склад
Systeme Electric,DEMO-006,2024-05-19,3.0,SYN-DEMO-006-139,anon-19,Демо-склад
Systeme Electric,DEMO-006,2024-05-20,10.0,SYN-DEMO-006-140,anon-00,Демо-склад
Systeme Electric,DEMO-006,2024-05-21,3.0,SYN-DEMO-006-141,anon-01,Демо-склад
Systeme Electric,DEMO-006,2024-05-22,3.0,SYN-DEMO-006-142,anon-02,Демо-склад
Systeme Electric,DEMO-006,2024-05-23,7.0,SYN-DEMO-006-143,anon-03,Демо-склад
Systeme Electric,DEMO-006,2024-05-24,2.0,SYN-DEMO-006-144,anon-04,Демо-склад
Systeme Electric,DEMO-006,2024-05-25,2.0,SYN-DEMO-006-145,anon-05,Демо-склад
Systeme Electric,DEMO-006,2024-05-26,8.0,SYN-DEMO-006-146,anon-06,Демо-склад
Systeme Electric,DEMO-006,2024-05-27,5.0,SYN-DEMO-006-147,anon-07,Демо-склад
Systeme Electric,DEMO-006,2024-05-28,1.0,SYN-DEMO-006-148,anon-08,Демо-склад
Systeme Electric,DEMO-006,2024-05-29,1.0,SYN-DEMO-006-149,anon-09,Демо-склад
Systeme Electric,DEMO-006,2024-05-30,4.0,SYN-DEMO-006-150,anon-10,Демо-склад
Systeme Electric,DEMO-006,2024-05-31,5.0,SYN-DEMO-006-151,anon-11,Демо-склад
Systeme Electric,DEMO-006,2024-06-01,3.0,SYN-DEMO-006-152,anon-12,Демо-склад
Systeme Electric,DEMO-006,2024-06-02,5.0,SYN-DEMO-006-153,anon-13,Демо-склад
Systeme Electric,DEMO-006,2024-06-03,5.0,SYN-DEMO-006-154,anon-14,Демо-склад
Systeme Electric,DEMO-006,2024-06-04,3.0,SYN-DEMO-006-155,anon-15,Демо-склад
Systeme Electric,DEMO-006,2024-06-05,1.0,SYN-DEMO-006-156,anon-16,Демо-склад
Systeme Electric,DEMO-006,2024-06-06,4.0,SYN-DEMO-006-157,anon-17,Демо-склад
Systeme Electric,DEMO-006,2024-06-07,2.0,SYN-DEMO-006-158,anon-18,Демо-склад
Systeme Electric,DEMO-006,2024-06-08,6.0,SYN-DEMO-006-159,anon-19,Демо-склад
Systeme Electric,DEMO-006,2024-06-09,4.0,SYN-DEMO-006-160,anon-00,Демо-склад
Systeme Electric,DEMO-006,2024-06-10,1.0,SYN-DEMO-006-161,anon-01,Демо-склад
Systeme Electric,DEMO-006,2024-06-11,3.0,SYN-DEMO-006-162,anon-02,Демо-склад
Systeme Electric,DEMO-006,2024-06-12,3.0,SYN-DEMO-006-163,anon-03,Демо-склад
Systeme Electric,DEMO-006,2024-06-13,0.0,SYN-DEMO-006-164,anon-04,Демо-склад
Systeme Electric,DEMO-006,2024-06-14,3.0,SYN-DEMO-006-165,anon-05,Демо-склад
Systeme Electric,DEMO-006,2024-06-15,9.0,SYN-DEMO-006-166,anon-06,Демо-склад
Systeme Electric,DEMO-006,2024-06-16,2.0,SYN-DEMO-006-167,anon-07,Демо-склад
Systeme Electric,DEMO-006,2024-06-17,6.0,SYN-DEMO-006-168,anon-08,Демо-склад
Systeme Electric,DEMO-006,2024-06-18,5.0,SYN-DEMO-006-169,anon-09,Демо-склад
Systeme Electric,DEMO-006,2024-06-19,3.0,SYN-DEMO-006-170,anon-10,Демо-склад
Systeme Electric,DEMO-006,2024-06-20,4.0,SYN-DEMO-006-171,anon-11,Демо-склад
Systeme Electric,DEMO-006,2024-06-21,1.0,SYN-DEMO-006-172,anon-12,Демо-склад
Systeme Electric,DEMO-006,2024-06-22,5.0,SYN-DEMO-006-173,anon-13,Демо-склад
Systeme Electric,DEMO-006,2024-06-23,1.0,SYN-DEMO-006-174,anon-14,Демо-склад
Systeme Electric,DEMO-006,2024-06-24,7.0,SYN-DEMO-006-175,anon-15,Демо-склад
Systeme Electric,DEMO-006,2024-06-25,5.0,SYN-DEMO-006-176,anon-16,Демо-склад
Systeme Electric,DEMO-006,2024-06-26,3.0,SYN-DEMO-006-177,anon-17,Демо-склад
Systeme Electric,DEMO-006,2024-06-27,0.0,SYN-DEMO-006-178,anon-18,Демо-склад
Systeme Electric,DEMO-006,2024-06-28,4.0,SYN-DEMO-006-179,anon-19,Демо-склад
Systeme Electric,DEMO-006,2024-06-29,1.0,SYN-DEMO-006-180,anon-00,Демо-склад
Systeme Electric,DEMO-006,2024-06-30,2.0,SYN-DEMO-006-181,anon-01,Демо-склад
Systeme Electric,DEMO-006,2024-07-01,4.0,SYN-DEMO-006-182,anon-02,Демо-склад
Systeme Electric,DEMO-006,2024-07-02,4.0,SYN-DEMO-006-183,anon-03,Демо-склад
Systeme Electric,DEMO-006,2024-07-03,3.0,SYN-DEMO-006-184,anon-04,Демо-склад
Systeme Electric,DEMO-006,2024-07-04,5.0,SYN-DEMO-006-185,anon-05,Демо-склад
Systeme Electric,DEMO-006,2024-07-05,2.0,SYN-DEMO-006-186,anon-06,Демо-склад
Systeme Electric,DEMO-006,2024-07-06,3.0,SYN-DEMO-006-187,anon-07,Демо-склад
Systeme Electric,DEMO-006,2024-07-07,7.0,SYN-DEMO-006-188,anon-08,Демо-склад
Systeme Electric,DEMO-006,2024-07-08,7.0,SYN-DEMO-006-189,anon-09,Демо-склад
Systeme Electric,DEMO-006,2024-07-09,2.0,SYN-DEMO-006-190,anon-10,Демо-склад
Systeme Electric,DEMO-006,2024-07-10,5.0,SYN-DEMO-006-191,anon-11,Демо-склад
Systeme Electric,DEMO-006,2024-07-11,5.0,SYN-DEMO-006-192,anon-12,Демо-склад
Systeme Electric,DEMO-006,2024-07-12,4.0,SYN-DEMO-006-193,anon-13,Демо-склад
Systeme Electric,DEMO-006,2024-07-13,1.0,SYN-DEMO-006-194,anon-14,Демо-склад
Systeme Electric,DEMO-006,2024-07-14,5.0,SYN-DEMO-006-195,anon-15,Демо-склад
Systeme Electric,DEMO-006,2024-07-15,8.0,SYN-DEMO-006-196,anon-16,Демо-склад
Systeme Electric,DEMO-006,2024-07-16,2.0,SYN-DEMO-006-197,anon-17,Демо-склад
Systeme Electric,DEMO-006,2024-07-17,0.0,SYN-DEMO-006-198,anon-18,Демо-склад
Systeme Electric,DEMO-006,2024-07-18,1.0,SYN-DEMO-006-199,anon-19,Демо-склад
Systeme Electric,DEMO-006,2024-07-19,5.0,SYN-DEMO-006-200,anon-00,Демо-склад
Systeme Electric,DEMO-006,2024-07-20,8.0,SYN-DEMO-006-201,anon-01,Демо-склад
Systeme Electric,DEMO-006,2024-07-21,3.0,SYN-DEMO-006-202,anon-02,Демо-склад
Systeme Electric,DEMO-006,2024-07-22,0.0,SYN-DEMO-006-203,anon-03,Демо-склад
Systeme Electric,DEMO-006,2024-07-23,8.0,SYN-DEMO-006-204,anon-04,Демо-склад
Systeme Electric,DEMO-006,2024-07-24,5.0,SYN-DEMO-006-205,anon-05,Демо-склад
Systeme Electric,DEMO-006,2024-07-25,5.0,SYN-DEMO-006-206,anon-06,Демо-склад
Systeme Electric,DEMO-006,2024-07-26,4.0,SYN-DEMO-006-207,anon-07,Демо-склад
Systeme Electric,DEMO-006,2024-07-27,1.0,SYN-DEMO-006-208,anon-08,Демо-склад
Systeme Electric,DEMO-006,2024-07-28,0.0,SYN-DEMO-006-209,anon-09,Демо-склад
Systeme Electric,DEMO-006,2024-07-29,2.0,SYN-DEMO-006-210,anon-10,Демо-склад
Systeme Electric,DEMO-006,2024-07-30,5.0,SYN-DEMO-006-211,anon-11,Демо-склад
Systeme Electric,DEMO-006,2024-07-31,2.0,SYN-DEMO-006-212,anon-12,Демо-склад
Systeme Electric,DEMO-006,2024-08-01,1.0,SYN-DEMO-006-213,anon-13,Демо-склад
Systeme Electric,DEMO-006,2024-08-02,3.0,SYN-DEMO-006-214,anon-14,Демо-склад
Systeme Electric,DEMO-006,2024-08-03,3.0,SYN-DEMO-006-215,anon-15,Демо-склад
Systeme Electric,DEMO-006,2024-08-04,3.0,SYN-DEMO-006-216,anon-16,Демо-склад
Systeme Electric,DEMO-006,2024-08-05,5.0,SYN-DEMO-006-217,anon-17,Демо-склад
Systeme Electric,DEMO-006,2024-08-06,6.0,SYN-DEMO-006-218,anon-18,Демо-склад
Systeme Electric,DEMO-006,2024-08-07,5.0,SYN-DEMO-006-219,anon-19,Демо-склад
Systeme Electric,DEMO-006,2024-08-08,8.0,SYN-DEMO-006-220,anon-00,Демо-склад
Systeme Electric,DEMO-006,2024-08-09,3.0,SYN-DEMO-006-221,anon-01,Демо-склад
Systeme Electric,DEMO-006,2024-08-10,1.0,SYN-DEMO-006-222,anon-02,Демо-склад
Systeme Electric,DEMO-006,2024-08-11,2.0,SYN-DEMO-006-223,anon-03,Демо-склад
Systeme Electric,DEMO-006,2024-08-12,4.0,SYN-DEMO-006-224,anon-04,Демо-склад
Systeme Electric,DEMO-006,2024-08-13,5.0,SYN-DEMO-006-225,anon-05,Демо-склад
Systeme Electric,DEMO-006,2024-08-14,3.0,SYN-DEMO-006-226,anon-06,Демо-склад
Systeme Electric,DEMO-006,2024-08-15,3.0,SYN-DEMO-006-227,anon-07,Демо-склад
Systeme Electric,DEMO-006,2024-08-16,1.0,SYN-DEMO-006-228,anon-08,Демо-склад
Systeme Electric,DEMO-006,2024-08-17,4.0,SYN-DEMO-006-229,anon-09,Демо-склад
Systeme Electric,DEMO-006,2024-08-18,7.0,SYN-DEMO-006-230,anon-10,Демо-склад
Systeme Electric,DEMO-006,2024-08-19,2.0,SYN-DEMO-006-231,anon-11,Демо-склад
Systeme Electric,DEMO-006,2024-08-20,4.0,SYN-DEMO-006-232,anon-12,Демо-склад
Systeme Electric,DEMO-006,2024-08-21,6.0,SYN-DEMO-006-233,anon-13,Демо-склад
Systeme Electric,DEMO-006,2024-08-22,2.0,SYN-DEMO-006-234,anon-14,Демо-склад
Systeme Electric,DEMO-006,2024-08-23,5.0,SYN-DEMO-006-235,anon-15,Демо-склад
Systeme Electric,DEMO-006,2024-08-24,5.0,SYN-DEMO-006-236,anon-16,Демо-склад
Systeme Electric,DEMO-006,2024-08-25,6.0,SYN-DEMO-006-237,anon-17,Демо-склад
Systeme Electric,DEMO-006,2024-08-26,3.0,SYN-DEMO-006-238,anon-18,Демо-склад
Systeme Electric,DEMO-006,2024-08-27,4.0,SYN-DEMO-006-239,anon-19,Демо-склад
Systeme Electric,DEMO-006,2024-08-28,5.0,SYN-DEMO-006-240,anon-00,Демо-склад
Systeme Electric,DEMO-006,2024-08-29,4.0,SYN-DEMO-006-241,anon-01,Демо-склад
Systeme Electric,DEMO-006,2024-08-30,5.0,SYN-DEMO-006-242,anon-02,Демо-склад
Systeme Electric,DEMO-006,2024-08-31,1.0,SYN-DEMO-006-243,anon-03,Демо-склад
Systeme Electric,DEMO-006,2024-09-01,2.0,SYN-DEMO-006-244,anon-04,Демо-склад
Systeme Electric,DEMO-006,2024-09-02,6.0,SYN-DEMO-006-245,anon-05,Демо-склад
Systeme Electric,DEMO-006,2024-09-03,4.0,SYN-DEMO-006-246,anon-06,Демо-склад
Systeme Electric,DEMO-006,2024-09-04,3.0,SYN-DEMO-006-247,anon-07,Демо-склад
Systeme Electric,DEMO-006,2024-09-05,5.0,SYN-DEMO-006-248,anon-08,Демо-склад
Systeme Electric,DEMO-006,2024-09-06,4.0,SYN-DEMO-006-249,anon-09,Демо-склад
Systeme Electric,DEMO-006,2024-09-07,5.0,SYN-DEMO-006-250,anon-10,Демо-склад
Systeme Electric,DEMO-006,2024-09-08,5.0,SYN-DEMO-006-251,anon-11,Демо-склад
Systeme Electric,DEMO-006,2024-09-09,2.0,SYN-DEMO-006-252,anon-12,Демо-склад
Systeme Electric,DEMO-006,2024-09-10,1.0,SYN-DEMO-006-253,anon-13,Демо-склад
Systeme Electric,DEMO-006,2024-09-11,3.0,SYN-DEMO-006-254,anon-14,Демо-склад
Systeme Electric,DEMO-006,2024-09-12,2.0,SYN-DEMO-006-255,anon-15,Демо-склад
Systeme Electric,DEMO-006,2024-09-13,6.0,SYN-DEMO-006-256,anon-16,Демо-склад
Systeme Electric,DEMO-006,2024-09-14,1.0,SYN-DEMO-006-257,anon-17,Демо-склад
Systeme Electric,DEMO-006,2024-09-15,1.0,SYN-DEMO-006-258,anon-18,Демо-склад
Systeme Electric,DEMO-006,2024-09-16,4.0,SYN-DEMO-006-259,anon-19,Демо-склад
Systeme Electric,DEMO-006,2024-09-17,2.0,SYN-DEMO-006-260,anon-00,Демо-склад
Systeme Electric,DEMO-006,2024-09-18,5.0,SYN-DEMO-006-261,anon-01,Демо-склад
Systeme Electric,DEMO-006,2024-09-19,2.0,SYN-DEMO-006-262,anon-02,Демо-склад
Systeme Electric,DEMO-006,2024-09-20,1.0,SYN-DEMO-006-263,anon-03,Демо-склад
Systeme Electric,DEMO-006,2024-09-21,2.0,SYN-DEMO-006-264,anon-04,Демо-склад
Systeme Electric,DEMO-006,2024-09-22,6.0,SYN-DEMO-006-265,anon-05,Демо-склад
Systeme Electric,DEMO-006,2024-09-23,3.0,SYN-DEMO-006-266,anon-06,Демо-склад
Systeme Electric,DEMO-006,2024-09-24,2.0,SYN-DEMO-006-267,anon-07,Демо-склад
Systeme Electric,DEMO-006,2024-09-25,2.0,SYN-DEMO-006-268,anon-08,Демо-склад
Systeme Electric,DEMO-006,2024-09-26,2.0,SYN-DEMO-006-269,anon-09,Демо-склад
Systeme Electric,DEMO-006,2024-09-27,3.0,SYN-DEMO-006-270,anon-10,Демо-склад
Systeme Electric,DEMO-006,2024-09-28,5.0,SYN-DEMO-006-271,anon-11,Демо-склад
Systeme Electric,DEMO-006,2024-09-29,1.0,SYN-DEMO-006-272,anon-12,Демо-склад
Systeme Electric,DEMO-006,2024-09-30,2.0,SYN-DEMO-006-273,anon-13,Демо-склад
Systeme Electric,DEMO-006,2024-10-01,3.0,SYN-DEMO-006-274,anon-14,Демо-склад
Systeme Electric,DEMO-006,2024-10-02,5.0,SYN-DEMO-006-275,anon-15,Демо-склад
Systeme Electric,DEMO-006,2024-10-03,6.0,SYN-DEMO-006-276,anon-16,Демо-склад
Systeme Electric,DEMO-006,2024-10-04,5.0,SYN-DEMO-006-277,anon-17,Демо-склад
Systeme Electric,DEMO-006,2024-10-05,7.0,SYN-DEMO-006-278,anon-18,Демо-склад
Systeme Electric,DEMO-006,2024-10-06,4.0,SYN-DEMO-006-279,anon-19,Демо-склад
Systeme Electric,DEMO-006,2024-10-07,4.0,SYN-DEMO-006-280,anon-00,Демо-склад
Systeme Electric,DEMO-006,2024-10-08,6.0,SYN-DEMO-006-281,anon-01,Демо-склад
Systeme Electric,DEMO-006,2024-10-09,1.0,SYN-DEMO-006-282,anon-02,Демо-склад
Systeme Electric,DEMO-006,2024-10-10,4.0,SYN-DEMO-006-283,anon-03,Демо-склад
Systeme Electric,DEMO-006,2024-10-11,8.0,SYN-DEMO-006-284,anon-04,Демо-склад
Systeme Electric,DEMO-006,2024-10-12,4.0,SYN-DEMO-006-285,anon-05,Демо-склад
Systeme Electric,DEMO-006,2024-10-13,4.0,SYN-DEMO-006-286,anon-06,Демо-склад
Systeme Electric,DEMO-006,2024-10-14,9.0,SYN-DEMO-006-287,anon-07,Демо-склад
Systeme Electric,DEMO-006,2024-10-15,5.0,SYN-DEMO-006-288,anon-08,Демо-склад
Systeme Electric,DEMO-006,2024-10-16,2.0,SYN-DEMO-006-289,anon-09,Демо-склад
Systeme Electric,DEMO-006,2024-10-17,2.0,SYN-DEMO-006-290,anon-10,Демо-склад
Systeme Electric,DEMO-006,2024-10-18,2.0,SYN-DEMO-006-291,anon-11,Демо-склад
Systeme Electric,DEMO-006,2024-10-19,1.0,SYN-DEMO-006-292,anon-12,Демо-склад
Systeme Electric,DEMO-006,2024-10-20,5.0,SYN-DEMO-006-293,anon-13,Демо-склад
Systeme Electric,DEMO-006,2024-10-21,3.0,SYN-DEMO-006-294,anon-14,Демо-склад
Systeme Electric,DEMO-006,2024-10-22,7.0,SYN-DEMO-006-295,anon-15,Демо-склад
Systeme Electric,DEMO-006,2024-10-23,5.0,SYN-DEMO-006-296,anon-16,Демо-склад
Systeme Electric,DEMO-006,2024-10-24,2.0,SYN-DEMO-006-297,anon-17,Демо-склад
Systeme Electric,DEMO-006,2024-10-25,6.0,SYN-DEMO-006-298,anon-18,Демо-склад
Systeme Electric,DEMO-006,2024-10-26,7.0,SYN-DEMO-006-299,anon-19,Демо-склад
Systeme Electric,DEMO-006,2024-10-27,4.0,SYN-DEMO-006-300,anon-00,Демо-склад
Systeme Electric,DEMO-006,2024-10-28,4.0,SYN-DEMO-006-301,anon-01,Демо-склад
Systeme Electric,DEMO-006,2024-10-29,2.0,SYN-DEMO-006-302,anon-02,Демо-склад
Systeme Electric,DEMO-006,2024-10-30,6.0,SYN-DEMO-006-303,anon-03,Демо-склад
Systeme Electric,DEMO-006,2024-10-31,5.0,SYN-DEMO-006-304,anon-04,Демо-склад
Systeme Electric,DEMO-006,2024-11-01,4.0,SYN-DEMO-006-305,anon-05,Демо-склад
Systeme Electric,DEMO-006,2024-11-02,4.0,SYN-DEMO-006-306,anon-06,Демо-склад
Systeme Electric,DEMO-006,2024-11-03,5.0,SYN-DEMO-006-307,anon-07,Демо-склад
Systeme Electric,DEMO-006,2024-11-04,3.0,SYN-DEMO-006-308,anon-08,Демо-склад
Systeme Electric,DEMO-006,2024-11-05,3.0,SYN-DEMO-006-309,anon-09,Демо-склад
Systeme Electric,DEMO-006,2024-11-06,3.0,SYN-DEMO-006-310,anon-10,Демо-склад
Systeme Electric,DEMO-006,2024-11-07,4.0,SYN-DEMO-006-311,anon-11,Демо-склад
Systeme Electric,DEMO-006,2024-11-08,3.0,SYN-DEMO-006-312,anon-12,Демо-склад
Systeme Electric,DEMO-006,2024-11-09,1.0,SYN-DEMO-006-313,anon-13,Демо-склад
Systeme Electric,DEMO-006,2024-11-10,1.0,SYN-DEMO-006-314,anon-14,Демо-склад
Systeme Electric,DEMO-006,2024-11-11,5.0,SYN-DEMO-006-315,anon-15,Демо-склад
Systeme Electric,DEMO-006,2024-11-12,1.0,SYN-DEMO-006-316,anon-16,Демо-склад
Systeme Electric,DEMO-006,2024-11-13,5.0,SYN-DEMO-006-317,anon-17,Демо-склад
Systeme Electric,DEMO-006,2024-11-14,5.0,SYN-DEMO-006-318,anon-18,Демо-склад
Systeme Electric,DEMO-006,2024-11-15,3.0,SYN-DEMO-006-319,anon-19,Демо-склад
Systeme Electric,DEMO-006,2024-11-16,4.0,SYN-DEMO-006-320,anon-00,Демо-склад
Systeme Electric,DEMO-006,2024-11-17,6.0,SYN-DEMO-006-321,anon-01,Демо-склад
Systeme Electric,DEMO-006,2024-11-18,5.0,SYN-DEMO-006-322,anon-02,Демо-склад
Systeme Electric,DEMO-006,2024-11-19,4.0,SYN-DEMO-006-323,anon-03,Демо-склад
Systeme Electric,DEMO-006,2024-11-20,2.0,SYN-DEMO-006-324,anon-04,Демо-склад
Systeme Electric,DEMO-006,2024-11-21,0.0,SYN-DEMO-006-325,anon-05,Демо-склад
Systeme Electric,DEMO-006,2024-11-22,2.0,SYN-DEMO-006-326,anon-06,Демо-склад
Systeme Electric,DEMO-006,2024-11-23,3.0,SYN-DEMO-006-327,anon-07,Демо-склад
Systeme Electric,DEMO-006,2024-11-24,2.0,SYN-DEMO-006-328,anon-08,Демо-склад
Systeme Electric,DEMO-006,2024-11-25,4.0,SYN-DEMO-006-329,anon-09,Демо-склад
Systeme Electric,DEMO-006,2024-11-26,2.0,SYN-DEMO-006-330,anon-10,Демо-склад
Systeme Electric,DEMO-006,2024-11-27,1.0,SYN-DEMO-006-331,anon-11,Демо-склад
Systeme Electric,DEMO-006,2024-11-28,3.0,SYN-DEMO-006-332,anon-12,Демо-склад
Systeme Electric,DEMO-006,2024-11-29,2.0,SYN-DEMO-006-333,anon-13,Демо-склад
Systeme Electric,DEMO-006,2024-11-30,7.0,SYN-DEMO-006-334,anon-14,Демо-склад
Systeme Electric,DEMO-006,2024-12-01,4.0,SYN-DEMO-006-335,anon-15,Демо-склад
Systeme Electric,DEMO-006,2024-12-02,5.0,SYN-DEMO-006-336,anon-16,Демо-склад
Systeme Electric,DEMO-006,2024-12-03,4.0,SYN-DEMO-006-337,anon-17,Демо-склад
Systeme Electric,DEMO-006,2024-12-04,5.0,SYN-DEMO-006-338,anon-18,Демо-склад
Systeme Electric,DEMO-006,2024-12-05,4.0,SYN-DEMO-006-339,anon-19,Демо-склад
Systeme Electric,DEMO-006,2024-12-06,2.0,SYN-DEMO-006-340,anon-00,Демо-склад
Systeme Electric,DEMO-006,2024-12-07,7.0,SYN-DEMO-006-341,anon-01,Демо-склад
Systeme Electric,DEMO-006,2024-12-08,4.0,SYN-DEMO-006-342,anon-02,Демо-склад
Systeme Electric,DEMO-006,2024-12-09,5.0,SYN-DEMO-006-343,anon-03,Демо-склад
Systeme Electric,DEMO-006,2024-12-10,2.0,SYN-DEMO-006-344,anon-04,Демо-склад
Systeme Electric,DEMO-006,2024-12-11,4.0,SYN-DEMO-006-345,anon-05,Демо-склад
Systeme Electric,DEMO-006,2024-12-12,2.0,SYN-DEMO-006-346,anon-06,Демо-склад
Systeme Electric,DEMO-006,2024-12-13,5.0,SYN-DEMO-006-347,anon-07,Демо-склад
Systeme Electric,DEMO-006,2024-12-14,2.0,SYN-DEMO-006-348,anon-08,Демо-склад
Systeme Electric,DEMO-006,2024-12-15,2.0,SYN-DEMO-006-349,anon-09,Демо-склад
Systeme Electric,DEMO-006,2024-12-16,4.0,SYN-DEMO-006-350,anon-10,Демо-склад
Systeme Electric,DEMO-006,2024-12-17,4.0,SYN-DEMO-006-351,anon-11,Демо-склад
Systeme Electric,DEMO-006,2024-12-18,1.0,SYN-DEMO-006-352,anon-12,Демо-склад
Systeme Electric,DEMO-006,2024-12-19,5.0,SYN-DEMO-006-353,anon-13,Демо-склад
Systeme Electric,DEMO-006,2024-12-20,4.0,SYN-DEMO-006-354,anon-14,Демо-склад
Systeme Electric,DEMO-006,2024-12-21,2.0,SYN-DEMO-006-355,anon-15,Демо-склад
Systeme Electric,DEMO-006,2024-12-22,6.0,SYN-DEMO-006-356,anon-16,Демо-склад
Systeme Electric,DEMO-006,2024-12-23,5.0,SYN-DEMO-006-357,anon-17,Демо-склад
Systeme Electric,DEMO-006,2024-12-24,1.0,SYN-DEMO-006-358,anon-18,Демо-склад
Systeme Electric,DEMO-006,2024-12-25,7.0,SYN-DEMO-006-359,anon-19,Демо-склад
Systeme Electric,DEMO-006,2024-12-26,4.0,SYN-DEMO-006-360,anon-00,Демо-склад
Systeme Electric,DEMO-006,2024-12-27,7.0,SYN-DEMO-006-361,anon-01,Демо-склад
Systeme Electric,DEMO-006,2024-12-28,3.0,SYN-DEMO-006-362,anon-02,Демо-склад
Systeme Electric,DEMO-006,2024-12-29,4.0,SYN-DEMO-006-363,anon-03,Демо-склад
Systeme Electric,DEMO-006,2024-12-30,2.0,SYN-DEMO-006-364,anon-04,Демо-склад
Systeme Electric,DEMO-006,2024-12-31,5.0,SYN-DEMO-006-365,anon-05,Демо-склад
Systeme Electric,DEMO-006,2025-01-01,3.0,SYN-DEMO-006-366,anon-06,Демо-склад
Systeme Electric,DEMO-006,2025-01-02,1.0,SYN-DEMO-006-367,anon-07,Демо-склад
Systeme Electric,DEMO-006,2025-01-03,7.0,SYN-DEMO-006-368,anon-08,Демо-склад
Systeme Electric,DEMO-006,2025-01-04,4.0,SYN-DEMO-006-369,anon-09,Демо-склад
Systeme Electric,DEMO-006,2025-01-05,4.0,SYN-DEMO-006-370,anon-10,Демо-склад
Systeme Electric,DEMO-006,2025-01-06,3.0,SYN-DEMO-006-371,anon-11,Демо-склад
Systeme Electric,DEMO-006,2025-01-07,3.0,SYN-DEMO-006-372,anon-12,Демо-склад
Systeme Electric,DEMO-006,2025-01-08,5.0,SYN-DEMO-006-373,anon-13,Демо-склад
Systeme Electric,DEMO-006,2025-01-09,4.0,SYN-DEMO-006-374,anon-14,Демо-склад
Systeme Electric,DEMO-006,2025-01-10,6.0,SYN-DEMO-006-375,anon-15,Демо-склад
Systeme Electric,DEMO-006,2025-01-11,6.0,SYN-DEMO-006-376,anon-16,Демо-склад
Systeme Electric,DEMO-006,2025-01-12,7.0,SYN-DEMO-006-377,anon-17,Демо-склад
Systeme Electric,DEMO-006,2025-01-13,2.0,SYN-DEMO-006-378,anon-18,Демо-склад
Systeme Electric,DEMO-006,2025-01-14,4.0,SYN-DEMO-006-379,anon-19,Демо-склад
Systeme Electric,DEMO-006,2025-01-15,3.0,SYN-DEMO-006-380,anon-00,Демо-склад
Systeme Electric,DEMO-006,2025-01-16,2.0,SYN-DEMO-006-381,anon-01,Демо-склад
Systeme Electric,DEMO-006,2025-01-17,2.0,SYN-DEMO-006-382,anon-02,Демо-склад
Systeme Electric,DEMO-006,2025-01-18,4.0,SYN-DEMO-006-383,anon-03,Демо-склад
Systeme Electric,DEMO-006,2025-01-19,2.0,SYN-DEMO-006-384,anon-04,Демо-склад
Systeme Electric,DEMO-006,2025-01-20,2.0,SYN-DEMO-006-385,anon-05,Демо-склад
Systeme Electric,DEMO-006,2025-01-21,4.0,SYN-DEMO-006-386,anon-06,Демо-склад
Systeme Electric,DEMO-006,2025-01-22,3.0,SYN-DEMO-006-387,anon-07,Демо-склад
Systeme Electric,DEMO-006,2025-01-23,3.0,SYN-DEMO-006-388,anon-08,Демо-склад
Systeme Electric,DEMO-006,2025-01-24,4.0,SYN-DEMO-006-389,anon-09,Демо-склад
Systeme Electric,DEMO-006,2025-01-25,7.0,SYN-DEMO-006-390,anon-10,Демо-склад
Systeme Electric,DEMO-006,2025-01-26,7.0,SYN-DEMO-006-391,anon-11,Демо-склад
Systeme Electric,DEMO-006,2025-01-27,5.0,SYN-DEMO-006-392,anon-12,Демо-склад
Systeme Electric,DEMO-006,2025-01-28,1.0,SYN-DEMO-006-393,anon-13,Демо-склад
Systeme Electric,DEMO-006,2025-01-29,4.0,SYN-DEMO-006-394,anon-14,Демо-склад
Systeme Electric,DEMO-006,2025-01-30,2.0,SYN-DEMO-006-395,anon-15,Демо-склад
Systeme Electric,DEMO-006,2025-01-31,10.0,SYN-DEMO-006-396,anon-16,Демо-склад
Systeme Electric,DEMO-006,2025-02-01,7.0,SYN-DEMO-006-397,anon-17,Демо-склад
Systeme Electric,DEMO-006,2025-02-02,1.0,SYN-DEMO-006-398,anon-18,Демо-склад
Systeme Electric,DEMO-006,2025-02-03,2.0,SYN-DEMO-006-399,anon-19,Демо-склад
Systeme Electric,DEMO-006,2025-02-04,5.0,SYN-DEMO-006-400,anon-00,Демо-склад
Systeme Electric,DEMO-006,2025-02-05,8.0,SYN-DEMO-006-401,anon-01,Демо-склад
Systeme Electric,DEMO-006,2025-02-06,3.0,SYN-DEMO-006-402,anon-02,Демо-склад
Systeme Electric,DEMO-006,2025-02-07,5.0,SYN-DEMO-006-403,anon-03,Демо-склад
Systeme Electric,DEMO-006,2025-02-08,5.0,SYN-DEMO-006-404,anon-04,Демо-склад
Systeme Electric,DEMO-006,2025-02-09,6.0,SYN-DEMO-006-405,anon-05,Демо-склад
Systeme Electric,DEMO-006,2025-02-10,8.0,SYN-DEMO-006-406,anon-06,Демо-склад
Systeme Electric,DEMO-006,2025-02-11,6.0,SYN-DEMO-006-407,anon-07,Демо-склад
Systeme Electric,DEMO-006,2025-02-12,6.0,SYN-DEMO-006-408,anon-08,Демо-склад
Systeme Electric,DEMO-006,2025-02-13,7.0,SYN-DEMO-006-409,anon-09,Демо-склад
Systeme Electric,DEMO-006,2025-02-14,4.0,SYN-DEMO-006-410,anon-10,Демо-склад
Systeme Electric,DEMO-006,2025-02-15,5.0,SYN-DEMO-006-411,anon-11,Демо-склад
Systeme Electric,DEMO-006,2025-02-16,3.0,SYN-DEMO-006-412,anon-12,Демо-склад
Systeme Electric,DEMO-006,2025-02-17,2.0,SYN-DEMO-006-413,anon-13,Демо-склад
Systeme Electric,DEMO-006,2025-02-18,3.0,SYN-DEMO-006-414,anon-14,Демо-склад
Systeme Electric,DEMO-006,2025-02-19,5.0,SYN-DEMO-006-415,anon-15,Демо-склад
Systeme Electric,DEMO-006,2025-02-20,2.0,SYN-DEMO-006-416,anon-16,Демо-склад
Systeme Electric,DEMO-006,2025-02-21,4.0,SYN-DEMO-006-417,anon-17,Демо-склад
Systeme Electric,DEMO-006,2025-02-22,3.0,SYN-DEMO-006-418,anon-18,Демо-склад
Systeme Electric,DEMO-006,2025-02-23,4.0,SYN-DEMO-006-419,anon-19,Демо-склад
Systeme Electric,DEMO-006,2025-02-24,5.0,SYN-DEMO-006-420,anon-00,Демо-склад
Systeme Electric,DEMO-006,2025-02-25,1.0,SYN-DEMO-006-421,anon-01,Демо-склад
Systeme Electric,DEMO-006,2025-02-26,2.0,SYN-DEMO-006-422,anon-02,Демо-склад
Systeme Electric,DEMO-006,2025-02-27,8.0,SYN-DEMO-006-423,anon-03,Демо-склад
Systeme Electric,DEMO-006,2025-02-28,3.0,SYN-DEMO-006-424,anon-04,Демо-склад
Systeme Electric,DEMO-006,2025-03-01,4.0,SYN-DEMO-006-425,anon-05,Демо-склад
Systeme Electric,DEMO-006,2025-03-02,2.0,SYN-DEMO-006-426,anon-06,Демо-склад
Systeme Electric,DEMO-006,2025-03-03,5.0,SYN-DEMO-006-427,anon-07,Демо-склад
Systeme Electric,DEMO-006,2025-03-04,3.0,SYN-DEMO-006-428,anon-08,Демо-склад
Systeme Electric,DEMO-006,2025-03-05,2.0,SYN-DEMO-006-429,anon-09,Демо-склад
Systeme Electric,DEMO-006,2025-03-06,3.0,SYN-DEMO-006-430,anon-10,Демо-склад
Systeme Electric,DEMO-006,2025-03-07,5.0,SYN-DEMO-006-431,anon-11,Демо-склад
Systeme Electric,DEMO-006,2025-03-08,4.0,SYN-DEMO-006-432,anon-12,Демо-склад
Systeme Electric,DEMO-006,2025-03-09,5.0,SYN-DEMO-006-433,anon-13,Демо-склад
Systeme Electric,DEMO-006,2025-03-10,6.0,SYN-DEMO-006-434,anon-14,Демо-склад
Systeme Electric,DEMO-006,2025-03-11,6.0,SYN-DEMO-006-435,anon-15,Демо-склад
Systeme Electric,DEMO-006,2025-03-12,2.0,SYN-DEMO-006-436,anon-16,Демо-склад
Systeme Electric,DEMO-006,2025-03-13,2.0,SYN-DEMO-006-437,anon-17,Демо-склад
Systeme Electric,DEMO-006,2025-03-14,5.0,SYN-DEMO-006-438,anon-18,Демо-склад
Systeme Electric,DEMO-006,2025-03-15,3.0,SYN-DEMO-006-439,anon-19,Демо-склад
Systeme Electric,DEMO-006,2025-03-16,6.0,SYN-DEMO-006-440,anon-00,Демо-склад
Systeme Electric,DEMO-006,2025-03-17,7.0,SYN-DEMO-006-441,anon-01,Демо-склад
Systeme Electric,DEMO-006,2025-03-18,1.0,SYN-DEMO-006-442,anon-02,Демо-склад
Systeme Electric,DEMO-006,2025-03-19,4.0,SYN-DEMO-006-443,anon-03,Демо-склад
Systeme Electric,DEMO-006,2025-03-20,3.0,SYN-DEMO-006-444,anon-04,Демо-склад
Systeme Electric,DEMO-006,2025-03-21,3.0,SYN-DEMO-006-445,anon-05,Демо-склад
Systeme Electric,DEMO-006,2025-03-22,3.0,SYN-DEMO-006-446,anon-06,Демо-склад
Systeme Electric,DEMO-006,2025-03-23,8.0,SYN-DEMO-006-447,anon-07,Демо-склад
Systeme Electric,DEMO-006,2025-03-24,3.0,SYN-DEMO-006-448,anon-08,Демо-склад
Systeme Electric,DEMO-006,2025-03-25,2.0,SYN-DEMO-006-449,anon-09,Демо-склад
Systeme Electric,DEMO-006,2025-03-26,5.0,SYN-DEMO-006-450,anon-10,Демо-склад
Systeme Electric,DEMO-006,2025-03-27,4.0,SYN-DEMO-006-451,anon-11,Демо-склад
Systeme Electric,DEMO-006,2025-03-28,3.0,SYN-DEMO-006-452,anon-12,Демо-склад
Systeme Electric,DEMO-006,2025-03-29,4.0,SYN-DEMO-006-453,anon-13,Демо-склад
Systeme Electric,DEMO-006,2025-03-30,2.0,SYN-DEMO-006-454,anon-14,Демо-склад
Systeme Electric,DEMO-006,2025-03-31,2.0,SYN-DEMO-006-455,anon-15,Демо-склад
Systeme Electric,DEMO-006,2025-04-01,2.0,SYN-DEMO-006-456,anon-16,Демо-склад
Systeme Electric,DEMO-006,2025-04-02,4.0,SYN-DEMO-006-457,anon-17,Демо-склад
Systeme Electric,DEMO-006,2025-04-03,3.0,SYN-DEMO-006-458,anon-18,Демо-склад
Systeme Electric,DEMO-006,2025-04-04,4.0,SYN-DEMO-006-459,anon-19,Демо-склад
Systeme Electric,DEMO-006,2025-04-05,2.0,SYN-DEMO-006-460,anon-00,Демо-склад
Systeme Electric,DEMO-006,2025-04-06,2.0,SYN-DEMO-006-461,anon-01,Демо-склад
Systeme Electric,DEMO-006,2025-04-07,4.0,SYN-DEMO-006-462,anon-02,Демо-склад
Systeme Electric,DEMO-006,2025-04-08,5.0,SYN-DEMO-006-463,anon-03,Демо-склад
Systeme Electric,DEMO-006,2025-04-09,8.0,SYN-DEMO-006-464,anon-04,Демо-склад
Systeme Electric,DEMO-006,2025-04-10,3.0,SYN-DEMO-006-465,anon-05,Демо-склад
Systeme Electric,DEMO-006,2025-04-11,4.0,SYN-DEMO-006-466,anon-06,Демо-склад
Systeme Electric,DEMO-006,2025-04-12,4.0,SYN-DEMO-006-467,anon-07,Демо-склад
Systeme Electric,DEMO-006,2025-04-13,5.0,SYN-DEMO-006-468,anon-08,Демо-склад
Systeme Electric,DEMO-006,2025-04-14,5.0,SYN-DEMO-006-469,anon-09,Демо-склад
Systeme Electric,DEMO-006,2025-04-15,4.0,SYN-DEMO-006-470,anon-10,Демо-склад
Systeme Electric,DEMO-006,2025-04-16,3.0,SYN-DEMO-006-471,anon-11,Демо-склад
Systeme Electric,DEMO-006,2025-04-17,3.0,SYN-DEMO-006-472,anon-12,Демо-склад
Systeme Electric,DEMO-006,2025-04-18,1.0,SYN-DEMO-006-473,anon-13,Демо-склад
Systeme Electric,DEMO-006,2025-04-19,4.0,SYN-DEMO-006-474,anon-14,Демо-склад
Systeme Electric,DEMO-006,2025-04-20,5.0,SYN-DEMO-006-475,anon-15,Демо-склад
Systeme Electric,DEMO-006,2025-04-21,4.0,SYN-DEMO-006-476,anon-16,Демо-склад
Systeme Electric,DEMO-006,2025-04-22,6.0,SYN-DEMO-006-477,anon-17,Демо-склад
Systeme Electric,DEMO-006,2025-04-23,6.0,SYN-DEMO-006-478,anon-18,Демо-склад
Systeme Electric,DEMO-006,2025-04-24,2.0,SYN-DEMO-006-479,anon-19,Демо-склад
Systeme Electric,DEMO-006,2025-04-25,6.0,SYN-DEMO-006-480,anon-00,Демо-склад
Systeme Electric,DEMO-006,2025-04-26,8.0,SYN-DEMO-006-481,anon-01,Демо-склад
Systeme Electric,DEMO-006,2025-04-27,3.0,SYN-DEMO-006-482,anon-02,Демо-склад
Systeme Electric,DEMO-006,2025-04-28,5.0,SYN-DEMO-006-483,anon-03,Демо-склад
Systeme Electric,DEMO-006,2025-04-29,2.0,SYN-DEMO-006-484,anon-04,Демо-склад
Systeme Electric,DEMO-006,2025-04-30,2.0,SYN-DEMO-006-485,anon-05,Демо-склад
Systeme Electric,DEMO-006,2025-05-01,2.0,SYN-DEMO-006-486,anon-06,Демо-склад
Systeme Electric,DEMO-006,2025-05-02,4.0,SYN-DEMO-006-487,anon-07,Демо-склад
Systeme Electric,DEMO-006,2025-05-03,4.0,SYN-DEMO-006-488,anon-08,Демо-склад
Systeme Electric,DEMO-006,2025-05-04,3.0,SYN-DEMO-006-489,anon-09,Демо-склад
Systeme Electric,DEMO-006,2025-05-05,1.0,SYN-DEMO-006-490,anon-10,Демо-склад
Systeme Electric,DEMO-006,2025-05-06,2.0,SYN-DEMO-006-491,anon-11,Демо-склад
Systeme Electric,DEMO-006,2025-05-07,2.0,SYN-DEMO-006-492,anon-12,Демо-склад
Systeme Electric,DEMO-006,2025-05-08,1.0,SYN-DEMO-006-493,anon-13,Демо-склад
Systeme Electric,DEMO-006,2025-05-09,3.0,SYN-DEMO-006-494,anon-14,Демо-склад
Systeme Electric,DEMO-006,2025-05-10,9.0,SYN-DEMO-006-495,anon-15,Демо-склад
Systeme Electric,DEMO-006,2025-05-11,0.0,SYN-DEMO-006-496,anon-16,Демо-склад
Systeme Electric,DEMO-006,2025-05-12,2.0,SYN-DEMO-006-497,anon-17,Демо-склад
Systeme Electric,DEMO-006,2025-05-13,3.0,SYN-DEMO-006-498,anon-18,Демо-склад
Systeme Electric,DEMO-006,2025-05-14,5.0,SYN-DEMO-006-499,anon-19,Демо-склад
Systeme Electric,DEMO-006,2025-05-15,2.0,SYN-DEMO-006-500,anon-00,Демо-склад
Systeme Electric,DEMO-006,2025-05-16,4.0,SYN-DEMO-006-501,anon-01,Демо-склад
Systeme Electric,DEMO-006,2025-05-17,3.0,SYN-DEMO-006-502,anon-02,Демо-склад
Systeme Electric,DEMO-006,2025-05-18,4.0,SYN-DEMO-006-503,anon-03,Демо-склад
Systeme Electric,DEMO-006,2025-05-19,5.0,SYN-DEMO-006-504,anon-04,Демо-склад
Systeme Electric,DEMO-006,2025-05-20,7.0,SYN-DEMO-006-505,anon-05,Демо-склад
Systeme Electric,DEMO-006,2025-05-21,1.0,SYN-DEMO-006-506,anon-06,Демо-склад
Systeme Electric,DEMO-006,2025-05-22,3.0,SYN-DEMO-006-507,anon-07,Демо-склад
Systeme Electric,DEMO-006,2025-05-23,1.0,SYN-DEMO-006-508,anon-08,Демо-склад
Systeme Electric,DEMO-006,2025-05-24,6.0,SYN-DEMO-006-509,anon-09,Демо-склад
Systeme Electric,DEMO-006,2025-05-25,4.0,SYN-DEMO-006-510,anon-10,Демо-склад
Systeme Electric,DEMO-006,2025-05-26,3.0,SYN-DEMO-006-511,anon-11,Демо-склад
Systeme Electric,DEMO-006,2025-05-27,2.0,SYN-DEMO-006-512,anon-12,Демо-склад
Systeme Electric,DEMO-006,2025-05-28,3.0,SYN-DEMO-006-513,anon-13,Демо-склад
Systeme Electric,DEMO-006,2025-05-29,9.0,SYN-DEMO-006-514,anon-14,Демо-склад
Systeme Electric,DEMO-006,2025-05-30,2.0,SYN-DEMO-006-515,anon-15,Демо-склад
Systeme Electric,DEMO-006,2025-05-31,3.0,SYN-DEMO-006-516,anon-16,Демо-склад
Systeme Electric,DEMO-006,2025-06-01,3.0,SYN-DEMO-006-517,anon-17,Демо-склад
Systeme Electric,DEMO-006,2025-06-02,3.0,SYN-DEMO-006-518,anon-18,Демо-склад
Systeme Electric,DEMO-006,2025-06-03,2.0,SYN-DEMO-006-519,anon-19,Демо-склад
Systeme Electric,DEMO-006,2025-06-04,6.0,SYN-DEMO-006-520,anon-00,Демо-склад
Systeme Electric,DEMO-006,2025-06-05,0.0,SYN-DEMO-006-521,anon-01,Демо-склад
Systeme Electric,DEMO-006,2025-06-06,3.0,SYN-DEMO-006-522,anon-02,Демо-склад
Systeme Electric,DEMO-006,2025-06-07,3.0,SYN-DEMO-006-523,anon-03,Демо-склад
Systeme Electric,DEMO-006,2025-06-08,4.0,SYN-DEMO-006-524,anon-04,Демо-склад
Systeme Electric,DEMO-006,2025-06-09,3.0,SYN-DEMO-006-525,anon-05,Демо-склад
Systeme Electric,DEMO-006,2025-06-10,3.0,SYN-DEMO-006-526,anon-06,Демо-склад
Systeme Electric,DEMO-006,2025-06-11,4.0,SYN-DEMO-006-527,anon-07,Демо-склад
Systeme Electric,DEMO-006,2025-06-12,0.0,SYN-DEMO-006-528,anon-08,Демо-склад
Systeme Electric,DEMO-006,2025-06-13,6.0,SYN-DEMO-006-529,anon-09,Демо-склад
Systeme Electric,DEMO-006,2025-06-14,2.0,SYN-DEMO-006-530,anon-10,Демо-склад
Systeme Electric,DEMO-006,2025-06-15,5.0,SYN-DEMO-006-531,anon-11,Демо-склад
Systeme Electric,DEMO-006,2025-06-16,4.0,SYN-DEMO-006-532,anon-12,Демо-склад
Systeme Electric,DEMO-006,2025-06-17,6.0,SYN-DEMO-006-533,anon-13,Демо-склад
Systeme Electric,DEMO-006,2025-06-18,5.0,SYN-DEMO-006-534,anon-14,Демо-склад
Systeme Electric,DEMO-006,2025-06-19,3.0,SYN-DEMO-006-535,anon-15,Демо-склад
Systeme Electric,DEMO-006,2025-06-20,5.0,SYN-DEMO-006-536,anon-16,Демо-склад
Systeme Electric,DEMO-006,2025-06-21,4.0,SYN-DEMO-006-537,anon-17,Демо-склад
Systeme Electric,DEMO-006,2025-06-22,9.0,SYN-DEMO-006-538,anon-18,Демо-склад
Systeme Electric,DEMO-006,2025-06-23,5.0,SYN-DEMO-006-539,anon-19,Демо-склад
Systeme Electric,DEMO-006,2025-06-24,4.0,SYN-DEMO-006-540,anon-00,Демо-склад
Systeme Electric,DEMO-006,2025-06-25,3.0,SYN-DEMO-006-541,anon-01,Демо-склад
Systeme Electric,DEMO-006,2025-06-26,1.0,SYN-DEMO-006-542,anon-02,Демо-склад
Systeme Electric,DEMO-006,2025-06-27,5.0,SYN-DEMO-006-543,anon-03,Демо-склад
Systeme Electric,DEMO-006,2025-06-28,6.0,SYN-DEMO-006-544,anon-04,Демо-склад
Systeme Electric,DEMO-006,2025-06-29,3.0,SYN-DEMO-006-545,anon-05,Демо-склад
Systeme Electric,DEMO-006,2025-06-30,2.0,SYN-DEMO-006-546,anon-06,Демо-склад
Systeme Electric,DEMO-006,2025-07-01,3.0,SYN-DEMO-006-547,anon-07,Демо-склад
Systeme Electric,DEMO-006,2025-07-02,1.0,SYN-DEMO-006-548,anon-08,Демо-склад
Systeme Electric,DEMO-006,2025-07-03,5.0,SYN-DEMO-006-549,anon-09,Демо-склад
Systeme Electric,DEMO-006,2025-07-04,1.0,SYN-DEMO-006-550,anon-10,Демо-склад
Systeme Electric,DEMO-006,2025-07-05,5.0,SYN-DEMO-006-551,anon-11,Демо-склад
Systeme Electric,DEMO-006,2025-07-06,2.0,SYN-DEMO-006-552,anon-12,Демо-склад
Systeme Electric,DEMO-006,2025-07-07,5.0,SYN-DEMO-006-553,anon-13,Демо-склад
Systeme Electric,DEMO-006,2025-07-08,5.0,SYN-DEMO-006-554,anon-14,Демо-склад
Systeme Electric,DEMO-006,2025-07-09,2.0,SYN-DEMO-006-555,anon-15,Демо-склад
Systeme Electric,DEMO-006,2025-07-10,3.0,SYN-DEMO-006-556,anon-16,Демо-склад
Systeme Electric,DEMO-006,2025-07-11,3.0,SYN-DEMO-006-557,anon-17,Демо-склад
Systeme Electric,DEMO-006,2025-07-12,5.0,SYN-DEMO-006-558,anon-18,Демо-склад
Systeme Electric,DEMO-006,2025-07-13,7.0,SYN-DEMO-006-559,anon-19,Демо-склад
Systeme Electric,DEMO-006,2025-07-14,6.0,SYN-DEMO-006-560,anon-00,Демо-склад
Systeme Electric,DEMO-006,2025-07-15,8.0,SYN-DEMO-006-561,anon-01,Демо-склад
Systeme Electric,DEMO-006,2025-07-16,2.0,SYN-DEMO-006-562,anon-02,Демо-склад
Systeme Electric,DEMO-006,2025-07-17,2.0,SYN-DEMO-006-563,anon-03,Демо-склад
Systeme Electric,DEMO-006,2025-07-18,1.0,SYN-DEMO-006-564,anon-04,Демо-склад
Systeme Electric,DEMO-006,2025-07-19,9.0,SYN-DEMO-006-565,anon-05,Демо-склад
Systeme Electric,DEMO-006,2025-07-20,8.0,SYN-DEMO-006-566,anon-06,Демо-склад
Systeme Electric,DEMO-006,2025-07-21,2.0,SYN-DEMO-006-567,anon-07,Демо-склад
Systeme Electric,DEMO-006,2025-07-22,4.0,SYN-DEMO-006-568,anon-08,Демо-склад
Systeme Electric,DEMO-006,2025-07-23,7.0,SYN-DEMO-006-569,anon-09,Демо-склад
Systeme Electric,DEMO-006,2025-07-24,1.0,SYN-DEMO-006-570,anon-10,Демо-склад
Systeme Electric,DEMO-006,2025-07-25,4.0,SYN-DEMO-006-571,anon-11,Демо-склад
Systeme Electric,DEMO-006,2025-07-26,8.0,SYN-DEMO-006-572,anon-12,Демо-склад
Systeme Electric,DEMO-006,2025-07-27,0.0,SYN-DEMO-006-573,anon-13,Демо-склад
Systeme Electric,DEMO-006,2025-07-28,3.0,SYN-DEMO-006-574,anon-14,Демо-склад
Systeme Electric,DEMO-006,2025-07-29,5.0,SYN-DEMO-006-575,anon-15,Демо-склад
Systeme Electric,DEMO-006,2025-07-30,4.0,SYN-DEMO-006-576,anon-16,Демо-склад
Systeme Electric,DEMO-006,2025-07-31,7.0,SYN-DEMO-006-577,anon-17,Демо-склад
Systeme Electric,DEMO-006,2025-08-01,5.0,SYN-DEMO-006-578,anon-18,Демо-склад
Systeme Electric,DEMO-006,2025-08-02,2.0,SYN-DEMO-006-579,anon-19,Демо-склад
Systeme Electric,DEMO-006,2025-08-03,4.0,SYN-DEMO-006-580,anon-00,Демо-склад
Systeme Electric,DEMO-006,2025-08-04,3.0,SYN-DEMO-006-581,anon-01,Демо-склад
Systeme Electric,DEMO-006,2025-08-05,4.0,SYN-DEMO-006-582,anon-02,Демо-склад
Systeme Electric,DEMO-006,2025-08-06,4.0,SYN-DEMO-006-583,anon-03,Демо-склад
Systeme Electric,DEMO-006,2025-08-07,6.0,SYN-DEMO-006-584,anon-04,Демо-склад
Systeme Electric,DEMO-006,2025-08-08,2.0,SYN-DEMO-006-585,anon-05,Демо-склад
Systeme Electric,DEMO-006,2025-08-09,4.0,SYN-DEMO-006-586,anon-06,Демо-склад
Systeme Electric,DEMO-006,2025-08-10,3.0,SYN-DEMO-006-587,anon-07,Демо-склад
Systeme Electric,DEMO-006,2025-08-11,8.0,SYN-DEMO-006-588,anon-08,Демо-склад
Systeme Electric,DEMO-006,2025-08-12,5.0,SYN-DEMO-006-589,anon-09,Демо-склад
Systeme Electric,DEMO-006,2025-08-13,6.0,SYN-DEMO-006-590,anon-10,Демо-склад
Systeme Electric,DEMO-006,2025-08-14,12.0,SYN-DEMO-006-591,anon-11,Демо-склад
Systeme Electric,DEMO-006,2025-08-15,5.0,SYN-DEMO-006-592,anon-12,Демо-склад
Systeme Electric,DEMO-006,2025-08-16,3.0,SYN-DEMO-006-593,anon-13,Демо-склад
Systeme Electric,DEMO-006,2025-08-17,3.0,SYN-DEMO-006-594,anon-14,Демо-склад
Systeme Electric,DEMO-006,2025-08-18,5.0,SYN-DEMO-006-595,anon-15,Демо-склад
Systeme Electric,DEMO-006,2025-08-19,1.0,SYN-DEMO-006-596,anon-16,Демо-склад
Systeme Electric,DEMO-006,2025-08-20,4.0,SYN-DEMO-006-597,anon-17,Демо-склад
Systeme Electric,DEMO-006,2025-08-21,4.0,SYN-DEMO-006-598,anon-18,Демо-склад
Systeme Electric,DEMO-006,2025-08-22,2.0,SYN-DEMO-006-599,anon-19,Демо-склад
Systeme Electric,DEMO-006,2025-08-23,0.0,SYN-DEMO-006-600,anon-00,Демо-склад
Systeme Electric,DEMO-006,2025-08-24,5.0,SYN-DEMO-006-601,anon-01,Демо-склад
Systeme Electric,DEMO-006,2025-08-25,3.0,SYN-DEMO-006-602,anon-02,Демо-склад
Systeme Electric,DEMO-006,2025-08-26,6.0,SYN-DEMO-006-603,anon-03,Демо-склад
Systeme Electric,DEMO-006,2025-08-27,3.0,SYN-DEMO-006-604,anon-04,Демо-склад
Systeme Electric,DEMO-006,2025-08-28,2.0,SYN-DEMO-006-605,anon-05,Демо-склад
Systeme Electric,DEMO-006,2025-08-29,2.0,SYN-DEMO-006-606,anon-06,Демо-склад
Systeme Electric,DEMO-006,2025-08-30,1.0,SYN-DEMO-006-607,anon-07,Демо-склад
Systeme Electric,DEMO-006,2025-08-31,1.0,SYN-DEMO-006-608,anon-08,Демо-склад
Systeme Electric,DEMO-006,2025-09-01,1.0,SYN-DEMO-006-609,anon-09,Демо-склад
Systeme Electric,DEMO-006,2025-09-02,6.0,SYN-DEMO-006-610,anon-10,Демо-склад
Systeme Electric,DEMO-006,2025-09-03,1.0,SYN-DEMO-006-611,anon-11,Демо-склад
Systeme Electric,DEMO-006,2025-09-04,8.0,SYN-DEMO-006-612,anon-12,Демо-склад
Systeme Electric,DEMO-006,2025-09-05,7.0,SYN-DEMO-006-613,anon-13,Демо-склад
Systeme Electric,DEMO-006,2025-09-06,4.0,SYN-DEMO-006-614,anon-14,Демо-склад
Systeme Electric,DEMO-006,2025-09-07,1.0,SYN-DEMO-006-615,anon-15,Демо-склад
Systeme Electric,DEMO-006,2025-09-08,3.0,SYN-DEMO-006-616,anon-16,Демо-склад
Systeme Electric,DEMO-006,2025-09-09,3.0,SYN-DEMO-006-617,anon-17,Демо-склад
Systeme Electric,DEMO-006,2025-09-10,2.0,SYN-DEMO-006-618,anon-18,Демо-склад
Systeme Electric,DEMO-006,2025-09-11,2.0,SYN-DEMO-006-619,anon-19,Демо-склад
Systeme Electric,DEMO-006,2025-09-12,5.0,SYN-DEMO-006-620,anon-00,Демо-склад
Systeme Electric,DEMO-006,2025-09-13,3.0,SYN-DEMO-006-621,anon-01,Демо-склад
Systeme Electric,DEMO-006,2025-09-14,4.0,SYN-DEMO-006-622,anon-02,Демо-склад
Systeme Electric,DEMO-006,2025-09-15,0.0,SYN-DEMO-006-623,anon-03,Демо-склад
Systeme Electric,DEMO-006,2025-09-16,2.0,SYN-DEMO-006-624,anon-04,Демо-склад
Systeme Electric,DEMO-006,2025-09-17,4.0,SYN-DEMO-006-625,anon-05,Демо-склад
Systeme Electric,DEMO-006,2025-09-18,2.0,SYN-DEMO-006-626,anon-06,Демо-склад
Systeme Electric,DEMO-006,2025-09-19,4.0,SYN-DEMO-006-627,anon-07,Демо-склад
Systeme Electric,DEMO-006,2025-09-20,3.0,SYN-DEMO-006-628,anon-08,Демо-склад
Systeme Electric,DEMO-006,2025-09-21,3.0,SYN-DEMO-006-629,anon-09,Демо-склад
Systeme Electric,DEMO-006,2025-09-22,6.0,SYN-DEMO-006-630,anon-10,Демо-склад
Systeme Electric,DEMO-006,2025-09-23,4.0,SYN-DEMO-006-631,anon-11,Демо-склад
Systeme Electric,DEMO-006,2025-09-24,5.0,SYN-DEMO-006-632,anon-12,Демо-склад
Systeme Electric,DEMO-006,2025-09-25,2.0,SYN-DEMO-006-633,anon-13,Демо-склад
Systeme Electric,DEMO-006,2025-09-26,5.0,SYN-DEMO-006-634,anon-14,Демо-склад
Systeme Electric,DEMO-006,2025-09-27,9.0,SYN-DEMO-006-635,anon-15,Демо-склад
Systeme Electric,DEMO-006,2025-09-28,8.0,SYN-DEMO-006-636,anon-16,Демо-склад
Systeme Electric,DEMO-006,2025-09-29,4.0,SYN-DEMO-006-637,anon-17,Демо-склад
Systeme Electric,DEMO-006,2025-09-30,2.0,SYN-DEMO-006-638,anon-18,Демо-склад
Systeme Electric,DEMO-006,2025-10-01,6.0,SYN-DEMO-006-639,anon-19,Демо-склад
Systeme Electric,DEMO-006,2025-10-02,2.0,SYN-DEMO-006-640,anon-00,Демо-склад
Systeme Electric,DEMO-006,2025-10-03,4.0,SYN-DEMO-006-641,anon-01,Демо-склад
Systeme Electric,DEMO-006,2025-10-04,5.0,SYN-DEMO-006-642,anon-02,Демо-склад
Systeme Electric,DEMO-006,2025-10-05,6.0,SYN-DEMO-006-643,anon-03,Демо-склад
Systeme Electric,DEMO-006,2025-10-06,3.0,SYN-DEMO-006-644,anon-04,Демо-склад
Systeme Electric,DEMO-006,2025-10-07,9.0,SYN-DEMO-006-645,anon-05,Демо-склад
Systeme Electric,DEMO-006,2025-10-08,3.0,SYN-DEMO-006-646,anon-06,Демо-склад
Systeme Electric,DEMO-006,2025-10-09,5.0,SYN-DEMO-006-647,anon-07,Демо-склад
Systeme Electric,DEMO-006,2025-10-10,2.0,SYN-DEMO-006-648,anon-08,Демо-склад
Systeme Electric,DEMO-006,2025-10-11,6.0,SYN-DEMO-006-649,anon-09,Демо-склад
Systeme Electric,DEMO-006,2025-10-12,4.0,SYN-DEMO-006-650,anon-10,Демо-склад
Systeme Electric,DEMO-006,2025-10-13,7.0,SYN-DEMO-006-651,anon-11,Демо-склад
Systeme Electric,DEMO-006,2025-10-14,2.0,SYN-DEMO-006-652,anon-12,Демо-склад
Systeme Electric,DEMO-006,2025-10-15,1.0,SYN-DEMO-006-653,anon-13,Демо-склад
Systeme Electric,DEMO-006,2025-10-16,6.0,SYN-DEMO-006-654,anon-14,Демо-склад
Systeme Electric,DEMO-006,2025-10-17,2.0,SYN-DEMO-006-655,anon-15,Демо-склад
Systeme Electric,DEMO-006,2025-10-18,6.0,SYN-DEMO-006-656,anon-16,Демо-склад
Systeme Electric,DEMO-006,2025-10-19,6.0,SYN-DEMO-006-657,anon-17,Демо-склад
Systeme Electric,DEMO-006,2025-10-20,3.0,SYN-DEMO-006-658,anon-18,Демо-склад
Systeme Electric,DEMO-006,2025-10-21,2.0,SYN-DEMO-006-659,anon-19,Демо-склад
Systeme Electric,DEMO-006,2025-10-22,1.0,SYN-DEMO-006-660,anon-00,Демо-склад
Systeme Electric,DEMO-006,2025-10-23,2.0,SYN-DEMO-006-661,anon-01,Демо-склад
Systeme Electric,DEMO-006,2025-10-24,5.0,SYN-DEMO-006-662,anon-02,Демо-склад
Systeme Electric,DEMO-006,2025-10-25,5.0,SYN-DEMO-006-663,anon-03,Демо-склад
Systeme Electric,DEMO-006,2025-10-26,4.0,SYN-DEMO-006-664,anon-04,Демо-склад
Systeme Electric,DEMO-006,2025-10-27,3.0,SYN-DEMO-006-665,anon-05,Демо-склад
Systeme Electric,DEMO-006,2025-10-28,6.0,SYN-DEMO-006-666,anon-06,Демо-склад
Systeme Electric,DEMO-006,2025-10-29,4.0,SYN-DEMO-006-667,anon-07,Демо-склад
Systeme Electric,DEMO-006,2025-10-30,3.0,SYN-DEMO-006-668,anon-08,Демо-склад
Systeme Electric,DEMO-006,2025-10-31,5.0,SYN-DEMO-006-669,anon-09,Демо-склад
Systeme Electric,DEMO-006,2025-11-01,5.0,SYN-DEMO-006-670,anon-10,Демо-склад
Systeme Electric,DEMO-006,2025-11-02,7.0,SYN-DEMO-006-671,anon-11,Демо-склад
Systeme Electric,DEMO-006,2025-11-03,7.0,SYN-DEMO-006-672,anon-12,Демо-склад
Systeme Electric,DEMO-006,2025-11-04,0.0,SYN-DEMO-006-673,anon-13,Демо-склад
Systeme Electric,DEMO-006,2025-11-05,3.0,SYN-DEMO-006-674,anon-14,Демо-склад
Systeme Electric,DEMO-006,2025-11-06,3.0,SYN-DEMO-006-675,anon-15,Демо-склад
Systeme Electric,DEMO-006,2025-11-07,6.0,SYN-DEMO-006-676,anon-16,Демо-склад
Systeme Electric,DEMO-006,2025-11-08,6.0,SYN-DEMO-006-677,anon-17,Демо-склад
Systeme Electric,DEMO-006,2025-11-09,5.0,SYN-DEMO-006-678,anon-18,Демо-склад
Systeme Electric,DEMO-006,2025-11-10,6.0,SYN-DEMO-006-679,anon-19,Демо-склад
Systeme Electric,DEMO-006,2025-11-11,5.0,SYN-DEMO-006-680,anon-00,Демо-склад
Systeme Electric,DEMO-006,2025-11-12,3.0,SYN-DEMO-006-681,anon-01,Демо-склад
Systeme Electric,DEMO-006,2025-11-13,1.0,SYN-DEMO-006-682,anon-02,Демо-склад
Systeme Electric,DEMO-006,2025-11-14,3.0,SYN-DEMO-006-683,anon-03,Демо-склад
Systeme Electric,DEMO-006,2025-11-15,7.0,SYN-DEMO-006-684,anon-04,Демо-склад
Systeme Electric,DEMO-006,2025-11-16,4.0,SYN-DEMO-006-685,anon-05,Демо-склад
Systeme Electric,DEMO-006,2025-11-17,3.0,SYN-DEMO-006-686,anon-06,Демо-склад
Systeme Electric,DEMO-006,2025-11-18,3.0,SYN-DEMO-006-687,anon-07,Демо-склад
Systeme Electric,DEMO-006,2025-11-19,5.0,SYN-DEMO-006-688,anon-08,Демо-склад
Systeme Electric,DEMO-006,2025-11-20,9.0,SYN-DEMO-006-689,anon-09,Демо-склад
Systeme Electric,DEMO-006,2025-11-21,4.0,SYN-DEMO-006-690,anon-10,Демо-склад
Systeme Electric,DEMO-006,2025-11-22,3.0,SYN-DEMO-006-691,anon-11,Демо-склад
Systeme Electric,DEMO-006,2025-11-23,6.0,SYN-DEMO-006-692,anon-12,Демо-склад
Systeme Electric,DEMO-006,2025-11-24,2.0,SYN-DEMO-006-693,anon-13,Демо-склад
Systeme Electric,DEMO-006,2025-11-25,6.0,SYN-DEMO-006-694,anon-14,Демо-склад
Systeme Electric,DEMO-006,2025-11-26,2.0,SYN-DEMO-006-695,anon-15,Демо-склад
Systeme Electric,DEMO-006,2025-11-27,2.0,SYN-DEMO-006-696,anon-16,Демо-склад
Systeme Electric,DEMO-006,2025-11-28,4.0,SYN-DEMO-006-697,anon-17,Демо-склад
Systeme Electric,DEMO-006,2025-11-29,6.0,SYN-DEMO-006-698,anon-18,Демо-склад
Systeme Electric,DEMO-006,2025-11-30,3.0,SYN-DEMO-006-699,anon-19,Демо-склад
Systeme Electric,DEMO-006,2025-12-01,3.0,SYN-DEMO-006-700,anon-00,Демо-склад
Systeme Electric,DEMO-006,2025-12-02,7.0,SYN-DEMO-006-701,anon-01,Демо-склад
Systeme Electric,DEMO-006,2025-12-03,4.0,SYN-DEMO-006-702,anon-02,Демо-склад
Systeme Electric,DEMO-006,2025-12-04,6.0,SYN-DEMO-006-703,anon-03,Демо-склад
Systeme Electric,DEMO-006,2025-12-05,3.0,SYN-DEMO-006-704,anon-04,Демо-склад
Systeme Electric,DEMO-006,2025-12-06,9.0,SYN-DEMO-006-705,anon-05,Демо-склад
Systeme Electric,DEMO-006,2025-12-07,7.0,SYN-DEMO-006-706,anon-06,Демо-склад
Systeme Electric,DEMO-006,2025-12-08,2.0,SYN-DEMO-006-707,anon-07,Демо-склад
Systeme Electric,DEMO-006,2025-12-09,3.0,SYN-DEMO-006-708,anon-08,Демо-склад
Systeme Electric,DEMO-006,2025-12-10,4.0,SYN-DEMO-006-709,anon-09,Демо-склад
Systeme Electric,DEMO-006,2025-12-11,4.0,SYN-DEMO-006-710,anon-10,Демо-склад
Systeme Electric,DEMO-006,2025-12-12,7.0,SYN-DEMO-006-711,anon-11,Демо-склад
Systeme Electric,DEMO-006,2025-12-13,3.0,SYN-DEMO-006-712,anon-12,Демо-склад
Systeme Electric,DEMO-006,2025-12-14,0.0,SYN-DEMO-006-713,anon-13,Демо-склад
Systeme Electric,DEMO-006,2025-12-15,3.0,SYN-DEMO-006-714,anon-14,Демо-склад
Systeme Electric,DEMO-006,2025-12-16,2.0,SYN-DEMO-006-715,anon-15,Демо-склад
Systeme Electric,DEMO-006,2025-12-17,5.0,SYN-DEMO-006-716,anon-16,Демо-склад
Systeme Electric,DEMO-006,2025-12-18,4.0,SYN-DEMO-006-717,anon-17,Демо-склад
Systeme Electric,DEMO-006,2025-12-19,5.0,SYN-DEMO-006-718,anon-18,Демо-склад
Systeme Electric,DEMO-006,2025-12-20,6.0,SYN-DEMO-006-719,anon-19,Демо-склад
Systeme Electric,DEMO-006,2025-12-21,1.0,SYN-DEMO-006-720,anon-00,Демо-склад
Systeme Electric,DEMO-006,2025-12-22,5.0,SYN-DEMO-006-721,anon-01,Демо-склад
Systeme Electric,DEMO-006,2025-12-23,3.0,SYN-DEMO-006-722,anon-02,Демо-склад
Systeme Electric,DEMO-006,2025-12-24,6.0,SYN-DEMO-006-723,anon-03,Демо-склад
Systeme Electric,DEMO-006,2025-12-25,4.0,SYN-DEMO-006-724,anon-04,Демо-склад
Systeme Electric,DEMO-006,2025-12-26,2.0,SYN-DEMO-006-725,anon-05,Демо-склад
Systeme Electric,DEMO-006,2025-12-27,5.0,SYN-DEMO-006-726,anon-06,Демо-склад
Systeme Electric,DEMO-006,2025-12-28,3.0,SYN-DEMO-006-727,anon-07,Демо-склад
Systeme Electric,DEMO-006,2025-12-29,7.0,SYN-DEMO-006-728,anon-08,Демо-склад
Systeme Electric,DEMO-006,2025-12-30,1.0,SYN-DEMO-006-729,anon-09,Демо-склад
Systeme Electric,DEMO-006,2025-12-31,5.0,SYN-DEMO-006-730,anon-10,Демо-склад
Systeme Electric,DEMO-006,2026-01-01,3.0,SYN-DEMO-006-731,anon-11,Демо-склад
Systeme Electric,DEMO-006,2026-01-02,5.0,SYN-DEMO-006-732,anon-12,Демо-склад
Systeme Electric,DEMO-006,2026-01-03,6.0,SYN-DEMO-006-733,anon-13,Демо-склад
Systeme Electric,DEMO-006,2026-01-04,4.0,SYN-DEMO-006-734,anon-14,Демо-склад
Systeme Electric,DEMO-006,2026-01-05,6.0,SYN-DEMO-006-735,anon-15,Демо-склад
Systeme Electric,DEMO-006,2026-01-06,4.0,SYN-DEMO-006-736,anon-16,Демо-склад
Systeme Electric,DEMO-006,2026-01-07,0.0,SYN-DEMO-006-737,anon-17,Демо-склад
Systeme Electric,DEMO-006,2026-01-08,2.0,SYN-DEMO-006-738,anon-18,Демо-склад
Systeme Electric,DEMO-006,2026-01-09,2.0,SYN-DEMO-006-739,anon-19,Демо-склад
Systeme Electric,DEMO-006,2026-01-10,4.0,SYN-DEMO-006-740,anon-00,Демо-склад
Systeme Electric,DEMO-006,2026-01-11,5.0,SYN-DEMO-006-741,anon-01,Демо-склад
Systeme Electric,DEMO-006,2026-01-12,3.0,SYN-DEMO-006-742,anon-02,Демо-склад
Systeme Electric,DEMO-006,2026-01-13,12.0,SYN-DEMO-006-743,anon-03,Демо-склад
Systeme Electric,DEMO-006,2026-01-14,5.0,SYN-DEMO-006-744,anon-04,Демо-склад
Systeme Electric,DEMO-006,2026-01-15,3.0,SYN-DEMO-006-745,anon-05,Демо-склад
Systeme Electric,DEMO-006,2026-01-16,4.0,SYN-DEMO-006-746,anon-06,Демо-склад
Systeme Electric,DEMO-006,2026-01-17,6.0,SYN-DEMO-006-747,anon-07,Демо-склад
Systeme Electric,DEMO-006,2026-01-18,5.0,SYN-DEMO-006-748,anon-08,Демо-склад
Systeme Electric,DEMO-006,2026-01-19,6.0,SYN-DEMO-006-749,anon-09,Демо-склад
Systeme Electric,DEMO-006,2026-01-20,4.0,SYN-DEMO-006-750,anon-10,Демо-склад
Systeme Electric,DEMO-006,2026-01-21,5.0,SYN-DEMO-006-751,anon-11,Демо-склад
Systeme Electric,DEMO-006,2026-01-22,3.0,SYN-DEMO-006-752,anon-12,Демо-склад
Systeme Electric,DEMO-006,2026-01-23,2.0,SYN-DEMO-006-753,anon-13,Демо-склад
Systeme Electric,DEMO-006,2026-01-24,2.0,SYN-DEMO-006-754,anon-14,Демо-склад
Systeme Electric,DEMO-006,2026-01-25,4.0,SYN-DEMO-006-755,anon-15,Демо-склад
Systeme Electric,DEMO-006,2026-01-26,7.0,SYN-DEMO-006-756,anon-16,Демо-склад
Systeme Electric,DEMO-006,2026-01-27,3.0,SYN-DEMO-006-757,anon-17,Демо-склад
Systeme Electric,DEMO-006,2026-01-28,2.0,SYN-DEMO-006-758,anon-18,Демо-склад
Systeme Electric,DEMO-006,2026-01-29,4.0,SYN-DEMO-006-759,anon-19,Демо-склад
Systeme Electric,DEMO-006,2026-01-30,0.0,SYN-DEMO-006-760,anon-00,Демо-склад
Systeme Electric,DEMO-006,2026-01-31,6.0,SYN-DEMO-006-761,anon-01,Демо-склад
Systeme Electric,DEMO-006,2026-02-01,6.0,SYN-DEMO-006-762,anon-02,Демо-склад
Systeme Electric,DEMO-006,2026-02-02,7.0,SYN-DEMO-006-763,anon-03,Демо-склад
Systeme Electric,DEMO-006,2026-02-03,3.0,SYN-DEMO-006-764,anon-04,Демо-склад
Systeme Electric,DEMO-006,2026-02-04,1.0,SYN-DEMO-006-765,anon-05,Демо-склад
Systeme Electric,DEMO-006,2026-02-05,4.0,SYN-DEMO-006-766,anon-06,Демо-склад
Systeme Electric,DEMO-006,2026-02-06,2.0,SYN-DEMO-006-767,anon-07,Демо-склад
Systeme Electric,DEMO-006,2026-02-07,5.0,SYN-DEMO-006-768,anon-08,Демо-склад
Systeme Electric,DEMO-006,2026-02-08,2.0,SYN-DEMO-006-769,anon-09,Демо-склад
Systeme Electric,DEMO-006,2026-02-09,5.0,SYN-DEMO-006-770,anon-10,Демо-склад
Systeme Electric,DEMO-006,2026-02-10,3.0,SYN-DEMO-006-771,anon-11,Демо-склад
Systeme Electric,DEMO-006,2026-02-11,0.0,SYN-DEMO-006-772,anon-12,Демо-склад
Systeme Electric,DEMO-006,2026-02-12,4.0,SYN-DEMO-006-773,anon-13,Демо-склад
Systeme Electric,DEMO-006,2026-02-13,4.0,SYN-DEMO-006-774,anon-14,Демо-склад
Systeme Electric,DEMO-006,2026-02-14,3.0,SYN-DEMO-006-775,anon-15,Демо-склад
Systeme Electric,DEMO-006,2026-02-15,9.0,SYN-DEMO-006-776,anon-16,Демо-склад
Systeme Electric,DEMO-006,2026-02-16,8.0,SYN-DEMO-006-777,anon-17,Демо-склад
Systeme Electric,DEMO-006,2026-02-17,2.0,SYN-DEMO-006-778,anon-18,Демо-склад
Systeme Electric,DEMO-006,2026-02-18,2.0,SYN-DEMO-006-779,anon-19,Демо-склад
Systeme Electric,DEMO-006,2026-02-19,6.0,SYN-DEMO-006-780,anon-00,Демо-склад
Systeme Electric,DEMO-006,2026-02-20,4.0,SYN-DEMO-006-781,anon-01,Демо-склад
Systeme Electric,DEMO-006,2026-02-21,3.0,SYN-DEMO-006-782,anon-02,Демо-склад
Systeme Electric,DEMO-006,2026-02-22,2.0,SYN-DEMO-006-783,anon-03,Демо-склад
Systeme Electric,DEMO-006,2026-02-23,8.0,SYN-DEMO-006-784,anon-04,Демо-склад
Systeme Electric,DEMO-006,2026-02-24,7.0,SYN-DEMO-006-785,anon-05,Демо-склад
Systeme Electric,DEMO-006,2026-02-25,13.0,SYN-DEMO-006-786,anon-06,Демо-склад
Systeme Electric,DEMO-006,2026-02-26,7.0,SYN-DEMO-006-787,anon-07,Демо-склад
Systeme Electric,DEMO-006,2026-02-27,6.0,SYN-DEMO-006-788,anon-08,Демо-склад
Systeme Electric,DEMO-006,2026-02-28,2.0,SYN-DEMO-006-789,anon-09,Демо-склад
Systeme Electric,DEMO-006,2026-03-01,6.0,SYN-DEMO-006-790,anon-10,Демо-склад
Systeme Electric,DEMO-006,2026-03-02,7.0,SYN-DEMO-006-791,anon-11,Демо-склад
Systeme Electric,DEMO-006,2026-03-03,1.0,SYN-DEMO-006-792,anon-12,Демо-склад
Systeme Electric,DEMO-006,2026-03-04,2.0,SYN-DEMO-006-793,anon-13,Демо-склад
Systeme Electric,DEMO-006,2026-03-05,3.0,SYN-DEMO-006-794,anon-14,Демо-склад
Systeme Electric,DEMO-006,2026-03-06,7.0,SYN-DEMO-006-795,anon-15,Демо-склад
Systeme Electric,DEMO-006,2026-03-07,1.0,SYN-DEMO-006-796,anon-16,Демо-склад
Systeme Electric,DEMO-006,2026-03-08,5.0,SYN-DEMO-006-797,anon-17,Демо-склад
Systeme Electric,DEMO-006,2026-03-09,7.0,SYN-DEMO-006-798,anon-18,Демо-склад
Systeme Electric,DEMO-006,2026-03-10,3.0,SYN-DEMO-006-799,anon-19,Демо-склад
Systeme Electric,DEMO-006,2026-03-11,7.0,SYN-DEMO-006-800,anon-00,Демо-склад
Systeme Electric,DEMO-006,2026-03-12,4.0,SYN-DEMO-006-801,anon-01,Демо-склад
Systeme Electric,DEMO-006,2026-03-13,3.0,SYN-DEMO-006-802,anon-02,Демо-склад
Systeme Electric,DEMO-006,2026-03-14,2.0,SYN-DEMO-006-803,anon-03,Демо-склад
Systeme Electric,DEMO-006,2026-03-15,10.0,SYN-DEMO-006-804,anon-04,Демо-склад
Systeme Electric,DEMO-006,2026-03-16,8.0,SYN-DEMO-006-805,anon-05,Демо-склад
Systeme Electric,DEMO-006,2026-03-17,4.0,SYN-DEMO-006-806,anon-06,Демо-склад
Systeme Electric,DEMO-006,2026-03-18,6.0,SYN-DEMO-006-807,anon-07,Демо-склад
Systeme Electric,DEMO-006,2026-03-19,4.0,SYN-DEMO-006-808,anon-08,Демо-склад
Systeme Electric,DEMO-006,2026-03-20,5.0,SYN-DEMO-006-809,anon-09,Демо-склад
Systeme Electric,DEMO-006,2026-03-21,7.0,SYN-DEMO-006-810,anon-10,Демо-склад
Systeme Electric,DEMO-006,2026-03-22,4.0,SYN-DEMO-006-811,anon-11,Демо-склад
Systeme Electric,DEMO-006,2026-03-23,5.0,SYN-DEMO-006-812,anon-12,Демо-склад
Systeme Electric,DEMO-006,2026-03-24,7.0,SYN-DEMO-006-813,anon-13,Демо-склад
Systeme Electric,DEMO-006,2026-03-25,3.0,SYN-DEMO-006-814,anon-14,Демо-склад
Systeme Electric,DEMO-006,2026-03-26,4.0,SYN-DEMO-006-815,anon-15,Демо-склад
Systeme Electric,DEMO-006,2026-03-27,1.0,SYN-DEMO-006-816,anon-16,Демо-склад
Systeme Electric,DEMO-006,2026-03-28,8.0,SYN-DEMO-006-817,anon-17,Демо-склад
Systeme Electric,DEMO-006,2026-03-29,1.0,SYN-DEMO-006-818,anon-18,Демо-склад
Systeme Electric,DEMO-006,2026-03-30,3.0,SYN-DEMO-006-819,anon-19,Демо-склад
Systeme Electric,DEMO-006,2026-03-31,6.0,SYN-DEMO-006-820,anon-00,Демо-склад
Systeme Electric,DEMO-006,2026-04-01,7.0,SYN-DEMO-006-821,anon-01,Демо-склад
Systeme Electric,DEMO-006,2026-04-02,1.0,SYN-DEMO-006-822,anon-02,Демо-склад
Systeme Electric,DEMO-006,2026-04-03,4.0,SYN-DEMO-006-823,anon-03,Демо-склад
Systeme Electric,DEMO-006,2026-04-04,3.0,SYN-DEMO-006-824,anon-04,Демо-склад
Systeme Electric,DEMO-006,2026-04-05,5.0,SYN-DEMO-006-825,anon-05,Демо-склад
Systeme Electric,DEMO-006,2026-04-06,5.0,SYN-DEMO-006-826,anon-06,Демо-склад
Systeme Electric,DEMO-006,2026-04-07,3.0,SYN-DEMO-006-827,anon-07,Демо-склад
Systeme Electric,DEMO-006,2026-04-08,4.0,SYN-DEMO-006-828,anon-08,Демо-склад
Systeme Electric,DEMO-006,2026-04-09,6.0,SYN-DEMO-006-829,anon-09,Демо-склад
Systeme Electric,DEMO-006,2026-04-10,6.0,SYN-DEMO-006-830,anon-10,Демо-склад
Systeme Electric,DEMO-006,2026-04-11,4.0,SYN-DEMO-006-831,anon-11,Демо-склад
Systeme Electric,DEMO-006,2026-04-12,7.0,SYN-DEMO-006-832,anon-12,Демо-склад
Systeme Electric,DEMO-006,2026-04-13,3.0,SYN-DEMO-006-833,anon-13,Демо-склад
Systeme Electric,DEMO-006,2026-04-14,3.0,SYN-DEMO-006-834,anon-14,Демо-склад
Systeme Electric,DEMO-006,2026-04-15,5.0,SYN-DEMO-006-835,anon-15,Демо-склад
Systeme Electric,DEMO-006,2026-04-16,6.0,SYN-DEMO-006-836,anon-16,Демо-склад
Systeme Electric,DEMO-006,2026-04-17,5.0,SYN-DEMO-006-837,anon-17,Демо-склад
Systeme Electric,DEMO-006,2026-04-18,6.0,SYN-DEMO-006-838,anon-18,Демо-склад
Systeme Electric,DEMO-006,2026-04-19,3.0,SYN-DEMO-006-839,anon-19,Демо-склад
Systeme Electric,DEMO-006,2026-04-20,5.0,SYN-DEMO-006-840,anon-00,Демо-склад
Systeme Electric,DEMO-006,2026-04-21,7.0,SYN-DEMO-006-841,anon-01,Демо-склад
Systeme Electric,DEMO-006,2026-04-22,2.0,SYN-DEMO-006-842,anon-02,Демо-склад
Systeme Electric,DEMO-006,2026-04-23,4.0,SYN-DEMO-006-843,anon-03,Демо-склад
Systeme Electric,DEMO-006,2026-04-24,3.0,SYN-DEMO-006-844,anon-04,Демо-склад
Systeme Electric,DEMO-006,2026-04-25,5.0,SYN-DEMO-006-845,anon-05,Демо-склад
Systeme Electric,DEMO-006,2026-04-26,6.0,SYN-DEMO-006-846,anon-06,Демо-склад
Systeme Electric,DEMO-006,2026-04-27,2.0,SYN-DEMO-006-847,anon-07,Демо-склад
Systeme Electric,DEMO-006,2026-04-28,5.0,SYN-DEMO-006-848,anon-08,Демо-склад
Systeme Electric,DEMO-006,2026-04-29,5.0,SYN-DEMO-006-849,anon-09,Демо-склад
Systeme Electric,DEMO-006,2026-04-30,4.0,SYN-DEMO-006-850,anon-10,Демо-склад
Systeme Electric,DEMO-006,2026-05-01,7.0,SYN-DEMO-006-851,anon-11,Демо-склад
Systeme Electric,DEMO-006,2026-05-02,4.0,SYN-DEMO-006-852,anon-12,Демо-склад
Systeme Electric,DEMO-006,2026-05-03,3.0,SYN-DEMO-006-853,anon-13,Демо-склад
Systeme Electric,DEMO-006,2026-05-04,2.0,SYN-DEMO-006-854,anon-14,Демо-склад
Systeme Electric,DEMO-006,2026-05-05,5.0,SYN-DEMO-006-855,anon-15,Демо-склад
Systeme Electric,DEMO-006,2026-05-06,1.0,SYN-DEMO-006-856,anon-16,Демо-склад
Systeme Electric,DEMO-006,2026-05-07,4.0,SYN-DEMO-006-857,anon-17,Демо-склад
Systeme Electric,DEMO-006,2026-05-08,4.0,SYN-DEMO-006-858,anon-18,Демо-склад
Systeme Electric,DEMO-006,2026-05-09,4.0,SYN-DEMO-006-859,anon-19,Демо-склад
Systeme Electric,DEMO-006,2026-05-10,2.0,SYN-DEMO-006-860,anon-00,Демо-склад
Systeme Electric,DEMO-006,2026-05-11,6.0,SYN-DEMO-006-861,anon-01,Демо-склад
Systeme Electric,DEMO-006,2026-05-12,2.0,SYN-DEMO-006-862,anon-02,Демо-склад
Systeme Electric,DEMO-006,2026-05-13,2.0,SYN-DEMO-006-863,anon-03,Демо-склад
Systeme Electric,DEMO-006,2026-05-14,5.0,SYN-DEMO-006-864,anon-04,Демо-склад
Systeme Electric,DEMO-006,2026-05-15,4.0,SYN-DEMO-006-865,anon-05,Демо-склад
Systeme Electric,DEMO-006,2026-05-16,2.0,SYN-DEMO-006-866,anon-06,Демо-склад
Systeme Electric,DEMO-006,2026-05-17,1.0,SYN-DEMO-006-867,anon-07,Демо-склад
Systeme Electric,DEMO-006,2026-05-18,3.0,SYN-DEMO-006-868,anon-08,Демо-склад
Systeme Electric,DEMO-006,2026-05-19,5.0,SYN-DEMO-006-869,anon-09,Демо-склад
Systeme Electric,DEMO-006,2026-05-20,4.0,SYN-DEMO-006-870,anon-10,Демо-склад
Systeme Electric,DEMO-006,2026-05-21,2.0,SYN-DEMO-006-871,anon-11,Демо-склад
Systeme Electric,DEMO-006,2026-05-22,2.0,SYN-DEMO-006-872,anon-12,Демо-склад
Systeme Electric,DEMO-006,2026-05-23,6.0,SYN-DEMO-006-873,anon-13,Демо-склад
Systeme Electric,DEMO-006,2026-05-24,7.0,SYN-DEMO-006-874,anon-14,Демо-склад
Systeme Electric,DEMO-006,2026-05-25,6.0,SYN-DEMO-006-875,anon-15,Демо-склад
Systeme Electric,DEMO-006,2026-05-26,1.0,SYN-DEMO-006-876,anon-16,Демо-склад
Systeme Electric,DEMO-006,2026-05-27,3.0,SYN-DEMO-006-877,anon-17,Демо-склад
Systeme Electric,DEMO-006,2026-05-28,6.0,SYN-DEMO-006-878,anon-18,Демо-склад
Systeme Electric,DEMO-006,2026-05-29,1.0,SYN-DEMO-006-879,anon-19,Демо-склад
Systeme Electric,DEMO-006,2026-05-30,4.0,SYN-DEMO-006-880,anon-00,Демо-склад
Systeme Electric,DEMO-006,2026-05-31,4.0,SYN-DEMO-006-881,anon-01,Демо-склад
Systeme Electric,DEMO-006,2026-06-01,1.0,SYN-DEMO-006-882,anon-02,Демо-склад
Systeme Electric,DEMO-006,2026-06-02,8.0,SYN-DEMO-006-883,anon-03,Демо-склад
Systeme Electric,DEMO-006,2026-06-03,3.0,SYN-DEMO-006-884,anon-04,Демо-склад
Systeme Electric,DEMO-006,2026-06-04,6.0,SYN-DEMO-006-885,anon-05,Демо-склад
Systeme Electric,DEMO-006,2026-06-05,2.0,SYN-DEMO-006-886,anon-06,Демо-склад
Systeme Electric,DEMO-006,2026-06-06,6.0,SYN-DEMO-006-887,anon-07,Демо-склад
Systeme Electric,DEMO-006,2026-06-07,5.0,SYN-DEMO-006-888,anon-08,Демо-склад
Systeme Electric,DEMO-006,2026-06-08,3.0,SYN-DEMO-006-889,anon-09,Демо-склад
Systeme Electric,DEMO-006,2026-06-09,6.0,SYN-DEMO-006-890,anon-10,Демо-склад
Systeme Electric,DEMO-006,2026-06-10,2.0,SYN-DEMO-006-891,anon-11,Демо-склад
Systeme Electric,DEMO-006,2026-06-11,7.0,SYN-DEMO-006-892,anon-12,Демо-склад
Systeme Electric,DEMO-006,2026-06-12,4.0,SYN-DEMO-006-893,anon-13,Демо-склад
Systeme Electric,DEMO-006,2026-06-13,0.0,SYN-DEMO-006-894,anon-14,Демо-склад
Systeme Electric,DEMO-006,2026-06-14,8.0,SYN-DEMO-006-895,anon-15,Демо-склад
Systeme Electric,DEMO-006,2026-06-15,2.0,SYN-DEMO-006-896,anon-16,Демо-склад
Systeme Electric,DEMO-006,2026-06-16,2.0,SYN-DEMO-006-897,anon-17,Демо-склад
Systeme Electric,DEMO-006,2026-06-17,2.0,SYN-DEMO-006-898,anon-18,Демо-склад
Systeme Electric,DEMO-006,2026-06-18,7.0,SYN-DEMO-006-899,anon-19,Демо-склад
Systeme Electric,DEMO-006,2026-06-19,6.0,SYN-DEMO-006-900,anon-00,Демо-склад
Systeme Electric,DEMO-006,2026-06-20,3.0,SYN-DEMO-006-901,anon-01,Демо-склад
Systeme Electric,DEMO-006,2026-06-21,5.0,SYN-DEMO-006-902,anon-02,Демо-склад
Systeme Electric,DEMO-006,2026-06-22,8.0,SYN-DEMO-006-903,anon-03,Демо-склад
Systeme Electric,DEMO-006,2026-06-23,10.0,SYN-DEMO-006-904,anon-04,Демо-склад
Systeme Electric,DEMO-006,2026-06-24,5.0,SYN-DEMO-006-905,anon-05,Демо-склад
Systeme Electric,DEMO-006,2026-06-25,4.0,SYN-DEMO-006-906,anon-06,Демо-склад
Systeme Electric,DEMO-006,2026-06-26,6.0,SYN-DEMO-006-907,anon-07,Демо-склад
Systeme Electric,DEMO-006,2026-06-27,5.0,SYN-DEMO-006-908,anon-08,Демо-склад
Systeme Electric,DEMO-006,2026-06-28,1.0,SYN-DEMO-006-909,anon-09,Демо-склад
Systeme Electric,DEMO-006,2026-06-29,10.0,SYN-DEMO-006-910,anon-10,Демо-склад
Systeme Electric,DEMO-006,2026-06-30,6.0,SYN-DEMO-006-911,anon-11,Демо-склад
Systeme Electric,DEMO-006,2026-07-01,5.0,SYN-DEMO-006-912,anon-12,Демо-склад
Systeme Electric,DEMO-006,2026-07-02,2.0,SYN-DEMO-006-913,anon-13,Демо-склад
Systeme Electric,DEMO-006,2026-07-03,3.0,SYN-DEMO-006-914,anon-14,Демо-склад
Systeme Electric,DEMO-006,2026-07-04,7.0,SYN-DEMO-006-915,anon-15,Демо-склад
Systeme Electric,DEMO-006,2026-07-05,4.0,SYN-DEMO-006-916,anon-16,Демо-склад
Systeme Electric,DEMO-006,2026-07-06,5.0,SYN-DEMO-006-917,anon-17,Демо-склад
Systeme Electric,DEMO-006,2026-07-07,7.0,SYN-DEMO-006-918,anon-18,Демо-склад
Systeme Electric,DEMO-006,2026-07-08,6.0,SYN-DEMO-006-919,anon-19,Демо-склад
Systeme Electric,DEMO-006,2026-07-09,4.0,SYN-DEMO-006-920,anon-00,Демо-склад
Systeme Electric,DEMO-006,2026-07-10,5.0,SYN-DEMO-006-921,anon-01,Демо-склад
Systeme Electric,DEMO-006,2026-07-11,3.0,SYN-DEMO-006-922,anon-02,Демо-склад
Systeme Electric,DEMO-006,2026-07-12,3.0,SYN-DEMO-006-923,anon-03,Демо-склад
Systeme Electric,DEMO-006,2026-07-13,8.0,SYN-DEMO-006-924,anon-04,Демо-склад
Systeme Electric,DEMO-006,2026-07-14,6.0,SYN-DEMO-006-925,anon-05,Демо-склад
Systeme Electric,DEMO-006,2026-07-15,3.0,SYN-DEMO-006-926,anon-06,Демо-склад
Systeme Electric,DEMO-006,2026-07-16,2.0,SYN-DEMO-006-927,anon-07,Демо-склад
Systeme Electric,DEMO-006,2026-07-17,4.0,SYN-DEMO-006-928,anon-08,Демо-склад
Systeme Electric,DEMO-006,2026-07-18,3.0,SYN-DEMO-006-929,anon-09,Демо-склад
Systeme Electric,DEMO-006,2026-07-19,1.0,SYN-DEMO-006-930,anon-10,Демо-склад
Systeme Electric,DEMO-006,2026-07-20,1.0,SYN-DEMO-006-931,anon-11,Демо-склад
Systeme Electric,DEMO-006,2026-07-21,2.0,SYN-DEMO-006-932,anon-12,Демо-склад
Systeme Electric,DEMO-006,2026-07-22,7.0,SYN-DEMO-006-933,anon-13,Демо-склад
Systeme Electric,DEMO-006,2026-07-23,4.0,SYN-DEMO-006-934,anon-14,Демо-склад
Systeme Electric,DEMO-006,2026-07-24,5.0,SYN-DEMO-006-935,anon-15,Демо-склад
Systeme Electric,DEMO-006,2026-07-25,5.0,SYN-DEMO-006-936,anon-16,Демо-склад
Systeme Electric,DEMO-006,2026-07-26,4.0,SYN-DEMO-006-937,anon-17,Демо-склад
Systeme Electric,DEMO-006,2026-07-27,7.0,SYN-DEMO-006-938,anon-18,Демо-склад
Systeme Electric,DEMO-006,2026-07-28,1.0,SYN-DEMO-006-939,anon-19,Демо-склад
Systeme Electric,DEMO-006,2026-07-29,4.0,SYN-DEMO-006-940,anon-00,Демо-склад
Systeme Electric,DEMO-006,2026-07-30,2.0,SYN-DEMO-006-941,anon-01,Демо-склад
Systeme Electric,DEMO-006,2026-07-31,1.0,SYN-DEMO-006-942,anon-02,Демо-склад
Systeme Electric,DEMO-006,2026-08-01,5.0,SYN-DEMO-006-943,anon-03,Демо-склад
Systeme Electric,DEMO-006,2026-08-02,1.0,SYN-DEMO-006-944,anon-04,Демо-склад
Systeme Electric,DEMO-006,2026-08-03,3.0,SYN-DEMO-006-945,anon-05,Демо-склад
Systeme Electric,DEMO-006,2026-08-04,3.0,SYN-DEMO-006-946,anon-06,Демо-склад
Systeme Electric,DEMO-006,2026-08-05,3.0,SYN-DEMO-006-947,anon-07,Демо-склад
Systeme Electric,DEMO-006,2026-08-06,6.0,SYN-DEMO-006-948,anon-08,Демо-склад
Systeme Electric,DEMO-006,2026-08-07,6.0,SYN-DEMO-006-949,anon-09,Демо-склад
Systeme Electric,DEMO-006,2026-08-08,2.0,SYN-DEMO-006-950,anon-10,Демо-склад
Systeme Electric,DEMO-006,2026-08-09,3.0,SYN-DEMO-006-951,anon-11,Демо-склад
Systeme Electric,DEMO-006,2026-08-10,3.0,SYN-DEMO-006-952,anon-12,Демо-склад
Systeme Electric,DEMO-006,2026-08-11,2.0,SYN-DEMO-006-953,anon-13,Демо-склад
Systeme Electric,DEMO-006,2026-08-12,4.0,SYN-DEMO-006-954,anon-14,Демо-склад
Systeme Electric,DEMO-006,2026-08-13,5.0,SYN-DEMO-006-955,anon-15,Демо-склад
Systeme Electric,DEMO-006,2026-08-14,3.0,SYN-DEMO-006-956,anon-16,Демо-склад
Systeme Electric,DEMO-006,2026-08-15,3.0,SYN-DEMO-006-957,anon-17,Демо-склад
Systeme Electric,DEMO-006,2026-08-16,6.0,SYN-DEMO-006-958,anon-18,Демо-склад
Systeme Electric,DEMO-006,2026-08-17,2.0,SYN-DEMO-006-959,anon-19,Демо-склад
Systeme Electric,DEMO-006,2026-08-18,1.0,SYN-DEMO-006-960,anon-00,Демо-склад
Systeme Electric,DEMO-006,2026-08-19,1.0,SYN-DEMO-006-961,anon-01,Демо-склад
Systeme Electric,DEMO-006,2026-08-20,7.0,SYN-DEMO-006-962,anon-02,Демо-склад
Systeme Electric,DEMO-006,2026-08-21,7.0,SYN-DEMO-006-963,anon-03,Демо-склад
Systeme Electric,DEMO-006,2026-08-22,7.0,SYN-DEMO-006-964,anon-04,Демо-склад
Systeme Electric,DEMO-006,2026-08-23,3.0,SYN-DEMO-006-965,anon-05,Демо-склад
Systeme Electric,DEMO-006,2026-08-24,11.0,SYN-DEMO-006-966,anon-06,Демо-склад
Systeme Electric,DEMO-006,2026-08-25,5.0,SYN-DEMO-006-967,anon-07,Демо-склад
Systeme Electric,DEMO-006,2026-08-26,3.0,SYN-DEMO-006-968,anon-08,Демо-склад
Systeme Electric,DEMO-006,2026-08-27,9.0,SYN-DEMO-006-969,anon-09,Демо-склад
Systeme Electric,DEMO-006,2026-08-28,5.0,SYN-DEMO-006-970,anon-10,Демо-склад
Systeme Electric,DEMO-006,2026-08-29,7.0,SYN-DEMO-006-971,anon-11,Демо-склад
Systeme Electric,DEMO-006,2026-08-30,6.0,SYN-DEMO-006-972,anon-12,Демо-склад
Systeme Electric,DEMO-006,2026-08-31,4.0,SYN-DEMO-006-973,anon-13,Демо-склад
Systeme Electric,DEMO-006,2026-09-01,3.0,SYN-DEMO-006-974,anon-14,Демо-склад
Systeme Electric,DEMO-006,2026-09-02,5.0,SYN-DEMO-006-975,anon-15,Демо-склад
Systeme Electric,DEMO-006,2026-09-03,4.0,SYN-DEMO-006-976,anon-16,Демо-склад
Systeme Electric,DEMO-006,2026-09-04,5.0,SYN-DEMO-006-977,anon-17,Демо-склад
Systeme Electric,DEMO-006,2026-09-05,3.0,SYN-DEMO-006-978,anon-18,Демо-склад
Systeme Electric,DEMO-006,2026-09-06,3.0,SYN-DEMO-006-979,anon-19,Демо-склад
Systeme Electric,DEMO-006,2026-09-07,5.0,SYN-DEMO-006-980,anon-00,Демо-склад
Systeme Electric,DEMO-006,2026-09-08,5.0,SYN-DEMO-006-981,anon-01,Демо-склад
Systeme Electric,DEMO-006,2026-09-09,3.0,SYN-DEMO-006-982,anon-02,Демо-склад
Systeme Electric,DEMO-006,2026-09-10,4.0,SYN-DEMO-006-983,anon-03,Демо-склад
Systeme Electric,DEMO-006,2026-09-11,4.0,SYN-DEMO-006-984,anon-04,Демо-склад
Systeme Electric,DEMO-006,2026-09-12,6.0,SYN-DEMO-006-985,anon-05,Демо-склад
Systeme Electric,DEMO-006,2026-09-13,2.0,SYN-DEMO-006-986,anon-06,Демо-склад
Systeme Electric,DEMO-006,2026-09-14,4.0,SYN-DEMO-006-987,anon-07,Демо-склад
Systeme Electric,DEMO-006,2026-09-15,3.0,SYN-DEMO-006-988,anon-08,Демо-склад
Systeme Electric,DEMO-006,2026-09-16,4.0,SYN-DEMO-006-989,anon-09,Демо-склад
Systeme Electric,DEMO-006,2026-09-17,2.0,SYN-DEMO-006-990,anon-10,Демо-склад
Systeme Electric,DEMO-006,2026-09-18,2.0,SYN-DEMO-006-991,anon-11,Демо-склад
Systeme Electric,DEMO-006,2026-09-19,4.0,SYN-DEMO-006-992,anon-12,Демо-склад
Systeme Electric,DEMO-006,2026-09-20,4.0,SYN-DEMO-006-993,anon-13,Демо-склад
Systeme Electric,DEMO-006,2026-09-21,4.0,SYN-DEMO-006-994,anon-14,Демо-склад
Systeme Electric,DEMO-006,2026-09-22,3.0,SYN-DEMO-006-995,anon-15,Демо-склад
